/******************************************************************************/
/***         Generated by IBExpert 2013.5.24.1 30.07.2013 15:34:37          ***/
/******************************************************************************/

/******************************************************************************/
/***      Following SET SQL DIALECT is just for the Database Comparer       ***/
/******************************************************************************/


/******************************************************************************/
/***                               Generators                               ***/
/******************************************************************************/

CREATE GENERATOR GEN_DCL_ACTIVE_USERS_ID;
SET GENERATOR GEN_DCL_ACTIVE_USERS_ID TO 0;

CREATE GENERATOR GEN_DCL_USER_LOGIN_HISTORY_ID;
SET GENERATOR GEN_DCL_USER_LOGIN_HISTORY_ID TO 0;

CREATE GENERATOR GEN_DEMO_ID;
SET GENERATOR GEN_DEMO_ID TO 105;

CREATE GENERATOR GEN_INI_PROFILES_ID;
SET GENERATOR GEN_INI_PROFILES_ID TO 0;

CREATE GENERATOR GET_NEXT_NUM;
SET GENERATOR GET_NEXT_NUM TO 9318;

CREATE GENERATOR MAIN_GENERATOR_ID;
SET GENERATOR MAIN_GENERATOR_ID TO 166;



SET TERM ^ ; 



/******************************************************************************/
/***                           Stored Procedures                            ***/
/******************************************************************************/

CREATE OR ALTER PROCEDURE ADD_MENU_ITEM_TO_ROLE (
    ROLEID INTEGER,
    MENUITEMID INTEGER)
RETURNS (
    ISAPPEND INTEGER)
AS
BEGIN
  SUSPEND;
END^





CREATE OR ALTER PROCEDURE COPY_ROLE (
    ROLEIDFROM INTEGER,
    ROLEIDTO INTEGER)
AS
BEGIN
  EXIT;
END^





CREATE OR ALTER PROCEDURE DEL_ROLE_AND_MENU (
    ROLEID INTEGER)
AS
BEGIN
  EXIT;
END^





CREATE OR ALTER PROCEDURE DEL_ROLE_MENU (
    ROLEID INTEGER)
AS
BEGIN
  EXIT;
END^





CREATE OR ALTER PROCEDURE FIRST_DAY_OF_MONTH (
    ADATE DATE)
RETURNS (
    RESULT DATE)
AS
BEGIN
  SUSPEND;
END^





CREATE OR ALTER PROCEDURE IS_NUMBER (
    A_VALUE VARCHAR(32) CHARACTER SET WIN1251)
RETURNS (
    RESULT INTEGER)
AS
BEGIN
  SUSPEND;
END^





CREATE OR ALTER PROCEDURE ROLESMENU_IS_CORRECT
RETURNS (
    NUMSEQ INTEGER,
    DCLNAME CHAR(50) CHARACTER SET WIN1251,
    IDENT INTEGER,
    ROLE_ID INTEGER,
    ROLE_NAME VARCHAR(50) CHARACTER SET WIN1251)
AS
BEGIN
  SUSPEND;
END^






SET TERM ; ^



/******************************************************************************/
/***                                 Tables                                 ***/
/******************************************************************************/



CREATE TABLE CLIENTS (
    CLIENTS_ID  INTEGER NOT NULL,
    LAST_NAME   VARCHAR(20) CHARACTER SET WIN1251,
    FIRST_NAME  VARCHAR(20) CHARACTER SET WIN1251,
    ACCT_NBR    INTEGER,
    ADDRESS_1   VARCHAR(20) CHARACTER SET WIN1251,
    CITY        VARCHAR(20) CHARACTER SET WIN1251,
    STATE       VARCHAR(2) CHARACTER SET WIN1251,
    ZIP         VARCHAR(5) CHARACTER SET WIN1251,
    TELEPHONE   VARCHAR(12) CHARACTER SET WIN1251,
    DATE_OPEN   TIMESTAMP,
    SS_NUMBER   INTEGER,
    PICTURE     VARCHAR(15) CHARACTER SET WIN1251,
    BIRTH_DATE  TIMESTAMP,
    RISK_LEVEL  VARCHAR(8) CHARACTER SET WIN1251,
    OCCUPATION  VARCHAR(20) CHARACTER SET WIN1251,
    OBJECTIVES  VARCHAR(10) CHARACTER SET WIN1251,
    INTERESTS   VARCHAR(120) CHARACTER SET WIN1251
);

CREATE TABLE CUST_ORDERS (
    CUSTNO           INTEGER,
    COMPANY          VARCHAR(30) CHARACTER SET WIN1251,
    ADDR1            VARCHAR(30) CHARACTER SET WIN1251,
    ADDR2            VARCHAR(30) CHARACTER SET WIN1251,
    CITY             VARCHAR(15) CHARACTER SET WIN1251,
    STATE            VARCHAR(20) CHARACTER SET WIN1251,
    ZIP              VARCHAR(10) CHARACTER SET WIN1251,
    COUNTRY          VARCHAR(20) CHARACTER SET WIN1251,
    PHONE            VARCHAR(15) CHARACTER SET WIN1251,
    FAX              VARCHAR(15) CHARACTER SET WIN1251,
    TAXRATE          DOUBLE PRECISION,
    CONTACT          VARCHAR(20) CHARACTER SET WIN1251,
    LASTINVOICEDATE  TIMESTAMP,
    ORDER_NO         INTEGER
);

CREATE TABLE CUSTOMER (
    CUSTNO           INTEGER NOT NULL,
    COMPANY          VARCHAR(30) CHARACTER SET WIN1251,
    ADDR1            VARCHAR(30) CHARACTER SET WIN1251,
    ADDR2            VARCHAR(30) CHARACTER SET WIN1251,
    CITY             VARCHAR(15) CHARACTER SET WIN1251,
    STATE            VARCHAR(20) CHARACTER SET WIN1251,
    ZIP              VARCHAR(10) CHARACTER SET WIN1251,
    COUNTRY          VARCHAR(20) CHARACTER SET WIN1251,
    PHONE            VARCHAR(15) CHARACTER SET WIN1251,
    FAX              VARCHAR(15) CHARACTER SET WIN1251,
    TAXRATE          DOUBLE PRECISION,
    CONTACT          VARCHAR(20) CHARACTER SET WIN1251,
    LASTINVOICEDATE  TIMESTAMP
);

CREATE TABLE DCL_ACTIVE_USERS (
    AU_ID                   INTEGER NOT NULL,
    ACTIVE_USER_ID          INTEGER,
    ACTIVE_USER_HOST        VARCHAR(50) CHARACTER SET WIN1251,
    ACTIVE_USER_IP          VARCHAR(15) CHARACTER SET WIN1251,
    ACTIVE_USER_DCL_VER     VARCHAR(12) CHARACTER SET WIN1251,
    ACTIVE_USER_LOGIN_TIME  DATE
);

CREATE TABLE DCL_GLOBAL_PARAMS (
    PARAM_ID        INTEGER NOT NULL,
    PARAM_CAPT      VARCHAR(80) CHARACTER SET WIN1251,
    PARAM_NAME      VARCHAR(80) CHARACTER SET WIN1251 NOT NULL,
    PARAM_VALUE     VARCHAR(255) CHARACTER SET WIN1251,
    PARAM_USERID    INTEGER,
    PROGRAMM_PARAM  SMALLINT
);

CREATE TABLE DCL_INI_PROFILES (
    INI_ID           INTEGER NOT NULL,
    INI_USER_ID      INTEGER,
    INI_DIALOG_NAME  VARCHAR(50) CHARACTER SET WIN1251,
    INI_PARAM_VALUE  VARCHAR(1100) CHARACTER SET WIN1251
);

CREATE TABLE DCL_NOTIFYCATIONS (
    NOTIFY_ID      INTEGER NOT NULL,
    NOTIFY_TIME    DATE,
    NOTIFY_ACTION  INTEGER,
    NOTIFY_STATE   INTEGER DEFAULT 0,
    USER_ID        INTEGER,
    NOTIFY_TEXT    VARCHAR(255) CHARACTER SET WIN1251,
    ADD_DATE       DATE
);

CREATE TABLE DCL_ROLES (
    ROLESID           INTEGER NOT NULL,
    ROLENAME          VARCHAR(20) CHARACTER SET WIN1251,
    LONGROLENAME      VARCHAR(30) CHARACTER SET WIN1251,
    SHOWINLIST        SMALLINT,
    ROLE_ACCESSLEVEL  SMALLINT
);

CREATE TABLE DCL_ROLESMENU (
    ROLEID      INTEGER NOT NULL,
    MENUITEMID  INTEGER,
    RM_ID       INTEGER NOT NULL
);

CREATE TABLE DCL_SCRIPTS (
    NUMSEQ   INTEGER NOT NULL,
    DCLNAME  VARCHAR(50) CHARACTER SET WIN1251,
    COMMAND  VARCHAR(25) CHARACTER SET WIN1251,
    DCLTEXT  BLOB SUB_TYPE 1 SEGMENT SIZE 180 CHARACTER SET WIN1251,
    IDENT    INTEGER,
    PARENT   INTEGER
);

CREATE TABLE DCL_TEMPLATES (
    ID          INTEGER NOT NULL,
    TEMPL_NAME  VARCHAR(25) CHARACTER SET WIN1251 NOT NULL,
    TEMPL_DATA  BLOB SUB_TYPE 0 SEGMENT SIZE 80
);

CREATE TABLE DCL_USER_LOGIN_HISTORY (
    UL_ID           INTEGER NOT NULL,
    UL_USER_ID      INTEGER,
    UL_LOGIN_TIME   DATE,
    UL_LOGOFF_TIME  DATE,
    UL_HOST_NAME    VARCHAR(50) CHARACTER SET WIN1251,
    UL_HOST_IP      VARCHAR(15) CHARACTER SET WIN1251,
    UL_DCL_VER      VARCHAR(12) CHARACTER SET WIN1251
);

CREATE TABLE DCL_USERS (
    UID                 INTEGER NOT NULL,
    DCL_USER_NAME       VARCHAR(20),
    DCL_LONG_USER_NAME  VARCHAR(30),
    DCL_USER_PASS       VARCHAR(32),
    DCL_ROLE            INTEGER,
    SHOWINLIST          SMALLINT,
    ACCESSLEVEL         SMALLINT,
    DBUSER_NAME         VARCHAR(300),
    DBPASS              VARCHAR(25)
);

CREATE TABLE EMPLOYEE (
    EMPNO      INTEGER NOT NULL,
    LASTNAME   VARCHAR(20) CHARACTER SET WIN1251,
    FIRSTNAME  VARCHAR(15) CHARACTER SET WIN1251,
    PHONEEXT   VARCHAR(4) CHARACTER SET WIN1251,
    HIREDATE   DATE,
    SALARY     DOUBLE PRECISION
);

CREATE TABLE IMAGES (
    IMG_ID            INTEGER NOT NULL,
    PART_ID           INTEGER,
    PART_IMAGE        BLOB SUB_TYPE 0 SEGMENT SIZE 80,
    PART_DESCRIPTION  BLOB SUB_TYPE 0 SEGMENT SIZE 80
);

CREATE TABLE ORDERS (
    ORDERNO        INTEGER NOT NULL,
    CUSTNO         INTEGER NOT NULL,
    SALEDATE       TIMESTAMP,
    SHIPDATE       TIMESTAMP,
    EMPNO          INTEGER NOT NULL,
    SHIPTOCONTACT  VARCHAR(20) CHARACTER SET WIN1251,
    SHIPTOADDR1    VARCHAR(30) CHARACTER SET WIN1251,
    SHIPTOADDR2    VARCHAR(30) CHARACTER SET WIN1251,
    SHIPTOCITY     VARCHAR(15) CHARACTER SET WIN1251,
    SHIPTOSTATE    VARCHAR(20) CHARACTER SET WIN1251,
    SHIPTOZIP      VARCHAR(10) CHARACTER SET WIN1251,
    SHIPTOCOUNTRY  VARCHAR(20) CHARACTER SET WIN1251,
    SHIPTOPHONE    VARCHAR(15) CHARACTER SET WIN1251,
    SHIPVIA        VARCHAR(7) CHARACTER SET WIN1251,
    PO             VARCHAR(15) CHARACTER SET WIN1251,
    TERMS          VARCHAR(6) CHARACTER SET WIN1251,
    PAYMENTMETHOD  VARCHAR(7) CHARACTER SET WIN1251,
    ITEMSTOTAL     INTEGER,
    TAXRATE        DOUBLE PRECISION,
    FREIGHT        SMALLINT,
    AMOUNTPAID     DOUBLE PRECISION
);

CREATE TABLE ORGANIZATIONS (
    OID       INTEGER NOT NULL,
    ORG_NAME  VARCHAR(101) CHARACTER SET WIN1251,
    ORD       SMALLINT,
    MAINORG   SMALLINT
);

CREATE TABLE PARTS (
    PARTNO       INTEGER NOT NULL,
    VENDORNO     INTEGER,
    DESCRIPTION  VARCHAR(30) CHARACTER SET WIN1251,
    ONHAND       DOUBLE PRECISION,
    ONORDER      DOUBLE PRECISION,
    COST         DOUBLE PRECISION,
    LISTPRICE    DOUBLE PRECISION
);

CREATE TABLE ROLES (
    ROLE_ID         INTEGER NOT NULL,
    ROLE_NAME       VARCHAR(11) CHARACTER SET WIN1251,
    ROLEPASS        VARCHAR(11) CHARACTER SET WIN1251,
    LONG_ROLE_NAME  VARCHAR(20) CHARACTER SET WIN1251
);

CREATE TABLE ROLESMENU (
    RM_ID       INTEGER NOT NULL,
    ROLEID      INTEGER NOT NULL,
    ROLEMENUID  INTEGER
);

CREATE TABLE VENDORS (
    VENDORNO    INTEGER NOT NULL,
    VENDORNAME  VARCHAR(30) CHARACTER SET WIN1251,
    ADDRESS1    VARCHAR(30) CHARACTER SET WIN1251,
    ADDRESS2    VARCHAR(30) CHARACTER SET WIN1251,
    CITY        VARCHAR(20) CHARACTER SET WIN1251,
    STATE       VARCHAR(20) CHARACTER SET WIN1251,
    ZIP         VARCHAR(10) CHARACTER SET WIN1251,
    COUNTRY     VARCHAR(15) CHARACTER SET WIN1251,
    PHONE       VARCHAR(15) CHARACTER SET WIN1251,
    FAX         VARCHAR(15) CHARACTER SET WIN1251,
    PREFERRED   SMALLINT
);



/******************************************************************************/
/***                                 Views                                  ***/
/******************************************************************************/


/* View: ROLESTOMENU */
CREATE OR ALTER VIEW ROLESTOMENU(
    ROLEID,
    ROLENAME,
    LONGROLENAME,
    MENUITEMID,
    DCLNAME)
AS
select R.ROLESID ROLEID, R.ROLENAME, R.LONGROLENAME, RM.MENUITEMID, D.DCLNAME
from DCL_ROLESMENU RM, DCL_ROLES R, DCL_SCRIPTS D
where R.ROLESID = RM.ROLEID and
      RM.MENUITEMID = D.NUMSEQ
;



/* View: V_ATTACHMENTS */
CREATE OR ALTER VIEW V_ATTACHMENTS(
    MON$ATTACHMENT_ID,
    MON$SERVER_PID,
    MON$STATE,
    MON$ATTACHMENT_NAME,
    MON$USER,
    MON$ROLE,
    MON$REMOTE_PROTOCOL,
    MON$REMOTE_ADDRESS,
    MON$REMOTE_PID,
    MON$CHARACTER_SET_ID,
    MON$TIMESTAMP,
    MON$GARBAGE_COLLECTION,
    MON$REMOTE_PROCESS,
    MON$STAT_ID)
AS
select * from MON$ATTACHMENTS a
;


INSERT INTO CLIENTS (CLIENTS_ID, LAST_NAME, FIRST_NAME, ACCT_NBR, ADDRESS_1, CITY, STATE, ZIP, TELEPHONE, DATE_OPEN, SS_NUMBER, PICTURE, BIRTH_DATE, RISK_LEVEL, OCCUPATION, OBJECTIVES, INTERESTS) VALUES (1, 'Davis', 'Jennifer', 1023495, '100 Cranberry St.', 'Wellesley', 'MA', '02181', '516-292-3945', '1993-01-01 00:00:00', 405309771, 'cus1.bmp', '1960-07-15 00:00:00', 'MED', 'Programmer', 'Growth', 'Enjoys horseback riding and paints.');
INSERT INTO CLIENTS (CLIENTS_ID, LAST_NAME, FIRST_NAME, ACCT_NBR, ADDRESS_1, CITY, STATE, ZIP, TELEPHONE, DATE_OPEN, SS_NUMBER, PICTURE, BIRTH_DATE, RISK_LEVEL, OCCUPATION, OBJECTIVES, INTERESTS) VALUES (2, 'Jones', 'Arthur', 2094056, '10 Hunnewell St', 'Los Altos', 'CA', '94024', '415-941-4321', '1981-02-07 00:00:00', 320345889, 'cus2.bmp', '1950-02-10 00:00:00', 'HIGH', 'Doctor', 'Income', 'Has five children. Loves to travel.');
INSERT INTO CLIENTS (CLIENTS_ID, LAST_NAME, FIRST_NAME, ACCT_NBR, ADDRESS_1, CITY, STATE, ZIP, TELEPHONE, DATE_OPEN, SS_NUMBER, PICTURE, BIRTH_DATE, RISK_LEVEL, OCCUPATION, OBJECTIVES, INTERESTS) VALUES (3, 'Parker', 'Debra', 1209395, '74 South St', 'Atherton', 'CA', '98765', '916-213-2234', '1990-10-23 00:00:00', 102348778, 'cus3.bmp', '1957-10-10 00:00:00', 'LOW', 'Restauranteur', 'Growth', 'Has own company.');
INSERT INTO CLIENTS (CLIENTS_ID, LAST_NAME, FIRST_NAME, ACCT_NBR, ADDRESS_1, CITY, STATE, ZIP, TELEPHONE, DATE_OPEN, SS_NUMBER, PICTURE, BIRTH_DATE, RISK_LEVEL, OCCUPATION, OBJECTIVES, INTERESTS) VALUES (4, 'Sawyer', 'Dave', 3094095, '101 Oakland St', 'Los Altos', 'CA', '94022', '415-948-9998', '1989-12-21 00:00:00', 345335576, 'cus4.bmp', '1930-10-10 00:00:00', 'HIGH', 'Retired', 'Retirement', 'Retired. Enjoys travel and bungee jumping.');
INSERT INTO CLIENTS (CLIENTS_ID, LAST_NAME, FIRST_NAME, ACCT_NBR, ADDRESS_1, CITY, STATE, ZIP, TELEPHONE, DATE_OPEN, SS_NUMBER, PICTURE, BIRTH_DATE, RISK_LEVEL, OCCUPATION, OBJECTIVES, INTERESTS) VALUES (5, 'White', 'Cindy', 1024034, '1 Wentworth Dr', 'Los Altos', 'CA', '94022', '415-948-6547', '1992-10-01 00:00:00', 303459550, 'cus5.bmp', '1956-03-13 00:00:00', 'MED', 'Engineer', 'Growth', 'Enjoys fishing, skiing, and skydiving.');

COMMIT WORK;

INSERT INTO CUSTOMER (CUSTNO, COMPANY, ADDR1, ADDR2, CITY, STATE, ZIP, COUNTRY, PHONE, FAX, TAXRATE, CONTACT, LASTINVOICEDATE) VALUES (-1, '<Empty>', NULL, NULL, NULL, NULL, NULL, NULL, NULL, NULL, NULL, NULL, NULL);
INSERT INTO CUSTOMER (CUSTNO, COMPANY, ADDR1, ADDR2, CITY, STATE, ZIP, COUNTRY, PHONE, FAX, TAXRATE, CONTACT, LASTINVOICEDATE) VALUES (1221, 'Kauai Dive Shoppe', '4-976 Sugarloaf Hwy', 'Suite 103', 'Kapaa Kauai', 'HI', '94766-1234', 'US', '808-555-0269', '808-555-0278', 1, 'Erica Norman', '1995-02-02 01:05:03');
INSERT INTO CUSTOMER (CUSTNO, COMPANY, ADDR1, ADDR2, CITY, STATE, ZIP, COUNTRY, PHONE, FAX, TAXRATE, CONTACT, LASTINVOICEDATE) VALUES (1231, 'Unisco', 'PO Box Z-547', NULL, 'Freeport', NULL, NULL, 'Bahamas', '809-555-3915', '809-555-4958', 0, 'George Weathers', '1994-11-17 14:10:33');
INSERT INTO CUSTOMER (CUSTNO, COMPANY, ADDR1, ADDR2, CITY, STATE, ZIP, COUNTRY, PHONE, FAX, TAXRATE, CONTACT, LASTINVOICEDATE) VALUES (1351, 'Sight Diver', '1 Neptune Lane', NULL, 'Kato Paphos', NULL, NULL, 'Cyprus', '357-6-876708', '357-6-870943', 0, 'Phyllis Spooner', '1994-10-18 19:20:30');
INSERT INTO CUSTOMER (CUSTNO, COMPANY, ADDR1, ADDR2, CITY, STATE, ZIP, COUNTRY, PHONE, FAX, TAXRATE, CONTACT, LASTINVOICEDATE) VALUES (1354, 'Cayman Divers World Unlimited', 'PO Box 541', NULL, 'Grand Cayman', NULL, NULL, 'British West Indies', '011-5-697044', '011-5-697064', 0, 'Joe Bailey', '1992-01-30 02:00:56');
INSERT INTO CUSTOMER (CUSTNO, COMPANY, ADDR1, ADDR2, CITY, STATE, ZIP, COUNTRY, PHONE, FAX, TAXRATE, CONTACT, LASTINVOICEDATE) VALUES (1356, 'Tom Sawyer Diving Centre', '632-1 Third Frydenhoj', NULL, 'Christiansted', 'St. Croix', '00820', 'US Virgin Islands', '504-798-3022', '504-798-7772', 0, 'Chris Thomas', '1992-03-20 09:35:40');
INSERT INTO CUSTOMER (CUSTNO, COMPANY, ADDR1, ADDR2, CITY, STATE, ZIP, COUNTRY, PHONE, FAX, TAXRATE, CONTACT, LASTINVOICEDATE) VALUES (1380, 'Blue Jack Aqua Center', '23-738 Paddington Lane', 'Suite 310', 'Waipahu', 'HI', '99776', 'US', '401-609-7623', '401-609-9403', 0, 'Ernest Barratt', '1994-11-08 23:22:08');
INSERT INTO CUSTOMER (CUSTNO, COMPANY, ADDR1, ADDR2, CITY, STATE, ZIP, COUNTRY, PHONE, FAX, TAXRATE, CONTACT, LASTINVOICEDATE) VALUES (1384, 'VIP Divers Club', '32 Main St.', NULL, 'Christiansted', 'St. Croix', '02800', 'US Virgin Islands', '809-453-5976', '809-453-5932', 0, 'Russell Christopher', '1995-02-01 18:45:23');
INSERT INTO CUSTOMER (CUSTNO, COMPANY, ADDR1, ADDR2, CITY, STATE, ZIP, COUNTRY, PHONE, FAX, TAXRATE, CONTACT, LASTINVOICEDATE) VALUES (1510, 'Ocean Paradise', 'PO Box 8745', NULL, 'Kailua-Kona', 'HI', '94756', 'US', '808-555-8231', '808-555-8450', 0, 'Paul Gardner', '1994-11-09 01:22:22');
INSERT INTO CUSTOMER (CUSTNO, COMPANY, ADDR1, ADDR2, CITY, STATE, ZIP, COUNTRY, PHONE, FAX, TAXRATE, CONTACT, LASTINVOICEDATE) VALUES (1513, 'Fantastique Aquatica', 'Z32 999 #12A-77 A.A.', NULL, 'Bogota', NULL, NULL, 'Columbia', '057-1-773434', '057-1-773421', 0, 'Susan Wong', '1994-07-18 17:17:01');
INSERT INTO CUSTOMER (CUSTNO, COMPANY, ADDR1, ADDR2, CITY, STATE, ZIP, COUNTRY, PHONE, FAX, TAXRATE, CONTACT, LASTINVOICEDATE) VALUES (1551, 'Marmot Divers Club', '872 Queen St.', NULL, 'Kitchener', 'Ontario', 'G3N 2E1', 'Canada', '416-698-0399', '426-698-0399', 0, 'Joyce Marsh', '1990-07-07 04:20:58');
INSERT INTO CUSTOMER (CUSTNO, COMPANY, ADDR1, ADDR2, CITY, STATE, ZIP, COUNTRY, PHONE, FAX, TAXRATE, CONTACT, LASTINVOICEDATE) VALUES (1560, 'The Depth Charge', '15243 Underwater Fwy.', NULL, 'Marathon', 'FL', '35003', 'US', '800-555-3798', '800-555-0353', 0, 'Sam Witherspoon', '1994-04-09 08:14:52');
INSERT INTO CUSTOMER (CUSTNO, COMPANY, ADDR1, ADDR2, CITY, STATE, ZIP, COUNTRY, PHONE, FAX, TAXRATE, CONTACT, LASTINVOICEDATE) VALUES (1563, 'Blue Sports', '203 12th Ave. Box 746', NULL, 'Giribaldi', 'OR', '91187', 'US', '610-772-6704', '610-772-6898', 0, 'Theresa Kunec', '1991-05-09 12:05:42');
INSERT INTO CUSTOMER (CUSTNO, COMPANY, ADDR1, ADDR2, CITY, STATE, ZIP, COUNTRY, PHONE, FAX, TAXRATE, CONTACT, LASTINVOICEDATE) VALUES (1624, 'Makai SCUBA Club', 'PO Box 8534', NULL, 'Kailua-Kona', 'HI', '94756', 'US', '317-649-9098', '317-649-6787', 0, 'Donna Siaus', '1995-01-07 13:55:30');
INSERT INTO CUSTOMER (CUSTNO, COMPANY, ADDR1, ADDR2, CITY, STATE, ZIP, COUNTRY, PHONE, FAX, TAXRATE, CONTACT, LASTINVOICEDATE) VALUES (1645, 'Action Club', 'PO Box 5451-F', NULL, 'Sarasota', 'FL', '32274', 'US', '813-870-0239', '813-870-0282', 0, 'Michael Spurling', '1993-10-18 14:18:06');
INSERT INTO CUSTOMER (CUSTNO, COMPANY, ADDR1, ADDR2, CITY, STATE, ZIP, COUNTRY, PHONE, FAX, TAXRATE, CONTACT, LASTINVOICEDATE) VALUES (1651, 'Jamaica SCUBA Centre', 'PO Box 68', NULL, 'Negril', 'Jamaica', NULL, 'West Indies', '011-3-697043', '011-3-697043', 0, 'Barbara Harvey', '1992-08-25 00:19:50');
INSERT INTO CUSTOMER (CUSTNO, COMPANY, ADDR1, ADDR2, CITY, STATE, ZIP, COUNTRY, PHONE, FAX, TAXRATE, CONTACT, LASTINVOICEDATE) VALUES (1680, 'Island Finders', '6133 1/3 Stone Avenue', NULL, 'St Simons Isle', 'GA', '32521', 'US', '713-423-5675', '713-423-5676', 0, 'Desmond Ortega', '1995-01-02 09:33:40');
INSERT INTO CUSTOMER (CUSTNO, COMPANY, ADDR1, ADDR2, CITY, STATE, ZIP, COUNTRY, PHONE, FAX, TAXRATE, CONTACT, LASTINVOICEDATE) VALUES (1984, 'Adventure Undersea', 'PO Box 744', NULL, 'Belize City', NULL, NULL, 'Belize', '011-34-09054', '011-34-09064', 0, 'Gloria Gonzales', '1994-11-06 16:35:42');
INSERT INTO CUSTOMER (CUSTNO, COMPANY, ADDR1, ADDR2, CITY, STATE, ZIP, COUNTRY, PHONE, FAX, TAXRATE, CONTACT, LASTINVOICEDATE) VALUES (2118, 'Blue Sports Club', '63365 Nez Perce Street', NULL, 'Largo', 'FL', '34684', 'US', '612-897-0342', '612-897-0348', 0, 'Harry Bathbone', '1990-06-08 11:21:06');
INSERT INTO CUSTOMER (CUSTNO, COMPANY, ADDR1, ADDR2, CITY, STATE, ZIP, COUNTRY, PHONE, FAX, TAXRATE, CONTACT, LASTINVOICEDATE) VALUES (2135, 'Frank''s Divers Supply', '1455 North 44th St.', NULL, 'Eugene', 'OR', '90427', 'US', '503-555-2778', '503-555-2769', 0, 'Lloyd Fellows', '1989-06-24 10:29:46');
INSERT INTO CUSTOMER (CUSTNO, COMPANY, ADDR1, ADDR2, CITY, STATE, ZIP, COUNTRY, PHONE, FAX, TAXRATE, CONTACT, LASTINVOICEDATE) VALUES (2156, 'Davy Jones'' Locker', '246 South 16th Place', NULL, 'Vancouver', 'BC', 'K8V 9P1', 'Canada', '803-509-0112', '803-509-0553', 0, 'Tanya Wagner', '1991-11-05 00:20:30');
INSERT INTO CUSTOMER (CUSTNO, COMPANY, ADDR1, ADDR2, CITY, STATE, ZIP, COUNTRY, PHONE, FAX, TAXRATE, CONTACT, LASTINVOICEDATE) VALUES (2163, 'SCUBA Heaven', 'PO Box Q-8874', NULL, 'Nassau', NULL, NULL, 'Bahamas', '011-32-09485', '011-32-09485', 0, 'Robert Michelind', '1990-12-24 19:18:52');
INSERT INTO CUSTOMER (CUSTNO, COMPANY, ADDR1, ADDR2, CITY, STATE, ZIP, COUNTRY, PHONE, FAX, TAXRATE, CONTACT, LASTINVOICEDATE) VALUES (2165, 'Shangri-La Sports Center', 'PO Box D-5495', NULL, 'Freeport', NULL, NULL, 'Bahamas', '011-32-08574', '011-32-44938', 0, 'Frank Paniagua', '1989-07-03 15:32:49');
INSERT INTO CUSTOMER (CUSTNO, COMPANY, ADDR1, ADDR2, CITY, STATE, ZIP, COUNTRY, PHONE, FAX, TAXRATE, CONTACT, LASTINVOICEDATE) VALUES (2315, 'Divers of Corfu, Inc.', 'Marmoset Place 54', NULL, 'Ayios Matthaios', 'Corfu', NULL, 'Greece', '30-661-88364', '30-661-05943', 0, 'Charles Lopez', '1994-06-13 08:20:32');
INSERT INTO CUSTOMER (CUSTNO, COMPANY, ADDR1, ADDR2, CITY, STATE, ZIP, COUNTRY, PHONE, FAX, TAXRATE, CONTACT, LASTINVOICEDATE) VALUES (2354, 'Kirk Enterprises', '42 Aqua Lane', NULL, 'Houston', 'TX', '77079', 'US', '713-556-6437', '713-556-1073', 0, 'Rudolph Claus', '1994-02-08 14:37:45');
INSERT INTO CUSTOMER (CUSTNO, COMPANY, ADDR1, ADDR2, CITY, STATE, ZIP, COUNTRY, PHONE, FAX, TAXRATE, CONTACT, LASTINVOICEDATE) VALUES (2975, 'George Bean & Co.', '#73 King Salmon Way', NULL, 'Lugoff', 'NC', '29078', 'US', '803-438-2771', '803-438-3003', 0, 'Bill Wyers', '1994-04-06 00:20:54');
INSERT INTO CUSTOMER (CUSTNO, COMPANY, ADDR1, ADDR2, CITY, STATE, ZIP, COUNTRY, PHONE, FAX, TAXRATE, CONTACT, LASTINVOICEDATE) VALUES (2984, 'Professional Divers, Ltd.', '4734 Melinda St.', NULL, 'Hoover', 'AL', '32145', 'US', '205-555-8333', '205-555-4054', 0, 'Shirley Mathers', '1994-05-05 17:18:11');
INSERT INTO CUSTOMER (CUSTNO, COMPANY, ADDR1, ADDR2, CITY, STATE, ZIP, COUNTRY, PHONE, FAX, TAXRATE, CONTACT, LASTINVOICEDATE) VALUES (3041, 'Divers of Blue-green', '634 Complex Ave.', NULL, 'Pelham', 'AL', '32145', 'US', '205-555-7184', '205-555-6059', 0, 'Nancy Bean', '1994-02-28 19:29:34');
INSERT INTO CUSTOMER (CUSTNO, COMPANY, ADDR1, ADDR2, CITY, STATE, ZIP, COUNTRY, PHONE, FAX, TAXRATE, CONTACT, LASTINVOICEDATE) VALUES (3042, 'Gold Coast Supply', '223-B Houston Place', NULL, 'Mobile', 'AL', '30696', 'US', '205-555-2640', '205-555-4094', 0, 'Elaine Falls', '1994-07-12 02:01:44');
INSERT INTO CUSTOMER (CUSTNO, COMPANY, ADDR1, ADDR2, CITY, STATE, ZIP, COUNTRY, PHONE, FAX, TAXRATE, CONTACT, LASTINVOICEDATE) VALUES (3051, 'San Pablo Dive Center', '1701-D N Broadway', NULL, 'Santa Maria', 'CA', '95443', 'US', '823-044-2910', '823-044-2990', 0, 'Patricia O''Brien', '1994-07-21 08:40:05');
INSERT INTO CUSTOMER (CUSTNO, COMPANY, ADDR1, ADDR2, CITY, STATE, ZIP, COUNTRY, PHONE, FAX, TAXRATE, CONTACT, LASTINVOICEDATE) VALUES (3052, 'Underwater Sports Co.', '351-A Sarasota St.', NULL, 'San Jose', 'CA', '92195', 'US', '408-867-0594', '408-867-0094', 0, 'Dave Walling', '1994-09-24 15:07:24');
INSERT INTO CUSTOMER (CUSTNO, COMPANY, ADDR1, ADDR2, CITY, STATE, ZIP, COUNTRY, PHONE, FAX, TAXRATE, CONTACT, LASTINVOICEDATE) VALUES (3053, 'American SCUBA Supply', '1739 Atlantic Avenue', NULL, 'Lomita', 'CA', '91770', 'US', '213-654-0092', '213-654-0095', 0, 'Lynn Cinciripini', '1995-01-04 13:38:47');
INSERT INTO CUSTOMER (CUSTNO, COMPANY, ADDR1, ADDR2, CITY, STATE, ZIP, COUNTRY, PHONE, FAX, TAXRATE, CONTACT, LASTINVOICEDATE) VALUES (3054, 'Catamaran Dive Club', 'Box 264 Pleasure Point', NULL, 'Catalina Island', 'CA', '90740', 'US', '213-223-0941', '213-223-2324', 0, 'Nicole Dupont', '1994-10-20 00:00:28');
INSERT INTO CUSTOMER (CUSTNO, COMPANY, ADDR1, ADDR2, CITY, STATE, ZIP, COUNTRY, PHONE, FAX, TAXRATE, CONTACT, LASTINVOICEDATE) VALUES (3055, 'Diver''s Grotto', '24601 Universal Lane', NULL, 'Downey', 'CA', '94220', 'US', '213-432-0093', '213-432-4821', 0, 'Peter Owen', '1994-11-26 17:38:49');
INSERT INTO CUSTOMER (CUSTNO, COMPANY, ADDR1, ADDR2, CITY, STATE, ZIP, COUNTRY, PHONE, FAX, TAXRATE, CONTACT, LASTINVOICEDATE) VALUES (3151, 'Fisherman''s Eye', 'PO Box 7542', NULL, 'Grand Cayman', NULL, NULL, 'British West Indies', '809-555-4680', '809-555-4689', 0, 'Bethan Lewis', '1994-08-01 04:39:24');
INSERT INTO CUSTOMER (CUSTNO, COMPANY, ADDR1, ADDR2, CITY, STATE, ZIP, COUNTRY, PHONE, FAX, TAXRATE, CONTACT, LASTINVOICEDATE) VALUES (3158, 'Action Diver Supply', 'Blue Spar Box #3', NULL, 'St. Thomas', NULL, '00820', 'US Virgin Islands', '22-44-500211', '22-44-500596', 0, 'Marianne Miles', '1993-08-29 02:50:55');
INSERT INTO CUSTOMER (CUSTNO, COMPANY, ADDR1, ADDR2, CITY, STATE, ZIP, COUNTRY, PHONE, FAX, TAXRATE, CONTACT, LASTINVOICEDATE) VALUES (3615, 'Marina SCUBA Center', 'PO Box 82438 Zulu 7831', NULL, 'Caracas', NULL, NULL, 'Venezuela', '58-33-66222', '58-33-66049', 0, 'Stephen Bryant', '1993-05-11 20:24:30');
INSERT INTO CUSTOMER (CUSTNO, COMPANY, ADDR1, ADDR2, CITY, STATE, ZIP, COUNTRY, PHONE, FAX, TAXRATE, CONTACT, LASTINVOICEDATE) VALUES (3984, 'Blue Glass Happiness', '6345 W. Shore Lane', NULL, 'Santa Monica', 'CA', '90410', 'US', '213-555-1984', '213-555-1995', 0, 'Christine Taylor', '1994-12-02 00:00:07');
INSERT INTO CUSTOMER (CUSTNO, COMPANY, ADDR1, ADDR2, CITY, STATE, ZIP, COUNTRY, PHONE, FAX, TAXRATE, CONTACT, LASTINVOICEDATE) VALUES (4312, 'Divers of Venice', '220 Elm Street', NULL, 'Venice', 'FL', '39224', 'US', '813-443-2356', '813-443-9842', 0, 'Simone Green', '1993-10-25 20:22:30');
INSERT INTO CUSTOMER (CUSTNO, COMPANY, ADDR1, ADDR2, CITY, STATE, ZIP, COUNTRY, PHONE, FAX, TAXRATE, CONTACT, LASTINVOICEDATE) VALUES (4531, 'On-Target SCUBA', '7-73763 Nanakawa Road', NULL, 'Winnipeg', 'Manitoba', 'J2R 5T3', 'Canada', '416-445-0988', '416-445-0223', 0, 'Bram Phillips', '1994-01-09 04:32:48');
INSERT INTO CUSTOMER (CUSTNO, COMPANY, ADDR1, ADDR2, CITY, STATE, ZIP, COUNTRY, PHONE, FAX, TAXRATE, CONTACT, LASTINVOICEDATE) VALUES (4652, 'Jamaica Sun, Inc.', 'PO Box 643', NULL, 'Runaway Bay', 'Jamaica', NULL, 'West Indies', '809-555-2746', '809-555-0929', 0, 'Jonathan West', '1994-12-16 05:30:33');
INSERT INTO CUSTOMER (CUSTNO, COMPANY, ADDR1, ADDR2, CITY, STATE, ZIP, COUNTRY, PHONE, FAX, TAXRATE, CONTACT, LASTINVOICEDATE) VALUES (4684, 'Underwater Fantasy', 'PO Box 842', NULL, 'Ocho Rios', 'Jamaica', NULL, 'West Indies', '809-555-2214', '809-555-2234', 0, 'Grant Ainsworth', '1994-08-25 18:50:42');
INSERT INTO CUSTOMER (CUSTNO, COMPANY, ADDR1, ADDR2, CITY, STATE, ZIP, COUNTRY, PHONE, FAX, TAXRATE, CONTACT, LASTINVOICEDATE) VALUES (5132, 'Princess Island SCUBA', 'PO Box 32 Waiyevo', NULL, 'Taveuni', NULL, NULL, 'Fiji', '679-311923', '679-311203', 0, 'Anne Mariachi', '1989-12-30 09:20:17');
INSERT INTO CUSTOMER (CUSTNO, COMPANY, ADDR1, ADDR2, CITY, STATE, ZIP, COUNTRY, PHONE, FAX, TAXRATE, CONTACT, LASTINVOICEDATE) VALUES (5151, 'Central Underwater Supplies', 'PO Box 737', NULL, 'Johannesburg', NULL, '2042', 'Republic So. Africa', '27-11-4432458', '27-11-4433259', 0, 'Maria Eventosh', '1994-11-13 01:40:23');
INSERT INTO CUSTOMER (CUSTNO, COMPANY, ADDR1, ADDR2, CITY, STATE, ZIP, COUNTRY, PHONE, FAX, TAXRATE, CONTACT, LASTINVOICEDATE) VALUES (5163, 'Safari Under the Sea', 'PO Box 7456', NULL, 'Grand Cayman', NULL, NULL, 'British West Indies', '809-409-4233', '809-409-3002', 0, 'Anna Rack', '1993-09-15 18:35:30');
INSERT INTO CUSTOMER (CUSTNO, COMPANY, ADDR1, ADDR2, CITY, STATE, ZIP, COUNTRY, PHONE, FAX, TAXRATE, CONTACT, LASTINVOICEDATE) VALUES (5165, 'Larry''s Diving School', '3562 NW Bruce Street', NULL, 'Milwaukie', 'OR', '96277', 'US', '503-403-7777', '503-403-0059', 0, 'Isabelle Neece', '1994-05-21 23:02:57');
INSERT INTO CUSTOMER (CUSTNO, COMPANY, ADDR1, ADDR2, CITY, STATE, ZIP, COUNTRY, PHONE, FAX, TAXRATE, CONTACT, LASTINVOICEDATE) VALUES (5384, 'Tora Tora Tora', 'PO Box H-4573', NULL, 'Nassau', NULL, NULL, 'Bahamas', '809-898-0043', '809-898-9864', 0, 'Kevin Rider', '1995-02-05 05:40:46');
INSERT INTO CUSTOMER (CUSTNO, COMPANY, ADDR1, ADDR2, CITY, STATE, ZIP, COUNTRY, PHONE, FAX, TAXRATE, CONTACT, LASTINVOICEDATE) VALUES (5412, 'Vashon Ventures', '743 Keyhole Court', NULL, 'Honolulu', 'HI', '92856', 'US', '532-099-0423', '532-099-6654', 0, 'Susan Smith', '1994-01-18 01:45:50');
INSERT INTO CUSTOMER (CUSTNO, COMPANY, ADDR1, ADDR2, CITY, STATE, ZIP, COUNTRY, PHONE, FAX, TAXRATE, CONTACT, LASTINVOICEDATE) VALUES (5432, 'Divers-for-Hire', 'G.O. P Box 91', NULL, 'Suva', NULL, NULL, 'Fiji', '679-804576', '679-059345', 0, 'Joe Hatter', '1994-01-28 20:02:48');
INSERT INTO CUSTOMER (CUSTNO, COMPANY, ADDR1, ADDR2, CITY, STATE, ZIP, COUNTRY, PHONE, FAX, TAXRATE, CONTACT, LASTINVOICEDATE) VALUES (5515, 'Ocean Adventures', 'PO Box 466 Kihei', NULL, 'Maui', 'HI', '95736', 'US', '776-868-9334', '776-868-9553', 0, 'Paul Still', '1995-01-08 16:35:40');
INSERT INTO CUSTOMER (CUSTNO, COMPANY, ADDR1, ADDR2, CITY, STATE, ZIP, COUNTRY, PHONE, FAX, TAXRATE, CONTACT, LASTINVOICEDATE) VALUES (6215, 'Underwater SCUBA Company', 'PO Box Sn 91', NULL, 'Somerset', NULL, 'SXBN', 'Bermuda', '809-555-1225', '809-555-2445', 0, 'Michael Grossman', '1994-04-07 23:32:50');
INSERT INTO CUSTOMER (CUSTNO, COMPANY, ADDR1, ADDR2, CITY, STATE, ZIP, COUNTRY, PHONE, FAX, TAXRATE, CONTACT, LASTINVOICEDATE) VALUES (6312, 'Aquatic Drama', '921 Everglades Way', NULL, 'Tampa', 'FL', '30643', 'US', '613-442-7654', '613-442-7678', 0, 'Gillian Owen', '1989-03-25 04:42:52');
INSERT INTO CUSTOMER (CUSTNO, COMPANY, ADDR1, ADDR2, CITY, STATE, ZIP, COUNTRY, PHONE, FAX, TAXRATE, CONTACT, LASTINVOICEDATE) VALUES (6516, 'The Diving Company', 'PO Box 8535', NULL, 'St. Thomas', NULL, '00820', 'US Virgin Islands', '22-44-50098', '22-44-09878', 0, 'Brian Miles', '1994-01-15 12:40:50');
INSERT INTO CUSTOMER (CUSTNO, COMPANY, ADDR1, ADDR2, CITY, STATE, ZIP, COUNTRY, PHONE, FAX, TAXRATE, CONTACT, LASTINVOICEDATE) VALUES (6582, 'Norwest''er SCUBA Limited', 'PO Box 6834', NULL, 'Paget', NULL, 'PSBZ', 'Bermuda', '778-123-0745', '778-123-9705', 0, 'Angela Jones', '1995-02-03 06:47:30');
INSERT INTO CUSTOMER (CUSTNO, COMPANY, ADDR1, ADDR2, CITY, STATE, ZIP, COUNTRY, PHONE, FAX, TAXRATE, CONTACT, LASTINVOICEDATE) VALUES (6812, 'Waterspout SCUBA Center', '7865 NE Barber Ct.', NULL, 'Portland', 'OR', '99271', 'US', '503-654-2434', '503-654-9986', 0, 'Richard Houser', '1994-10-11 10:11:33');
INSERT INTO CUSTOMER (CUSTNO, COMPANY, ADDR1, ADDR2, CITY, STATE, ZIP, COUNTRY, PHONE, FAX, TAXRATE, CONTACT, LASTINVOICEDATE) VALUES (9841, 'Neptune''s Trident Supply', 'PO Box 129', NULL, 'Negril', 'Jamaica', NULL, 'West Indies', '778-897-3546', '778-897-6643', 0, 'Louise Franks', '1995-11-01 06:32:05');

COMMIT WORK;

INSERT INTO CUST_ORDERS (CUSTNO, COMPANY, ADDR1, ADDR2, CITY, STATE, ZIP, COUNTRY, PHONE, FAX, TAXRATE, CONTACT, LASTINVOICEDATE, ORDER_NO) VALUES (1510, 'Ocean Paradise', NULL, NULL, 'Kailua-Kona', NULL, NULL, NULL, NULL, NULL, NULL, NULL, NULL, 9114);
INSERT INTO CUST_ORDERS (CUSTNO, COMPANY, ADDR1, ADDR2, CITY, STATE, ZIP, COUNTRY, PHONE, FAX, TAXRATE, CONTACT, LASTINVOICEDATE, ORDER_NO) VALUES (1221, 'Kauai Dive Shoppe', NULL, NULL, 'Kapaa Kauai', NULL, NULL, NULL, NULL, NULL, NULL, NULL, NULL, 9115);

COMMIT WORK;

INSERT INTO DCL_ROLES (ROLESID, ROLENAME, LONGROLENAME, SHOWINLIST, ROLE_ACCESSLEVEL) VALUES (11, 'Admin', 'Администратор', NULL, 7);
INSERT INTO DCL_ROLES (ROLESID, ROLENAME, LONGROLENAME, SHOWINLIST, ROLE_ACCESSLEVEL) VALUES (12, 'Dir', 'Директор', 1, 5);
INSERT INTO DCL_ROLES (ROLESID, ROLENAME, LONGROLENAME, SHOWINLIST, ROLE_ACCESSLEVEL) VALUES (13, 'Oper', 'Оператор', 1, 4);

COMMIT WORK;


SET BLOBFILE 'DCL_DEMO.lob';

INSERT INTO DCL_SCRIPTS (NUMSEQ, DCLNAME, COMMAND, DCLTEXT, IDENT, PARENT) VALUES (1, 'Emp', NULL, :h0_200, NULL, NULL);
INSERT INTO DCL_SCRIPTS (NUMSEQ, DCLNAME, COMMAND, DCLTEXT, IDENT, PARENT) VALUES (2, 'ExportToDBF', NULL, :h200_11, NULL, NULL);
INSERT INTO DCL_SCRIPTS (NUMSEQ, DCLNAME, COMMAND, DCLTEXT, IDENT, PARENT) VALUES (3, 'ImportToDBF', NULL, :h211_1D, NULL, NULL);
INSERT INTO DCL_SCRIPTS (NUMSEQ, DCLNAME, COMMAND, DCLTEXT, IDENT, PARENT) VALUES (4, 'Роли', 'Roles', NULL, 10003, 1289);
INSERT INTO DCL_SCRIPTS (NUMSEQ, DCLNAME, COMMAND, DCLTEXT, IDENT, PARENT) VALUES (5, 'LookupTables', NULL, :h22E_1BD, NULL, NULL);
INSERT INTO DCL_SCRIPTS (NUMSEQ, DCLNAME, COMMAND, DCLTEXT, IDENT, PARENT) VALUES (6, 'Clients', NULL, :h3EB_235, NULL, NULL);
INSERT INTO DCL_SCRIPTS (NUMSEQ, DCLNAME, COMMAND, DCLTEXT, IDENT, PARENT) VALUES (7, 'PrintRep', NULL, :h620_47, NULL, NULL);
INSERT INTO DCL_SCRIPTS (NUMSEQ, DCLNAME, COMMAND, DCLTEXT, IDENT, PARENT) VALUES (8, 'Customers', NULL, :h667_FD, NULL, NULL);
INSERT INTO DCL_SCRIPTS (NUMSEQ, DCLNAME, COMMAND, DCLTEXT, IDENT, PARENT) VALUES (9, 'Rep', NULL, :h764_42D, 30001, NULL);
INSERT INTO DCL_SCRIPTS (NUMSEQ, DCLNAME, COMMAND, DCLTEXT, IDENT, PARENT) VALUES (10, 'Примеры', NULL, NULL, 1, NULL);
INSERT INTO DCL_SCRIPTS (NUMSEQ, DCLNAME, COMMAND, DCLTEXT, IDENT, PARENT) VALUES (11, NULL, NULL, :hB91_1F, 60000, NULL);
INSERT INTO DCL_SCRIPTS (NUMSEQ, DCLNAME, COMMAND, DCLTEXT, IDENT, PARENT) VALUES (12, '1.0', NULL, NULL, 60001, NULL);
INSERT INTO DCL_SCRIPTS (NUMSEQ, DCLNAME, COMMAND, DCLTEXT, IDENT, PARENT) VALUES (13, 'Orders', NULL, :hBB0_2D4, NULL, NULL);
INSERT INTO DCL_SCRIPTS (NUMSEQ, DCLNAME, COMMAND, DCLTEXT, IDENT, PARENT) VALUES (14, 'OrdersForm', NULL, :hE84_16, NULL, NULL);
INSERT INTO DCL_SCRIPTS (NUMSEQ, DCLNAME, COMMAND, DCLTEXT, IDENT, PARENT) VALUES (15, 'OrdersDate', NULL, :hE9A_23A, NULL, NULL);
INSERT INTO DCL_SCRIPTS (NUMSEQ, DCLNAME, COMMAND, DCLTEXT, IDENT, PARENT) VALUES (16, 'Структура', 'Customers', NULL, 1006, 1);
INSERT INTO DCL_SCRIPTS (NUMSEQ, DCLNAME, COMMAND, DCLTEXT, IDENT, PARENT) VALUES (17, 'Таблицы просмотра', 'LookupTables', NULL, 1002, 1);
INSERT INTO DCL_SCRIPTS (NUMSEQ, DCLNAME, COMMAND, DCLTEXT, IDENT, PARENT) VALUES (18, 'Vendors', NULL, :h10D4_216, NULL, NULL);
INSERT INTO DCL_SCRIPTS (NUMSEQ, DCLNAME, COMMAND, DCLTEXT, IDENT, PARENT) VALUES (19, 'Отчет', 'Vendors', NULL, 1007, 1);
INSERT INTO DCL_SCRIPTS (NUMSEQ, DCLNAME, COMMAND, DCLTEXT, IDENT, PARENT) VALUES (20, 'LookupFields', NULL, :h12EA_1A0, NULL, NULL);
INSERT INTO DCL_SCRIPTS (NUMSEQ, DCLNAME, COMMAND, DCLTEXT, IDENT, PARENT) VALUES (21, 'Кнопки', 'Buttons', NULL, 1009, 1);
INSERT INTO DCL_SCRIPTS (NUMSEQ, DCLNAME, COMMAND, DCLTEXT, IDENT, PARENT) VALUES (22, 'Поля просмотра', 'LookupFields', NULL, 1003, 1);
INSERT INTO DCL_SCRIPTS (NUMSEQ, DCLNAME, COMMAND, DCLTEXT, IDENT, PARENT) VALUES (23, 'Orders2', NULL, :h148A_255, NULL, NULL);
INSERT INTO DCL_SCRIPTS (NUMSEQ, DCLNAME, COMMAND, DCLTEXT, IDENT, PARENT) VALUES (24, 'DCL Demo - Project DCL Demo (&_LONGROLENAME_)', NULL, NULL, 0, NULL);
INSERT INTO DCL_SCRIPTS (NUMSEQ, DCLNAME, COMMAND, DCLTEXT, IDENT, PARENT) VALUES (25, 'Справочники', NULL, NULL, 2, NULL);
INSERT INTO DCL_SCRIPTS (NUMSEQ, DCLNAME, COMMAND, DCLTEXT, IDENT, PARENT) VALUES (26, 'Запуск приложения', NULL, :h16DF_2B, 1005, 1);
INSERT INTO DCL_SCRIPTS (NUMSEQ, DCLNAME, COMMAND, DCLTEXT, IDENT, PARENT) VALUES (27, 'Закладки', 'Emp', NULL, 1004, 1);
INSERT INTO DCL_SCRIPTS (NUMSEQ, DCLNAME, COMMAND, DCLTEXT, IDENT, PARENT) VALUES (28, 'Фильтр', 'Orders', NULL, 3, NULL);
INSERT INTO DCL_SCRIPTS (NUMSEQ, DCLNAME, COMMAND, DCLTEXT, IDENT, PARENT) VALUES (29, 'Диалоги выбора', 'Clients', NULL, 1001, 1);
INSERT INTO DCL_SCRIPTS (NUMSEQ, DCLNAME, COMMAND, DCLTEXT, IDENT, PARENT) VALUES (30, 'SQL Mon', NULL, :h170A_7, 1501, 10);
INSERT INTO DCL_SCRIPTS (NUMSEQ, DCLNAME, COMMAND, DCLTEXT, IDENT, PARENT) VALUES (31, 'Выход', NULL, :h1711_5, 999, NULL);
INSERT INTO DCL_SCRIPTS (NUMSEQ, DCLNAME, COMMAND, DCLTEXT, IDENT, PARENT) VALUES (32, 'Привет незнакомец', NULL, NULL, 20001, NULL);
INSERT INTO DCL_SCRIPTS (NUMSEQ, DCLNAME, COMMAND, DCLTEXT, IDENT, PARENT) VALUES (33, 'Parts', NULL, :h1716_178, NULL, NULL);
INSERT INTO DCL_SCRIPTS (NUMSEQ, DCLNAME, COMMAND, DCLTEXT, IDENT, PARENT) VALUES (34, 'Стили', 'Parts', NULL, 1008, 1);
INSERT INTO DCL_SCRIPTS (NUMSEQ, DCLNAME, COMMAND, DCLTEXT, IDENT, PARENT) VALUES (35, 'Календарь', 'OrdersDate', NULL, 4, NULL);
INSERT INTO DCL_SCRIPTS (NUMSEQ, DCLNAME, COMMAND, DCLTEXT, IDENT, PARENT) VALUES (36, 'Кнопочная форма', 'Buttons2', NULL, 1010, 1);
INSERT INTO DCL_SCRIPTS (NUMSEQ, DCLNAME, COMMAND, DCLTEXT, IDENT, PARENT) VALUES (37, 'Buttons2', NULL, :h188E_57, NULL, NULL);
INSERT INTO DCL_SCRIPTS (NUMSEQ, DCLNAME, COMMAND, DCLTEXT, IDENT, PARENT) VALUES (38, 'Buttons', NULL, :h18E5_161, NULL, NULL);
INSERT INTO DCL_SCRIPTS (NUMSEQ, DCLNAME, COMMAND, DCLTEXT, IDENT, PARENT) VALUES (39, 'Поля поиска', 'FindFields', NULL, 1011, 1);
INSERT INTO DCL_SCRIPTS (NUMSEQ, DCLNAME, COMMAND, DCLTEXT, IDENT, PARENT) VALUES (40, 'FindFields', NULL, :h1A46_208, NULL, NULL);
INSERT INTO DCL_SCRIPTS (NUMSEQ, DCLNAME, COMMAND, DCLTEXT, IDENT, PARENT) VALUES (41, 'DCL Demo (&_RoleName_)', NULL, NULL, 0, NULL);
INSERT INTO DCL_SCRIPTS (NUMSEQ, DCLNAME, COMMAND, DCLTEXT, IDENT, PARENT) VALUES (42, 'Цвета', 'Colors', NULL, 1013, 1);
INSERT INTO DCL_SCRIPTS (NUMSEQ, DCLNAME, COMMAND, DCLTEXT, IDENT, PARENT) VALUES (43, 'События', 'Events', NULL, 1012, 1);
INSERT INTO DCL_SCRIPTS (NUMSEQ, DCLNAME, COMMAND, DCLTEXT, IDENT, PARENT) VALUES (44, 'Events', NULL, :h1C4E_72, NULL, NULL);
INSERT INTO DCL_SCRIPTS (NUMSEQ, DCLNAME, COMMAND, DCLTEXT, IDENT, PARENT) VALUES (45, 'ScrollOrder', NULL, :h1CC0_A0, NULL, NULL);
INSERT INTO DCL_SCRIPTS (NUMSEQ, DCLNAME, COMMAND, DCLTEXT, IDENT, PARENT) VALUES (46, 'Colors', NULL, :h1D60_1B4, NULL, NULL);
INSERT INTO DCL_SCRIPTS (NUMSEQ, DCLNAME, COMMAND, DCLTEXT, IDENT, PARENT) VALUES (47, 'Init', NULL, :h1F14_30, 40001, NULL);
INSERT INTO DCL_SCRIPTS (NUMSEQ, DCLNAME, COMMAND, DCLTEXT, IDENT, PARENT) VALUES (48, 'Меню', 'RolesMenu', NULL, 2001, 5);
INSERT INTO DCL_SCRIPTS (NUMSEQ, DCLNAME, COMMAND, DCLTEXT, IDENT, PARENT) VALUES (49, 'Табличные части', 'TableParts', NULL, 2003, 1);
INSERT INTO DCL_SCRIPTS (NUMSEQ, DCLNAME, COMMAND, DCLTEXT, IDENT, PARENT) VALUES (50, 'Messages', NULL, :h1F44_EC, NULL, NULL);
INSERT INTO DCL_SCRIPTS (NUMSEQ, DCLNAME, COMMAND, DCLTEXT, IDENT, PARENT) VALUES (51, 'StartInit', NULL, :h2030_6F, 40002, NULL);
INSERT INTO DCL_SCRIPTS (NUMSEQ, DCLNAME, COMMAND, DCLTEXT, IDENT, PARENT) VALUES (52, 'ContexFind', '', :h209F_1E9, NULL, NULL);
INSERT INTO DCL_SCRIPTS (NUMSEQ, DCLNAME, COMMAND, DCLTEXT, IDENT, PARENT) VALUES (53, 'TableParts', '', :h2288_20C, NULL, NULL);
INSERT INTO DCL_SCRIPTS (NUMSEQ, DCLNAME, COMMAND, DCLTEXT, IDENT, PARENT) VALUES (54, 'Контекстный поиск', 'ContexFind', NULL, 1020, 1);
INSERT INTO DCL_SCRIPTS (NUMSEQ, DCLNAME, COMMAND, DCLTEXT, IDENT, PARENT) VALUES (55, 'LookupEvents', NULL, :h2494_1E5, NULL, NULL);
INSERT INTO DCL_SCRIPTS (NUMSEQ, DCLNAME, COMMAND, DCLTEXT, IDENT, PARENT) VALUES (56, 'События полей просмотра', 'LookupEvents', NULL, 2004, 1);
INSERT INTO DCL_SCRIPTS (NUMSEQ, DCLNAME, COMMAND, DCLTEXT, IDENT, PARENT) VALUES (57, 'Memos', NULL, :h2679_2D1, NULL, NULL);
INSERT INTO DCL_SCRIPTS (NUMSEQ, DCLNAME, COMMAND, DCLTEXT, IDENT, PARENT) VALUES (58, 'Memo поля', 'Memos', NULL, 2005, 1);
INSERT INTO DCL_SCRIPTS (NUMSEQ, DCLNAME, COMMAND, DCLTEXT, IDENT, PARENT) VALUES (59, 'TPPost', NULL, :h294A_8, NULL, NULL);
INSERT INTO DCL_SCRIPTS (NUMSEQ, DCLNAME, COMMAND, DCLTEXT, IDENT, PARENT) VALUES (60, 'Report_OOWriter', NULL, :h2952_1D1, NULL, NULL);
INSERT INTO DCL_SCRIPTS (NUMSEQ, DCLNAME, COMMAND, DCLTEXT, IDENT, PARENT) VALUES (61, 'Roles', NULL, :h2B23_EE, NULL, NULL);
INSERT INTO DCL_SCRIPTS (NUMSEQ, DCLNAME, COMMAND, DCLTEXT, IDENT, PARENT) VALUES (62, 'Роли', NULL, NULL, 1289, 10);
INSERT INTO DCL_SCRIPTS (NUMSEQ, DCLNAME, COMMAND, DCLTEXT, IDENT, PARENT) VALUES (63, 'Global_Params', NULL, :h2C11_1CC, NULL, NULL);
INSERT INTO DCL_SCRIPTS (NUMSEQ, DCLNAME, COMMAND, DCLTEXT, IDENT, PARENT) VALUES (64, 'InitApp', NULL, :h2DDD_51, 40001, NULL);
INSERT INTO DCL_SCRIPTS (NUMSEQ, DCLNAME, COMMAND, DCLTEXT, IDENT, PARENT) VALUES (65, 'Orgs', NULL, :h2E2E_1DB, NULL, NULL);
INSERT INTO DCL_SCRIPTS (NUMSEQ, DCLNAME, COMMAND, DCLTEXT, IDENT, PARENT) VALUES (66, 'Orgs_Set_Main_Scr', NULL, :h3009_81, NULL, NULL);
INSERT INTO DCL_SCRIPTS (NUMSEQ, DCLNAME, COMMAND, DCLTEXT, IDENT, PARENT) VALUES (67, 'Заблокировать', NULL, :h308A_5, 1350, 10);
INSERT INTO DCL_SCRIPTS (NUMSEQ, DCLNAME, COMMAND, DCLTEXT, IDENT, PARENT) VALUES (68, 'Users', NULL, :h308F_202, NULL, NULL);
INSERT INTO DCL_SCRIPTS (NUMSEQ, DCLNAME, COMMAND, DCLTEXT, IDENT, PARENT) VALUES (69, 'RolesMenu', NULL, :h3291_3E4, NULL, NULL);
INSERT INTO DCL_SCRIPTS (NUMSEQ, DCLNAME, COMMAND, DCLTEXT, IDENT, PARENT) VALUES (70, 'Roles_AddMenuItem', NULL, :h3675_1EB, NULL, NULL);
INSERT INTO DCL_SCRIPTS (NUMSEQ, DCLNAME, COMMAND, DCLTEXT, IDENT, PARENT) VALUES (71, 'Roles_AddMenuItemExec', NULL, :h3860_10B, NULL, NULL);
INSERT INTO DCL_SCRIPTS (NUMSEQ, DCLNAME, COMMAND, DCLTEXT, IDENT, PARENT) VALUES (72, 'Roles_AddRoleCallDialog', NULL, :h396B_21, NULL, NULL);
INSERT INTO DCL_SCRIPTS (NUMSEQ, DCLNAME, COMMAND, DCLTEXT, IDENT, PARENT) VALUES (73, 'Roles_CopyRole', NULL, :h398C_19F, NULL, NULL);
INSERT INTO DCL_SCRIPTS (NUMSEQ, DCLNAME, COMMAND, DCLTEXT, IDENT, PARENT) VALUES (74, 'Roles_CopyRoleExec', NULL, :h3B2B_6A, NULL, NULL);
INSERT INTO DCL_SCRIPTS (NUMSEQ, DCLNAME, COMMAND, DCLTEXT, IDENT, PARENT) VALUES (75, 'Roles_CopyRole_Call', NULL, :h3B95_1E, NULL, NULL);
INSERT INTO DCL_SCRIPTS (NUMSEQ, DCLNAME, COMMAND, DCLTEXT, IDENT, PARENT) VALUES (76, 'Roles_DelRole', NULL, :h3BB3_CA, NULL, NULL);
INSERT INTO DCL_SCRIPTS (NUMSEQ, DCLNAME, COMMAND, DCLTEXT, IDENT, PARENT) VALUES (77, 'Roles_DelRoleExec', NULL, :h3C7D_58, NULL, NULL);
INSERT INTO DCL_SCRIPTS (NUMSEQ, DCLNAME, COMMAND, DCLTEXT, IDENT, PARENT) VALUES (78, 'Roles_DelRoleMenuItem', NULL, :h3CD5_E2, NULL, NULL);
INSERT INTO DCL_SCRIPTS (NUMSEQ, DCLNAME, COMMAND, DCLTEXT, IDENT, PARENT) VALUES (79, 'Roles_DelRolesMenuItem', NULL, :h3DB7_125, NULL, NULL);
INSERT INTO DCL_SCRIPTS (NUMSEQ, DCLNAME, COMMAND, DCLTEXT, IDENT, PARENT) VALUES (80, 'Roles_DelRolesMenuItem_Call', NULL, :h3EDC_26, NULL, NULL);
INSERT INTO DCL_SCRIPTS (NUMSEQ, DCLNAME, COMMAND, DCLTEXT, IDENT, PARENT) VALUES (81, 'Roles_Run_Test_RolesMenu', NULL, :h3F02_1C, NULL, NULL);
INSERT INTO DCL_SCRIPTS (NUMSEQ, DCLNAME, COMMAND, DCLTEXT, IDENT, PARENT) VALUES (82, 'Roles_Test_RolesMenu', NULL, :h3F1E_1A2, NULL, NULL);
INSERT INTO DCL_SCRIPTS (NUMSEQ, DCLNAME, COMMAND, DCLTEXT, IDENT, PARENT) VALUES (83, '-', NULL, NULL, 1292, 10);
INSERT INTO DCL_SCRIPTS (NUMSEQ, DCLNAME, COMMAND, DCLTEXT, IDENT, PARENT) VALUES (84, 'Set_Org_Scr', NULL, :h40C0_F9, NULL, NULL);
INSERT INTO DCL_SCRIPTS (NUMSEQ, DCLNAME, COMMAND, DCLTEXT, IDENT, PARENT) VALUES (85, 'Версия', NULL, :h41B9_8, 1901, 10);
INSERT INTO DCL_SCRIPTS (NUMSEQ, DCLNAME, COMMAND, DCLTEXT, IDENT, PARENT) VALUES (86, 'Меню ролей', 'RolesMenu', NULL, 10002, 1289);
INSERT INTO DCL_SCRIPTS (NUMSEQ, DCLNAME, COMMAND, DCLTEXT, IDENT, PARENT) VALUES (87, 'Настройки', NULL, NULL, 10, NULL);
INSERT INTO DCL_SCRIPTS (NUMSEQ, DCLNAME, COMMAND, DCLTEXT, IDENT, PARENT) VALUES (88, 'Организации', 'Orgs', NULL, 9002, 2);
INSERT INTO DCL_SCRIPTS (NUMSEQ, DCLNAME, COMMAND, DCLTEXT, IDENT, PARENT) VALUES (89, 'Параметры', 'Global_Params', NULL, 1401, 10);
INSERT INTO DCL_SCRIPTS (NUMSEQ, DCLNAME, COMMAND, DCLTEXT, IDENT, PARENT) VALUES (90, 'Пользователи', 'Users', NULL, 10001, 1289);
INSERT INTO DCL_SCRIPTS (NUMSEQ, DCLNAME, COMMAND, DCLTEXT, IDENT, PARENT) VALUES (91, 'Шаблон приложения DCL5', NULL, NULL, 0, NULL);
INSERT INTO DCL_SCRIPTS (NUMSEQ, DCLNAME, COMMAND, DCLTEXT, IDENT, PARENT) VALUES (92, NULL, NULL, NULL, 20001, NULL);
INSERT INTO DCL_SCRIPTS (NUMSEQ, DCLNAME, COMMAND, DCLTEXT, IDENT, PARENT) VALUES (93, ' v. 1.0', NULL, NULL, 20052, NULL);
INSERT INTO DCL_SCRIPTS (NUMSEQ, DCLNAME, COMMAND, DCLTEXT, IDENT, PARENT) VALUES (94, '09.00.83.181', NULL, NULL, 50000, NULL);
INSERT INTO DCL_SCRIPTS (NUMSEQ, DCLNAME, COMMAND, DCLTEXT, IDENT, PARENT) VALUES (95, 'User_Edit_Dlg', NULL, :h41C1_148, NULL, NULL);
INSERT INTO DCL_SCRIPTS (NUMSEQ, DCLNAME, COMMAND, DCLTEXT, IDENT, PARENT) VALUES (96, 'User_Edit_Scr', NULL, :h4309_1D, NULL, NULL);
INSERT INTO DCL_SCRIPTS (NUMSEQ, DCLNAME, COMMAND, DCLTEXT, IDENT, PARENT) VALUES (97, 'Notify_Add_Scr', NULL, :h4326_BB, NULL, NULL);
INSERT INTO DCL_SCRIPTS (NUMSEQ, DCLNAME, COMMAND, DCLTEXT, IDENT, PARENT) VALUES (98, 'Notify_Add', NULL, :h43E1_1A4, NULL, NULL);
INSERT INTO DCL_SCRIPTS (NUMSEQ, DCLNAME, COMMAND, DCLTEXT, IDENT, PARENT) VALUES (99, 'Roles_Notify_Add_Scr', NULL, :h4585_29, NULL, NULL);
INSERT INTO DCL_SCRIPTS (NUMSEQ, DCLNAME, COMMAND, DCLTEXT, IDENT, PARENT) VALUES (100, 'Notifycations', NULL, :h45AE_241, NULL, NULL);
INSERT INTO DCL_SCRIPTS (NUMSEQ, DCLNAME, COMMAND, DCLTEXT, IDENT, PARENT) VALUES (101, 'Global_Params_Edit_Dlg', '', :h47EF_EB, NULL, NULL);
INSERT INTO DCL_SCRIPTS (NUMSEQ, DCLNAME, COMMAND, DCLTEXT, IDENT, PARENT) VALUES (102, 'Global_Params_Edit_Scr', NULL, :h48DA_26, NULL, NULL);
INSERT INTO DCL_SCRIPTS (NUMSEQ, DCLNAME, COMMAND, DCLTEXT, IDENT, PARENT) VALUES (103, 'Attachments', NULL, :h4900_381, NULL, NULL);
INSERT INTO DCL_SCRIPTS (NUMSEQ, DCLNAME, COMMAND, DCLTEXT, IDENT, PARENT) VALUES (104, 'Подключения', 'Attachments', NULL, 1300, 10);
INSERT INTO DCL_SCRIPTS (NUMSEQ, DCLNAME, COMMAND, DCLTEXT, IDENT, PARENT) VALUES (105, 'Attachments_Terminate', NULL, :h4C81_5B, NULL, NULL);

COMMIT WORK;

INSERT INTO DCL_ROLESMENU (ROLEID, MENUITEMID, RM_ID) VALUES (11, 1, 9120);
INSERT INTO DCL_ROLESMENU (ROLEID, MENUITEMID, RM_ID) VALUES (11, 2, 9121);
INSERT INTO DCL_ROLESMENU (ROLEID, MENUITEMID, RM_ID) VALUES (11, 3, 9122);
INSERT INTO DCL_ROLESMENU (ROLEID, MENUITEMID, RM_ID) VALUES (11, 5, 9123);
INSERT INTO DCL_ROLESMENU (ROLEID, MENUITEMID, RM_ID) VALUES (11, 6, 9124);
INSERT INTO DCL_ROLESMENU (ROLEID, MENUITEMID, RM_ID) VALUES (11, 7, 9125);
INSERT INTO DCL_ROLESMENU (ROLEID, MENUITEMID, RM_ID) VALUES (11, 8, 9126);
INSERT INTO DCL_ROLESMENU (ROLEID, MENUITEMID, RM_ID) VALUES (11, 9, 9127);
INSERT INTO DCL_ROLESMENU (ROLEID, MENUITEMID, RM_ID) VALUES (11, 13, 9128);
INSERT INTO DCL_ROLESMENU (ROLEID, MENUITEMID, RM_ID) VALUES (11, 14, 9129);
INSERT INTO DCL_ROLESMENU (ROLEID, MENUITEMID, RM_ID) VALUES (11, 15, 9130);
INSERT INTO DCL_ROLESMENU (ROLEID, MENUITEMID, RM_ID) VALUES (11, 16, 9131);
INSERT INTO DCL_ROLESMENU (ROLEID, MENUITEMID, RM_ID) VALUES (11, 17, 9132);
INSERT INTO DCL_ROLESMENU (ROLEID, MENUITEMID, RM_ID) VALUES (11, 18, 9133);
INSERT INTO DCL_ROLESMENU (ROLEID, MENUITEMID, RM_ID) VALUES (11, 19, 9134);
INSERT INTO DCL_ROLESMENU (ROLEID, MENUITEMID, RM_ID) VALUES (11, 20, 9135);
INSERT INTO DCL_ROLESMENU (ROLEID, MENUITEMID, RM_ID) VALUES (11, 21, 9136);
INSERT INTO DCL_ROLESMENU (ROLEID, MENUITEMID, RM_ID) VALUES (11, 22, 9137);
INSERT INTO DCL_ROLESMENU (ROLEID, MENUITEMID, RM_ID) VALUES (11, 23, 9138);
INSERT INTO DCL_ROLESMENU (ROLEID, MENUITEMID, RM_ID) VALUES (11, 24, 9139);
INSERT INTO DCL_ROLESMENU (ROLEID, MENUITEMID, RM_ID) VALUES (11, 26, 9140);
INSERT INTO DCL_ROLESMENU (ROLEID, MENUITEMID, RM_ID) VALUES (11, 27, 9141);
INSERT INTO DCL_ROLESMENU (ROLEID, MENUITEMID, RM_ID) VALUES (11, 28, 9142);
INSERT INTO DCL_ROLESMENU (ROLEID, MENUITEMID, RM_ID) VALUES (11, 29, 9143);
INSERT INTO DCL_ROLESMENU (ROLEID, MENUITEMID, RM_ID) VALUES (11, 32, 9144);
INSERT INTO DCL_ROLESMENU (ROLEID, MENUITEMID, RM_ID) VALUES (11, 33, 9145);
INSERT INTO DCL_ROLESMENU (ROLEID, MENUITEMID, RM_ID) VALUES (11, 34, 9146);
INSERT INTO DCL_ROLESMENU (ROLEID, MENUITEMID, RM_ID) VALUES (11, 35, 9147);
INSERT INTO DCL_ROLESMENU (ROLEID, MENUITEMID, RM_ID) VALUES (11, 36, 9148);
INSERT INTO DCL_ROLESMENU (ROLEID, MENUITEMID, RM_ID) VALUES (11, 37, 9149);
INSERT INTO DCL_ROLESMENU (ROLEID, MENUITEMID, RM_ID) VALUES (11, 38, 9150);
INSERT INTO DCL_ROLESMENU (ROLEID, MENUITEMID, RM_ID) VALUES (11, 39, 9151);
INSERT INTO DCL_ROLESMENU (ROLEID, MENUITEMID, RM_ID) VALUES (11, 40, 9152);
INSERT INTO DCL_ROLESMENU (ROLEID, MENUITEMID, RM_ID) VALUES (11, 41, 9153);
INSERT INTO DCL_ROLESMENU (ROLEID, MENUITEMID, RM_ID) VALUES (11, 42, 9154);
INSERT INTO DCL_ROLESMENU (ROLEID, MENUITEMID, RM_ID) VALUES (11, 43, 9155);
INSERT INTO DCL_ROLESMENU (ROLEID, MENUITEMID, RM_ID) VALUES (11, 44, 9156);
INSERT INTO DCL_ROLESMENU (ROLEID, MENUITEMID, RM_ID) VALUES (11, 45, 9157);
INSERT INTO DCL_ROLESMENU (ROLEID, MENUITEMID, RM_ID) VALUES (11, 46, 9158);
INSERT INTO DCL_ROLESMENU (ROLEID, MENUITEMID, RM_ID) VALUES (11, 4, 9159);
INSERT INTO DCL_ROLESMENU (ROLEID, MENUITEMID, RM_ID) VALUES (11, 62, 9160);
INSERT INTO DCL_ROLESMENU (ROLEID, MENUITEMID, RM_ID) VALUES (11, 67, 9161);
INSERT INTO DCL_ROLESMENU (ROLEID, MENUITEMID, RM_ID) VALUES (11, 64, 9162);
INSERT INTO DCL_ROLESMENU (ROLEID, MENUITEMID, RM_ID) VALUES (11, 30, 9163);
INSERT INTO DCL_ROLESMENU (ROLEID, MENUITEMID, RM_ID) VALUES (11, 85, 9164);
INSERT INTO DCL_ROLESMENU (ROLEID, MENUITEMID, RM_ID) VALUES (11, 86, 9165);
INSERT INTO DCL_ROLESMENU (ROLEID, MENUITEMID, RM_ID) VALUES (11, 87, 9166);
INSERT INTO DCL_ROLESMENU (ROLEID, MENUITEMID, RM_ID) VALUES (11, 88, 9167);
INSERT INTO DCL_ROLESMENU (ROLEID, MENUITEMID, RM_ID) VALUES (11, 89, 9168);
INSERT INTO DCL_ROLESMENU (ROLEID, MENUITEMID, RM_ID) VALUES (11, 90, 9169);
INSERT INTO DCL_ROLESMENU (ROLEID, MENUITEMID, RM_ID) VALUES (11, 91, 9170);
INSERT INTO DCL_ROLESMENU (ROLEID, MENUITEMID, RM_ID) VALUES (11, 25, 9171);
INSERT INTO DCL_ROLESMENU (ROLEID, MENUITEMID, RM_ID) VALUES (11, 92, 9172);
INSERT INTO DCL_ROLESMENU (ROLEID, MENUITEMID, RM_ID) VALUES (11, 93, 9173);
INSERT INTO DCL_ROLESMENU (ROLEID, MENUITEMID, RM_ID) VALUES (11, 83, 9174);
INSERT INTO DCL_ROLESMENU (ROLEID, MENUITEMID, RM_ID) VALUES (11, 94, 9175);
INSERT INTO DCL_ROLESMENU (ROLEID, MENUITEMID, RM_ID) VALUES (12, 64, 9176);
INSERT INTO DCL_ROLESMENU (ROLEID, MENUITEMID, RM_ID) VALUES (12, 30, 9177);
INSERT INTO DCL_ROLESMENU (ROLEID, MENUITEMID, RM_ID) VALUES (12, 85, 9178);
INSERT INTO DCL_ROLESMENU (ROLEID, MENUITEMID, RM_ID) VALUES (12, 87, 9179);
INSERT INTO DCL_ROLESMENU (ROLEID, MENUITEMID, RM_ID) VALUES (12, 88, 9180);
INSERT INTO DCL_ROLESMENU (ROLEID, MENUITEMID, RM_ID) VALUES (12, 91, 9181);
INSERT INTO DCL_ROLESMENU (ROLEID, MENUITEMID, RM_ID) VALUES (12, 25, 9182);
INSERT INTO DCL_ROLESMENU (ROLEID, MENUITEMID, RM_ID) VALUES (12, 92, 9183);
INSERT INTO DCL_ROLESMENU (ROLEID, MENUITEMID, RM_ID) VALUES (12, 93, 9184);
INSERT INTO DCL_ROLESMENU (ROLEID, MENUITEMID, RM_ID) VALUES (12, 83, 9185);
INSERT INTO DCL_ROLESMENU (ROLEID, MENUITEMID, RM_ID) VALUES (12, 94, 9186);
INSERT INTO DCL_ROLESMENU (ROLEID, MENUITEMID, RM_ID) VALUES (11, 104, 9187);
INSERT INTO DCL_ROLESMENU (ROLEID, MENUITEMID, RM_ID) VALUES (13, 25, 9188);
INSERT INTO DCL_ROLESMENU (ROLEID, MENUITEMID, RM_ID) VALUES (13, 93, 9189);
INSERT INTO DCL_ROLESMENU (ROLEID, MENUITEMID, RM_ID) VALUES (13, 94, 9190);
INSERT INTO DCL_ROLESMENU (ROLEID, MENUITEMID, RM_ID) VALUES (13, 64, 9191);
INSERT INTO DCL_ROLESMENU (ROLEID, MENUITEMID, RM_ID) VALUES (13, 85, 9192);
INSERT INTO DCL_ROLESMENU (ROLEID, MENUITEMID, RM_ID) VALUES (13, 87, 9193);
INSERT INTO DCL_ROLESMENU (ROLEID, MENUITEMID, RM_ID) VALUES (13, 92, 9194);
INSERT INTO DCL_ROLESMENU (ROLEID, MENUITEMID, RM_ID) VALUES (13, 91, 9195);
INSERT INTO DCL_ROLESMENU (ROLEID, MENUITEMID, RM_ID) VALUES (11, 47, 9196);
INSERT INTO DCL_ROLESMENU (ROLEID, MENUITEMID, RM_ID) VALUES (11, 48, 9197);
INSERT INTO DCL_ROLESMENU (ROLEID, MENUITEMID, RM_ID) VALUES (11, 49, 9198);
INSERT INTO DCL_ROLESMENU (ROLEID, MENUITEMID, RM_ID) VALUES (11, 50, 9199);
INSERT INTO DCL_ROLESMENU (ROLEID, MENUITEMID, RM_ID) VALUES (11, 51, 9200);
INSERT INTO DCL_ROLESMENU (ROLEID, MENUITEMID, RM_ID) VALUES (11, 52, 9201);
INSERT INTO DCL_ROLESMENU (ROLEID, MENUITEMID, RM_ID) VALUES (11, 53, 9202);
INSERT INTO DCL_ROLESMENU (ROLEID, MENUITEMID, RM_ID) VALUES (11, 54, 9203);
INSERT INTO DCL_ROLESMENU (ROLEID, MENUITEMID, RM_ID) VALUES (11, 55, 9204);
INSERT INTO DCL_ROLESMENU (ROLEID, MENUITEMID, RM_ID) VALUES (11, 56, 9205);
INSERT INTO DCL_ROLESMENU (ROLEID, MENUITEMID, RM_ID) VALUES (11, 57, 9206);
INSERT INTO DCL_ROLESMENU (ROLEID, MENUITEMID, RM_ID) VALUES (11, 58, 9207);
INSERT INTO DCL_ROLESMENU (ROLEID, MENUITEMID, RM_ID) VALUES (11, 59, 9208);
INSERT INTO DCL_ROLESMENU (ROLEID, MENUITEMID, RM_ID) VALUES (11, 60, 9209);
INSERT INTO DCL_ROLESMENU (ROLEID, MENUITEMID, RM_ID) VALUES (12, 1, 9210);
INSERT INTO DCL_ROLESMENU (ROLEID, MENUITEMID, RM_ID) VALUES (12, 2, 9211);
INSERT INTO DCL_ROLESMENU (ROLEID, MENUITEMID, RM_ID) VALUES (12, 3, 9212);
INSERT INTO DCL_ROLESMENU (ROLEID, MENUITEMID, RM_ID) VALUES (12, 5, 9213);
INSERT INTO DCL_ROLESMENU (ROLEID, MENUITEMID, RM_ID) VALUES (12, 6, 9214);
INSERT INTO DCL_ROLESMENU (ROLEID, MENUITEMID, RM_ID) VALUES (12, 7, 9215);
INSERT INTO DCL_ROLESMENU (ROLEID, MENUITEMID, RM_ID) VALUES (12, 8, 9216);
INSERT INTO DCL_ROLESMENU (ROLEID, MENUITEMID, RM_ID) VALUES (12, 9, 9217);
INSERT INTO DCL_ROLESMENU (ROLEID, MENUITEMID, RM_ID) VALUES (12, 13, 9218);
INSERT INTO DCL_ROLESMENU (ROLEID, MENUITEMID, RM_ID) VALUES (12, 14, 9219);
INSERT INTO DCL_ROLESMENU (ROLEID, MENUITEMID, RM_ID) VALUES (12, 15, 9220);
INSERT INTO DCL_ROLESMENU (ROLEID, MENUITEMID, RM_ID) VALUES (12, 16, 9221);
INSERT INTO DCL_ROLESMENU (ROLEID, MENUITEMID, RM_ID) VALUES (12, 17, 9222);
INSERT INTO DCL_ROLESMENU (ROLEID, MENUITEMID, RM_ID) VALUES (12, 18, 9223);
INSERT INTO DCL_ROLESMENU (ROLEID, MENUITEMID, RM_ID) VALUES (12, 19, 9224);
INSERT INTO DCL_ROLESMENU (ROLEID, MENUITEMID, RM_ID) VALUES (12, 20, 9225);
INSERT INTO DCL_ROLESMENU (ROLEID, MENUITEMID, RM_ID) VALUES (12, 21, 9226);
INSERT INTO DCL_ROLESMENU (ROLEID, MENUITEMID, RM_ID) VALUES (12, 22, 9227);
INSERT INTO DCL_ROLESMENU (ROLEID, MENUITEMID, RM_ID) VALUES (12, 23, 9228);
INSERT INTO DCL_ROLESMENU (ROLEID, MENUITEMID, RM_ID) VALUES (12, 24, 9229);
INSERT INTO DCL_ROLESMENU (ROLEID, MENUITEMID, RM_ID) VALUES (12, 26, 9230);
INSERT INTO DCL_ROLESMENU (ROLEID, MENUITEMID, RM_ID) VALUES (12, 27, 9231);
INSERT INTO DCL_ROLESMENU (ROLEID, MENUITEMID, RM_ID) VALUES (12, 28, 9232);
INSERT INTO DCL_ROLESMENU (ROLEID, MENUITEMID, RM_ID) VALUES (12, 29, 9233);
INSERT INTO DCL_ROLESMENU (ROLEID, MENUITEMID, RM_ID) VALUES (12, 32, 9234);
INSERT INTO DCL_ROLESMENU (ROLEID, MENUITEMID, RM_ID) VALUES (12, 33, 9235);
INSERT INTO DCL_ROLESMENU (ROLEID, MENUITEMID, RM_ID) VALUES (12, 34, 9236);
INSERT INTO DCL_ROLESMENU (ROLEID, MENUITEMID, RM_ID) VALUES (12, 35, 9237);
INSERT INTO DCL_ROLESMENU (ROLEID, MENUITEMID, RM_ID) VALUES (12, 36, 9238);
INSERT INTO DCL_ROLESMENU (ROLEID, MENUITEMID, RM_ID) VALUES (12, 37, 9239);
INSERT INTO DCL_ROLESMENU (ROLEID, MENUITEMID, RM_ID) VALUES (12, 38, 9240);
INSERT INTO DCL_ROLESMENU (ROLEID, MENUITEMID, RM_ID) VALUES (12, 39, 9241);
INSERT INTO DCL_ROLESMENU (ROLEID, MENUITEMID, RM_ID) VALUES (12, 40, 9242);
INSERT INTO DCL_ROLESMENU (ROLEID, MENUITEMID, RM_ID) VALUES (12, 41, 9243);
INSERT INTO DCL_ROLESMENU (ROLEID, MENUITEMID, RM_ID) VALUES (12, 42, 9244);
INSERT INTO DCL_ROLESMENU (ROLEID, MENUITEMID, RM_ID) VALUES (12, 43, 9245);
INSERT INTO DCL_ROLESMENU (ROLEID, MENUITEMID, RM_ID) VALUES (12, 44, 9246);
INSERT INTO DCL_ROLESMENU (ROLEID, MENUITEMID, RM_ID) VALUES (12, 45, 9247);
INSERT INTO DCL_ROLESMENU (ROLEID, MENUITEMID, RM_ID) VALUES (12, 46, 9248);
INSERT INTO DCL_ROLESMENU (ROLEID, MENUITEMID, RM_ID) VALUES (12, 47, 9249);
INSERT INTO DCL_ROLESMENU (ROLEID, MENUITEMID, RM_ID) VALUES (12, 48, 9250);
INSERT INTO DCL_ROLESMENU (ROLEID, MENUITEMID, RM_ID) VALUES (12, 49, 9251);
INSERT INTO DCL_ROLESMENU (ROLEID, MENUITEMID, RM_ID) VALUES (12, 50, 9252);
INSERT INTO DCL_ROLESMENU (ROLEID, MENUITEMID, RM_ID) VALUES (12, 51, 9253);
INSERT INTO DCL_ROLESMENU (ROLEID, MENUITEMID, RM_ID) VALUES (12, 52, 9254);
INSERT INTO DCL_ROLESMENU (ROLEID, MENUITEMID, RM_ID) VALUES (12, 53, 9255);
INSERT INTO DCL_ROLESMENU (ROLEID, MENUITEMID, RM_ID) VALUES (12, 54, 9256);
INSERT INTO DCL_ROLESMENU (ROLEID, MENUITEMID, RM_ID) VALUES (12, 55, 9257);
INSERT INTO DCL_ROLESMENU (ROLEID, MENUITEMID, RM_ID) VALUES (12, 56, 9258);
INSERT INTO DCL_ROLESMENU (ROLEID, MENUITEMID, RM_ID) VALUES (12, 57, 9259);
INSERT INTO DCL_ROLESMENU (ROLEID, MENUITEMID, RM_ID) VALUES (12, 58, 9260);
INSERT INTO DCL_ROLESMENU (ROLEID, MENUITEMID, RM_ID) VALUES (12, 59, 9261);
INSERT INTO DCL_ROLESMENU (ROLEID, MENUITEMID, RM_ID) VALUES (12, 60, 9262);
INSERT INTO DCL_ROLESMENU (ROLEID, MENUITEMID, RM_ID) VALUES (13, 1, 9263);
INSERT INTO DCL_ROLESMENU (ROLEID, MENUITEMID, RM_ID) VALUES (13, 2, 9264);
INSERT INTO DCL_ROLESMENU (ROLEID, MENUITEMID, RM_ID) VALUES (13, 3, 9265);
INSERT INTO DCL_ROLESMENU (ROLEID, MENUITEMID, RM_ID) VALUES (13, 5, 9266);
INSERT INTO DCL_ROLESMENU (ROLEID, MENUITEMID, RM_ID) VALUES (13, 6, 9267);
INSERT INTO DCL_ROLESMENU (ROLEID, MENUITEMID, RM_ID) VALUES (13, 7, 9268);
INSERT INTO DCL_ROLESMENU (ROLEID, MENUITEMID, RM_ID) VALUES (13, 8, 9269);
INSERT INTO DCL_ROLESMENU (ROLEID, MENUITEMID, RM_ID) VALUES (13, 9, 9270);
INSERT INTO DCL_ROLESMENU (ROLEID, MENUITEMID, RM_ID) VALUES (13, 13, 9271);
INSERT INTO DCL_ROLESMENU (ROLEID, MENUITEMID, RM_ID) VALUES (13, 14, 9272);
INSERT INTO DCL_ROLESMENU (ROLEID, MENUITEMID, RM_ID) VALUES (13, 15, 9273);
INSERT INTO DCL_ROLESMENU (ROLEID, MENUITEMID, RM_ID) VALUES (13, 16, 9274);
INSERT INTO DCL_ROLESMENU (ROLEID, MENUITEMID, RM_ID) VALUES (13, 17, 9275);
INSERT INTO DCL_ROLESMENU (ROLEID, MENUITEMID, RM_ID) VALUES (13, 18, 9276);
INSERT INTO DCL_ROLESMENU (ROLEID, MENUITEMID, RM_ID) VALUES (13, 19, 9277);
INSERT INTO DCL_ROLESMENU (ROLEID, MENUITEMID, RM_ID) VALUES (13, 20, 9278);
INSERT INTO DCL_ROLESMENU (ROLEID, MENUITEMID, RM_ID) VALUES (13, 21, 9279);
INSERT INTO DCL_ROLESMENU (ROLEID, MENUITEMID, RM_ID) VALUES (13, 22, 9280);
INSERT INTO DCL_ROLESMENU (ROLEID, MENUITEMID, RM_ID) VALUES (13, 23, 9281);
INSERT INTO DCL_ROLESMENU (ROLEID, MENUITEMID, RM_ID) VALUES (13, 24, 9282);
INSERT INTO DCL_ROLESMENU (ROLEID, MENUITEMID, RM_ID) VALUES (13, 26, 9283);
INSERT INTO DCL_ROLESMENU (ROLEID, MENUITEMID, RM_ID) VALUES (13, 27, 9284);
INSERT INTO DCL_ROLESMENU (ROLEID, MENUITEMID, RM_ID) VALUES (13, 28, 9285);
INSERT INTO DCL_ROLESMENU (ROLEID, MENUITEMID, RM_ID) VALUES (13, 29, 9286);
INSERT INTO DCL_ROLESMENU (ROLEID, MENUITEMID, RM_ID) VALUES (13, 32, 9287);
INSERT INTO DCL_ROLESMENU (ROLEID, MENUITEMID, RM_ID) VALUES (13, 33, 9288);
INSERT INTO DCL_ROLESMENU (ROLEID, MENUITEMID, RM_ID) VALUES (13, 34, 9289);
INSERT INTO DCL_ROLESMENU (ROLEID, MENUITEMID, RM_ID) VALUES (13, 35, 9290);
INSERT INTO DCL_ROLESMENU (ROLEID, MENUITEMID, RM_ID) VALUES (13, 36, 9291);
INSERT INTO DCL_ROLESMENU (ROLEID, MENUITEMID, RM_ID) VALUES (13, 37, 9292);
INSERT INTO DCL_ROLESMENU (ROLEID, MENUITEMID, RM_ID) VALUES (13, 38, 9293);
INSERT INTO DCL_ROLESMENU (ROLEID, MENUITEMID, RM_ID) VALUES (13, 39, 9294);
INSERT INTO DCL_ROLESMENU (ROLEID, MENUITEMID, RM_ID) VALUES (13, 40, 9295);
INSERT INTO DCL_ROLESMENU (ROLEID, MENUITEMID, RM_ID) VALUES (13, 41, 9296);
INSERT INTO DCL_ROLESMENU (ROLEID, MENUITEMID, RM_ID) VALUES (13, 42, 9297);
INSERT INTO DCL_ROLESMENU (ROLEID, MENUITEMID, RM_ID) VALUES (13, 43, 9298);
INSERT INTO DCL_ROLESMENU (ROLEID, MENUITEMID, RM_ID) VALUES (13, 44, 9299);
INSERT INTO DCL_ROLESMENU (ROLEID, MENUITEMID, RM_ID) VALUES (13, 45, 9300);
INSERT INTO DCL_ROLESMENU (ROLEID, MENUITEMID, RM_ID) VALUES (13, 46, 9301);
INSERT INTO DCL_ROLESMENU (ROLEID, MENUITEMID, RM_ID) VALUES (13, 47, 9302);
INSERT INTO DCL_ROLESMENU (ROLEID, MENUITEMID, RM_ID) VALUES (13, 48, 9303);
INSERT INTO DCL_ROLESMENU (ROLEID, MENUITEMID, RM_ID) VALUES (13, 49, 9304);
INSERT INTO DCL_ROLESMENU (ROLEID, MENUITEMID, RM_ID) VALUES (13, 50, 9305);
INSERT INTO DCL_ROLESMENU (ROLEID, MENUITEMID, RM_ID) VALUES (13, 51, 9306);
INSERT INTO DCL_ROLESMENU (ROLEID, MENUITEMID, RM_ID) VALUES (13, 52, 9307);
INSERT INTO DCL_ROLESMENU (ROLEID, MENUITEMID, RM_ID) VALUES (13, 53, 9308);
INSERT INTO DCL_ROLESMENU (ROLEID, MENUITEMID, RM_ID) VALUES (13, 54, 9309);
INSERT INTO DCL_ROLESMENU (ROLEID, MENUITEMID, RM_ID) VALUES (13, 55, 9310);
INSERT INTO DCL_ROLESMENU (ROLEID, MENUITEMID, RM_ID) VALUES (13, 56, 9311);
INSERT INTO DCL_ROLESMENU (ROLEID, MENUITEMID, RM_ID) VALUES (13, 57, 9312);
INSERT INTO DCL_ROLESMENU (ROLEID, MENUITEMID, RM_ID) VALUES (13, 58, 9313);
INSERT INTO DCL_ROLESMENU (ROLEID, MENUITEMID, RM_ID) VALUES (13, 59, 9314);
INSERT INTO DCL_ROLESMENU (ROLEID, MENUITEMID, RM_ID) VALUES (13, 60, 9315);
INSERT INTO DCL_ROLESMENU (ROLEID, MENUITEMID, RM_ID) VALUES (11, 10, 9316);
INSERT INTO DCL_ROLESMENU (ROLEID, MENUITEMID, RM_ID) VALUES (12, 10, 9317);
INSERT INTO DCL_ROLESMENU (ROLEID, MENUITEMID, RM_ID) VALUES (13, 10, 9318);

COMMIT WORK;

INSERT INTO DCL_TEMPLATES (ID, TEMPL_NAME, TEMPL_DATA) VALUES (9116, 'EmplCart', :h4CDC_2400);
INSERT INTO DCL_TEMPLATES (ID, TEMPL_NAME, TEMPL_DATA) VALUES (9117, 'EmplCartTable', :h70DC_1600);

COMMIT WORK;

INSERT INTO DCL_USERS (UID, DCL_USER_NAME, DCL_LONG_USER_NAME, DCL_USER_PASS, DCL_ROLE, SHOWINLIST, ACCESSLEVEL) VALUES (3, 'Oper', 'Оператор', 'Oper', 13, 1, 1);
INSERT INTO DCL_USERS (UID, DCL_USER_NAME, DCL_LONG_USER_NAME, DCL_USER_PASS, DCL_ROLE, SHOWINLIST, ACCESSLEVEL) VALUES (1, 'Admin', 'Администратор', 'Admin', 11, NULL, 8);
INSERT INTO DCL_USERS (UID, DCL_USER_NAME, DCL_LONG_USER_NAME, DCL_USER_PASS, DCL_ROLE, SHOWINLIST, ACCESSLEVEL) VALUES (2, 'Dir', 'Директор', 'Dir', 12, 1, 5);

COMMIT WORK;

INSERT INTO EMPLOYEE (EMPNO, LASTNAME, FIRSTNAME, PHONEEXT, HIREDATE, SALARY) VALUES (2, 'нельсон', 'Roberto', '250', '1988-12-28 00:00:00', 40000);
INSERT INTO EMPLOYEE (EMPNO, LASTNAME, FIRSTNAME, PHONEEXT, HIREDATE, SALARY) VALUES (4, 'Young', 'Bruce', '233', '1988-12-28 00:00:00', 55500);
INSERT INTO EMPLOYEE (EMPNO, LASTNAME, FIRSTNAME, PHONEEXT, HIREDATE, SALARY) VALUES (5, 'Lambert', 'Kim', '22', '1989-02-06 00:00:00', 25000);
INSERT INTO EMPLOYEE (EMPNO, LASTNAME, FIRSTNAME, PHONEEXT, HIREDATE, SALARY) VALUES (8, 'Johnson', 'Leslie', '410', '1989-04-05 00:00:00', 25050);
INSERT INTO EMPLOYEE (EMPNO, LASTNAME, FIRSTNAME, PHONEEXT, HIREDATE, SALARY) VALUES (9, 'Forest', 'Phil', '229', '1989-04-17 00:00:00', 25050);
INSERT INTO EMPLOYEE (EMPNO, LASTNAME, FIRSTNAME, PHONEEXT, HIREDATE, SALARY) VALUES (11, 'Weston', 'KJ', '34', '1990-01-17 00:00:00', 33292.9375);
INSERT INTO EMPLOYEE (EMPNO, LASTNAME, FIRSTNAME, PHONEEXT, HIREDATE, SALARY) VALUES (12, 'Lee', 'Terri', '256', '1990-05-01 00:00:00', 45332);
INSERT INTO EMPLOYEE (EMPNO, LASTNAME, FIRSTNAME, PHONEEXT, HIREDATE, SALARY) VALUES (14, 'Hall', 'Stewart', '227', '1990-06-04 00:00:00', 34482.625);
INSERT INTO EMPLOYEE (EMPNO, LASTNAME, FIRSTNAME, PHONEEXT, HIREDATE, SALARY) VALUES (15, 'Young', 'Katherine', '231', '1990-06-14 00:00:00', 24400);
INSERT INTO EMPLOYEE (EMPNO, LASTNAME, FIRSTNAME, PHONEEXT, HIREDATE, SALARY) VALUES (20, 'Papadopoulos', 'Chris', '887', '1990-01-01 00:00:00', 25050);
INSERT INTO EMPLOYEE (EMPNO, LASTNAME, FIRSTNAME, PHONEEXT, HIREDATE, SALARY) VALUES (24, 'Fisher', 'Pete', '888', '1990-09-12 00:00:00', 23040);
INSERT INTO EMPLOYEE (EMPNO, LASTNAME, FIRSTNAME, PHONEEXT, HIREDATE, SALARY) VALUES (28, 'Bennet', 'Ann', '5', '1991-02-01 00:00:00', 34482.8);
INSERT INTO EMPLOYEE (EMPNO, LASTNAME, FIRSTNAME, PHONEEXT, HIREDATE, SALARY) VALUES (29, 'De Souza', 'Roger', '288', '1991-02-18 00:00:00', 25500);
INSERT INTO EMPLOYEE (EMPNO, LASTNAME, FIRSTNAME, PHONEEXT, HIREDATE, SALARY) VALUES (34, 'Baldwin', 'Janet', '2', '1991-03-21 00:00:00', 23300);
INSERT INTO EMPLOYEE (EMPNO, LASTNAME, FIRSTNAME, PHONEEXT, HIREDATE, SALARY) VALUES (36, 'Reeves', 'Roger', '6', '1991-04-25 00:00:00', 33620);
INSERT INTO EMPLOYEE (EMPNO, LASTNAME, FIRSTNAME, PHONEEXT, HIREDATE, SALARY) VALUES (37, 'Stansbury', 'Willie', '7', '1991-04-25 00:00:00', 39224);
INSERT INTO EMPLOYEE (EMPNO, LASTNAME, FIRSTNAME, PHONEEXT, HIREDATE, SALARY) VALUES (44, 'Phong', 'Leslie', '216', '1991-06-03 00:00:00', 40350);
INSERT INTO EMPLOYEE (EMPNO, LASTNAME, FIRSTNAME, PHONEEXT, HIREDATE, SALARY) VALUES (45, 'Ramanathan', 'Ashok', '209', '1991-08-01 00:00:00', 33292.94);
INSERT INTO EMPLOYEE (EMPNO, LASTNAME, FIRSTNAME, PHONEEXT, HIREDATE, SALARY) VALUES (46, 'Steadman', 'Walter', '210', '1991-08-09 00:00:00', 19599);
INSERT INTO EMPLOYEE (EMPNO, LASTNAME, FIRSTNAME, PHONEEXT, HIREDATE, SALARY) VALUES (52, 'Nordstrom', 'Carol', '420', '1991-10-02 00:00:00', 4500);
INSERT INTO EMPLOYEE (EMPNO, LASTNAME, FIRSTNAME, PHONEEXT, HIREDATE, SALARY) VALUES (61, 'Leung', 'Luke', '3', '1992-02-18 00:00:00', 34500);
INSERT INTO EMPLOYEE (EMPNO, LASTNAME, FIRSTNAME, PHONEEXT, HIREDATE, SALARY) VALUES (65, 'O''Brien', 'Sue Anne', '877', '1992-03-23 00:00:00', 31275);
INSERT INTO EMPLOYEE (EMPNO, LASTNAME, FIRSTNAME, PHONEEXT, HIREDATE, SALARY) VALUES (71, 'Burbank', 'Jennifer M.', '289', '1992-04-15 00:00:00', 45332);
INSERT INTO EMPLOYEE (EMPNO, LASTNAME, FIRSTNAME, PHONEEXT, HIREDATE, SALARY) VALUES (72, 'Sutherland', 'Claudia', NULL, '1992-04-20 00:00:00', 35699);
INSERT INTO EMPLOYEE (EMPNO, LASTNAME, FIRSTNAME, PHONEEXT, HIREDATE, SALARY) VALUES (83, 'Bishop', 'Dana', '290', '1992-06-01 00:00:00', 45000);
INSERT INTO EMPLOYEE (EMPNO, LASTNAME, FIRSTNAME, PHONEEXT, HIREDATE, SALARY) VALUES (85, 'MacDonald', 'Mary S.', '477', '1992-06-01 00:00:00', 35699);
INSERT INTO EMPLOYEE (EMPNO, LASTNAME, FIRSTNAME, PHONEEXT, HIREDATE, SALARY) VALUES (94, 'Williams', 'Randy', '892', '1992-08-08 00:00:00', 28900);
INSERT INTO EMPLOYEE (EMPNO, LASTNAME, FIRSTNAME, PHONEEXT, HIREDATE, SALARY) VALUES (105, 'Bender', 'Oliver H.', '255', '1992-10-08 00:00:00', 36799);
INSERT INTO EMPLOYEE (EMPNO, LASTNAME, FIRSTNAME, PHONEEXT, HIREDATE, SALARY) VALUES (107, 'Cook', 'Kevin', '894', '1993-02-01 00:00:00', 35500);
INSERT INTO EMPLOYEE (EMPNO, LASTNAME, FIRSTNAME, PHONEEXT, HIREDATE, SALARY) VALUES (109, 'Brown', 'Kelly', '202', '1993-02-04 00:00:00', 27000);
INSERT INTO EMPLOYEE (EMPNO, LASTNAME, FIRSTNAME, PHONEEXT, HIREDATE, SALARY) VALUES (110, 'Ichida', 'Yuki', '22', '1993-02-04 00:00:00', 25689);
INSERT INTO EMPLOYEE (EMPNO, LASTNAME, FIRSTNAME, PHONEEXT, HIREDATE, SALARY) VALUES (113, 'Page', 'Mary', '845', '1993-04-12 00:00:00', 48000);
INSERT INTO EMPLOYEE (EMPNO, LASTNAME, FIRSTNAME, PHONEEXT, HIREDATE, SALARY) VALUES (114, 'Parker', 'Bill', '247', '1993-06-01 00:00:00', 35000);
INSERT INTO EMPLOYEE (EMPNO, LASTNAME, FIRSTNAME, PHONEEXT, HIREDATE, SALARY) VALUES (118, 'Yamamoto', 'Takashi', '23', '1993-07-01 00:00:00', 32500);
INSERT INTO EMPLOYEE (EMPNO, LASTNAME, FIRSTNAME, PHONEEXT, HIREDATE, SALARY) VALUES (121, 'Ferrari', 'Roberto', '1', '1993-07-12 00:00:00', 40500);
INSERT INTO EMPLOYEE (EMPNO, LASTNAME, FIRSTNAME, PHONEEXT, HIREDATE, SALARY) VALUES (127, 'Yanowski', 'Michael', '492', '1993-08-09 00:00:00', 44000);
INSERT INTO EMPLOYEE (EMPNO, LASTNAME, FIRSTNAME, PHONEEXT, HIREDATE, SALARY) VALUES (134, 'Glon', 'Jacques', NULL, '1993-08-23 00:00:00', 24855);
INSERT INTO EMPLOYEE (EMPNO, LASTNAME, FIRSTNAME, PHONEEXT, HIREDATE, SALARY) VALUES (136, 'Johnson', 'Scott', '265', '1993-09-13 00:00:00', 30588.99);
INSERT INTO EMPLOYEE (EMPNO, LASTNAME, FIRSTNAME, PHONEEXT, HIREDATE, SALARY) VALUES (138, 'Green', 'T.J.', '218', '1993-11-01 00:00:00', 36000);
INSERT INTO EMPLOYEE (EMPNO, LASTNAME, FIRSTNAME, PHONEEXT, HIREDATE, SALARY) VALUES (141, 'Osborne', 'Pierre', NULL, '1994-01-03 00:00:00', 35600);
INSERT INTO EMPLOYEE (EMPNO, LASTNAME, FIRSTNAME, PHONEEXT, HIREDATE, SALARY) VALUES (144, 'Montgomery', 'John', '820', '1994-03-30 00:00:00', 35699);
INSERT INTO EMPLOYEE (EMPNO, LASTNAME, FIRSTNAME, PHONEEXT, HIREDATE, SALARY) VALUES (145, 'Guckenheimer', 'Mark', '221', '1994-05-02 00:00:00', 32000);
INSERT INTO EMPLOYEE (EMPNO, LASTNAME, FIRSTNAME, PHONEEXT, HIREDATE, SALARY) VALUES (-1, '<Пусто>', NULL, NULL, NULL, NULL);

COMMIT WORK;

INSERT INTO IMAGES (IMG_ID, PART_ID, PART_IMAGE, PART_DESCRIPTION) VALUES (9111, 900, :h86DC_23D6E, :h2C44A_2E);
INSERT INTO IMAGES (IMG_ID, PART_ID, PART_IMAGE, PART_DESCRIPTION) VALUES (9112, 912, :h2C478_1D4F6, NULL);

COMMIT WORK;

INSERT INTO ORDERS (ORDERNO, CUSTNO, SALEDATE, SHIPDATE, EMPNO, SHIPTOCONTACT, SHIPTOADDR1, SHIPTOADDR2, SHIPTOCITY, SHIPTOSTATE, SHIPTOZIP, SHIPTOCOUNTRY, SHIPTOPHONE, SHIPVIA, PO, TERMS, PAYMENTMETHOD, ITEMSTOTAL, TAXRATE, FREIGHT, AMOUNTPAID) VALUES (1003, 1351, '1988-04-12 00:00:00', '1988-05-03 12:00:00', 114, NULL, NULL, NULL, NULL, NULL, NULL, NULL, NULL, 'UPS', NULL, 'FOB', 'Credit', 1250, 4.5, 0, 0);
INSERT INTO ORDERS (ORDERNO, CUSTNO, SALEDATE, SHIPDATE, EMPNO, SHIPTOCONTACT, SHIPTOADDR1, SHIPTOADDR2, SHIPTOCITY, SHIPTOSTATE, SHIPTOZIP, SHIPTOCOUNTRY, SHIPTOPHONE, SHIPVIA, PO, TERMS, PAYMENTMETHOD, ITEMSTOTAL, TAXRATE, FREIGHT, AMOUNTPAID) VALUES (1004, 2156, '1988-04-17 00:00:00', '1988-04-18 00:00:00', 145, 'Maria Eventosh', 'PO Box 737', NULL, 'Johannesburg', NULL, '2042', 'Republic So. Africa', '27-11-4432458', 'DHL', NULL, 'FOB', 'Check', 7885, 0, 0, 7885);
INSERT INTO ORDERS (ORDERNO, CUSTNO, SALEDATE, SHIPDATE, EMPNO, SHIPTOCONTACT, SHIPTOADDR1, SHIPTOADDR2, SHIPTOCITY, SHIPTOSTATE, SHIPTOZIP, SHIPTOCOUNTRY, SHIPTOPHONE, SHIPVIA, PO, TERMS, PAYMENTMETHOD, ITEMSTOTAL, TAXRATE, FREIGHT, AMOUNTPAID) VALUES (1005, 1356, '1988-04-20 00:00:00', '1988-01-21 12:00:00', 110, NULL, NULL, NULL, NULL, NULL, NULL, NULL, NULL, 'UPS', NULL, 'FOB', 'Visa', 4807, 0, 0, 4807);
INSERT INTO ORDERS (ORDERNO, CUSTNO, SALEDATE, SHIPDATE, EMPNO, SHIPTOCONTACT, SHIPTOADDR1, SHIPTOADDR2, SHIPTOCITY, SHIPTOSTATE, SHIPTOZIP, SHIPTOCOUNTRY, SHIPTOPHONE, SHIPVIA, PO, TERMS, PAYMENTMETHOD, ITEMSTOTAL, TAXRATE, FREIGHT, AMOUNTPAID) VALUES (1006, 1380, '1994-11-06 00:00:00', '1988-11-07 12:00:00', 46, NULL, NULL, NULL, NULL, NULL, NULL, NULL, NULL, 'Emery', 'P101324', 'FOB', 'Visa', 31987, 0, 0, 0);
INSERT INTO ORDERS (ORDERNO, CUSTNO, SALEDATE, SHIPDATE, EMPNO, SHIPTOCONTACT, SHIPTOADDR1, SHIPTOADDR2, SHIPTOCITY, SHIPTOSTATE, SHIPTOZIP, SHIPTOCOUNTRY, SHIPTOPHONE, SHIPVIA, PO, TERMS, PAYMENTMETHOD, ITEMSTOTAL, TAXRATE, FREIGHT, AMOUNTPAID) VALUES (1007, 1384, '1988-05-01 00:00:00', '1988-05-02 00:00:00', 45, NULL, NULL, NULL, NULL, NULL, NULL, NULL, NULL, 'US Mail', NULL, 'FOB', 'Visa', 6500, 0, 0, 6500);
INSERT INTO ORDERS (ORDERNO, CUSTNO, SALEDATE, SHIPDATE, EMPNO, SHIPTOCONTACT, SHIPTOADDR1, SHIPTOADDR2, SHIPTOCITY, SHIPTOSTATE, SHIPTOZIP, SHIPTOCOUNTRY, SHIPTOPHONE, SHIPVIA, PO, TERMS, PAYMENTMETHOD, ITEMSTOTAL, TAXRATE, FREIGHT, AMOUNTPAID) VALUES (1008, 1510, '1988-05-03 00:00:00', '1988-05-04 00:00:00', 12, NULL, NULL, NULL, NULL, NULL, NULL, NULL, NULL, 'US Mail', NULL, 'Net 30', 'Visa', 1450, 0, 0, 0);
INSERT INTO ORDERS (ORDERNO, CUSTNO, SALEDATE, SHIPDATE, EMPNO, SHIPTOCONTACT, SHIPTOADDR1, SHIPTOADDR2, SHIPTOCITY, SHIPTOSTATE, SHIPTOZIP, SHIPTOCOUNTRY, SHIPTOPHONE, SHIPVIA, PO, TERMS, PAYMENTMETHOD, ITEMSTOTAL, TAXRATE, FREIGHT, AMOUNTPAID) VALUES (1009, 1513, '1988-05-11 00:00:00', '1988-05-12 00:00:00', 71, NULL, NULL, NULL, NULL, NULL, NULL, NULL, NULL, 'US Mail', NULL, 'Net 30', 'COD', 5587, 0, 0, 0);
INSERT INTO ORDERS (ORDERNO, CUSTNO, SALEDATE, SHIPDATE, EMPNO, SHIPTOCONTACT, SHIPTOADDR1, SHIPTOADDR2, SHIPTOCITY, SHIPTOSTATE, SHIPTOZIP, SHIPTOCOUNTRY, SHIPTOPHONE, SHIPVIA, PO, TERMS, PAYMENTMETHOD, ITEMSTOTAL, TAXRATE, FREIGHT, AMOUNTPAID) VALUES (1010, 1551, '1988-05-11 00:00:00', '1988-05-12 00:00:00', 46, NULL, NULL, NULL, NULL, NULL, NULL, NULL, NULL, 'UPS', NULL, 'Net 30', 'COD', 4996, 0, 0, 4996);
INSERT INTO ORDERS (ORDERNO, CUSTNO, SALEDATE, SHIPDATE, EMPNO, SHIPTOCONTACT, SHIPTOADDR1, SHIPTOADDR2, SHIPTOCITY, SHIPTOSTATE, SHIPTOZIP, SHIPTOCOUNTRY, SHIPTOPHONE, SHIPVIA, PO, TERMS, PAYMENTMETHOD, ITEMSTOTAL, TAXRATE, FREIGHT, AMOUNTPAID) VALUES (1011, 1560, '1988-05-18 00:00:00', '1988-05-19 00:00:00', 5, NULL, NULL, NULL, NULL, NULL, NULL, NULL, NULL, 'UPS', NULL, 'Net 30', 'COD', 2680, 0, 0, 2679.85);
INSERT INTO ORDERS (ORDERNO, CUSTNO, SALEDATE, SHIPDATE, EMPNO, SHIPTOCONTACT, SHIPTOADDR1, SHIPTOADDR2, SHIPTOCITY, SHIPTOSTATE, SHIPTOZIP, SHIPTOCOUNTRY, SHIPTOPHONE, SHIPVIA, PO, TERMS, PAYMENTMETHOD, ITEMSTOTAL, TAXRATE, FREIGHT, AMOUNTPAID) VALUES (1012, 1563, '1988-05-19 00:00:00', '1988-05-20 00:00:00', 118, NULL, NULL, NULL, NULL, NULL, NULL, NULL, NULL, 'UPS', NULL, 'Net 30', 'Credit', 5201, 0, 0, 5201);
INSERT INTO ORDERS (ORDERNO, CUSTNO, SALEDATE, SHIPDATE, EMPNO, SHIPTOCONTACT, SHIPTOADDR1, SHIPTOADDR2, SHIPTOCITY, SHIPTOSTATE, SHIPTOZIP, SHIPTOCOUNTRY, SHIPTOPHONE, SHIPVIA, PO, TERMS, PAYMENTMETHOD, ITEMSTOTAL, TAXRATE, FREIGHT, AMOUNTPAID) VALUES (1013, 1624, '1988-05-25 00:00:00', '1988-05-26 00:00:00', 134, NULL, NULL, NULL, NULL, NULL, NULL, NULL, NULL, 'Emery', NULL, 'Net 30', 'Credit', 3115, 0, 0, 3115);
INSERT INTO ORDERS (ORDERNO, CUSTNO, SALEDATE, SHIPDATE, EMPNO, SHIPTOCONTACT, SHIPTOADDR1, SHIPTOADDR2, SHIPTOCITY, SHIPTOSTATE, SHIPTOZIP, SHIPTOCOUNTRY, SHIPTOPHONE, SHIPVIA, PO, TERMS, PAYMENTMETHOD, ITEMSTOTAL, TAXRATE, FREIGHT, AMOUNTPAID) VALUES (1014, 1645, '1988-05-25 00:00:00', '1988-05-26 00:00:00', 144, NULL, NULL, NULL, NULL, NULL, NULL, NULL, NULL, 'Emery', NULL, 'Net 30', 'Credit', 135, 0, 0, 134.85);
INSERT INTO ORDERS (ORDERNO, CUSTNO, SALEDATE, SHIPDATE, EMPNO, SHIPTOCONTACT, SHIPTOADDR1, SHIPTOADDR2, SHIPTOCITY, SHIPTOSTATE, SHIPTOZIP, SHIPTOCOUNTRY, SHIPTOPHONE, SHIPVIA, PO, TERMS, PAYMENTMETHOD, ITEMSTOTAL, TAXRATE, FREIGHT, AMOUNTPAID) VALUES (1015, 1651, '1988-05-25 00:00:00', '1988-05-26 00:00:00', 71, NULL, NULL, NULL, NULL, NULL, NULL, NULL, NULL, 'Emery', NULL, 'FOB', 'MC', 20322, 0, 0, 20321.75);
INSERT INTO ORDERS (ORDERNO, CUSTNO, SALEDATE, SHIPDATE, EMPNO, SHIPTOCONTACT, SHIPTOADDR1, SHIPTOADDR2, SHIPTOCITY, SHIPTOSTATE, SHIPTOZIP, SHIPTOCOUNTRY, SHIPTOPHONE, SHIPVIA, PO, TERMS, PAYMENTMETHOD, ITEMSTOTAL, TAXRATE, FREIGHT, AMOUNTPAID) VALUES (1016, 1680, '1988-06-02 00:00:00', '1988-06-03 00:00:00', 65, NULL, NULL, NULL, NULL, NULL, NULL, NULL, NULL, 'UPS', NULL, 'FOB', 'AmEx', 2605, 0, 0, 0);
INSERT INTO ORDERS (ORDERNO, CUSTNO, SALEDATE, SHIPDATE, EMPNO, SHIPTOCONTACT, SHIPTOADDR1, SHIPTOADDR2, SHIPTOCITY, SHIPTOSTATE, SHIPTOZIP, SHIPTOCOUNTRY, SHIPTOPHONE, SHIPVIA, PO, TERMS, PAYMENTMETHOD, ITEMSTOTAL, TAXRATE, FREIGHT, AMOUNTPAID) VALUES (1017, 1984, '1988-06-12 00:00:00', '1988-06-13 00:00:00', 28, NULL, NULL, NULL, NULL, NULL, NULL, NULL, NULL, 'DHL', NULL, 'FOB', 'Check', 10195, 0, 0, 0);
INSERT INTO ORDERS (ORDERNO, CUSTNO, SALEDATE, SHIPDATE, EMPNO, SHIPTOCONTACT, SHIPTOADDR1, SHIPTOADDR2, SHIPTOCITY, SHIPTOSTATE, SHIPTOZIP, SHIPTOCOUNTRY, SHIPTOPHONE, SHIPVIA, PO, TERMS, PAYMENTMETHOD, ITEMSTOTAL, TAXRATE, FREIGHT, AMOUNTPAID) VALUES (1018, 2118, '1988-06-18 00:00:00', '1988-06-19 00:00:00', 118, NULL, NULL, NULL, NULL, NULL, NULL, NULL, NULL, 'DHL', NULL, 'FOB', 'Check', 5256, 0, 0, 0);
INSERT INTO ORDERS (ORDERNO, CUSTNO, SALEDATE, SHIPDATE, EMPNO, SHIPTOCONTACT, SHIPTOADDR1, SHIPTOADDR2, SHIPTOCITY, SHIPTOSTATE, SHIPTOZIP, SHIPTOCOUNTRY, SHIPTOPHONE, SHIPVIA, PO, TERMS, PAYMENTMETHOD, ITEMSTOTAL, TAXRATE, FREIGHT, AMOUNTPAID) VALUES (1019, 2135, '1988-06-24 00:00:00', '1988-06-25 00:00:00', 114, NULL, NULL, NULL, NULL, NULL, NULL, NULL, NULL, 'DHL', NULL, 'Net 30', 'Credit', 20602, 0, 0, 0);
INSERT INTO ORDERS (ORDERNO, CUSTNO, SALEDATE, SHIPDATE, EMPNO, SHIPTOCONTACT, SHIPTOADDR1, SHIPTOADDR2, SHIPTOCITY, SHIPTOSTATE, SHIPTOZIP, SHIPTOCOUNTRY, SHIPTOPHONE, SHIPVIA, PO, TERMS, PAYMENTMETHOD, ITEMSTOTAL, TAXRATE, FREIGHT, AMOUNTPAID) VALUES (1020, 2156, '1988-06-24 00:00:00', '1988-06-25 00:00:00', 61, NULL, NULL, NULL, NULL, NULL, NULL, NULL, NULL, 'DHL', NULL, 'Net 30', 'Credit', 9955, 0, 0, 9955);
INSERT INTO ORDERS (ORDERNO, CUSTNO, SALEDATE, SHIPDATE, EMPNO, SHIPTOCONTACT, SHIPTOADDR1, SHIPTOADDR2, SHIPTOCITY, SHIPTOSTATE, SHIPTOZIP, SHIPTOCOUNTRY, SHIPTOPHONE, SHIPVIA, PO, TERMS, PAYMENTMETHOD, ITEMSTOTAL, TAXRATE, FREIGHT, AMOUNTPAID) VALUES (1021, 2163, '1988-06-24 00:00:00', '1988-06-25 00:00:00', 52, NULL, NULL, NULL, NULL, NULL, NULL, NULL, NULL, 'UPS', NULL, 'Net 30', 'Credit', 3719, 0, 0, 3719);
INSERT INTO ORDERS (ORDERNO, CUSTNO, SALEDATE, SHIPDATE, EMPNO, SHIPTOCONTACT, SHIPTOADDR1, SHIPTOADDR2, SHIPTOCITY, SHIPTOSTATE, SHIPTOZIP, SHIPTOCOUNTRY, SHIPTOPHONE, SHIPVIA, PO, TERMS, PAYMENTMETHOD, ITEMSTOTAL, TAXRATE, FREIGHT, AMOUNTPAID) VALUES (1022, 2163, '1988-06-30 00:00:00', '1988-07-01 00:00:00', 46, NULL, NULL, NULL, NULL, NULL, NULL, NULL, NULL, 'UPS', NULL, 'Net 30', 'Credit', 10065, 0, 0, 10064.65);
INSERT INTO ORDERS (ORDERNO, CUSTNO, SALEDATE, SHIPDATE, EMPNO, SHIPTOCONTACT, SHIPTOADDR1, SHIPTOADDR2, SHIPTOCITY, SHIPTOSTATE, SHIPTOZIP, SHIPTOCOUNTRY, SHIPTOPHONE, SHIPVIA, PO, TERMS, PAYMENTMETHOD, ITEMSTOTAL, TAXRATE, FREIGHT, AMOUNTPAID) VALUES (1023, 1221, '1988-07-01 00:00:00', '1988-07-02 00:00:00', 5, NULL, NULL, NULL, NULL, NULL, NULL, NULL, NULL, 'UPS', NULL, 'Net 30', 'Check', 4674, 0, 0, 4674);
INSERT INTO ORDERS (ORDERNO, CUSTNO, SALEDATE, SHIPDATE, EMPNO, SHIPTOCONTACT, SHIPTOADDR1, SHIPTOADDR2, SHIPTOCITY, SHIPTOSTATE, SHIPTOZIP, SHIPTOCOUNTRY, SHIPTOPHONE, SHIPVIA, PO, TERMS, PAYMENTMETHOD, ITEMSTOTAL, TAXRATE, FREIGHT, AMOUNTPAID) VALUES (1024, 3151, '1988-07-02 00:00:00', '1988-07-03 00:00:00', 2, NULL, NULL, NULL, NULL, NULL, NULL, NULL, NULL, 'UPS', NULL, 'Net 30', 'Check', 6897, 0, 0, 6897);
INSERT INTO ORDERS (ORDERNO, CUSTNO, SALEDATE, SHIPDATE, EMPNO, SHIPTOCONTACT, SHIPTOADDR1, SHIPTOADDR2, SHIPTOCITY, SHIPTOSTATE, SHIPTOZIP, SHIPTOCOUNTRY, SHIPTOPHONE, SHIPVIA, PO, TERMS, PAYMENTMETHOD, ITEMSTOTAL, TAXRATE, FREIGHT, AMOUNTPAID) VALUES (1025, 1510, '1988-07-03 00:00:00', '1988-07-04 00:00:00', 8, NULL, NULL, NULL, NULL, NULL, NULL, NULL, NULL, 'DHL', NULL, 'Net 30', 'AmEx', 930, 0, 0, 930);
INSERT INTO ORDERS (ORDERNO, CUSTNO, SALEDATE, SHIPDATE, EMPNO, SHIPTOCONTACT, SHIPTOADDR1, SHIPTOADDR2, SHIPTOCITY, SHIPTOSTATE, SHIPTOZIP, SHIPTOCOUNTRY, SHIPTOPHONE, SHIPVIA, PO, TERMS, PAYMENTMETHOD, ITEMSTOTAL, TAXRATE, FREIGHT, AMOUNTPAID) VALUES (1026, 1624, '1988-07-07 00:00:00', '1988-07-08 00:00:00', 44, NULL, NULL, NULL, NULL, NULL, NULL, NULL, NULL, 'UPS', NULL, 'Net 30', 'AmEx', 2920, 0, 0, 2920);
INSERT INTO ORDERS (ORDERNO, CUSTNO, SALEDATE, SHIPDATE, EMPNO, SHIPTOCONTACT, SHIPTOADDR1, SHIPTOADDR2, SHIPTOCITY, SHIPTOSTATE, SHIPTOZIP, SHIPTOCOUNTRY, SHIPTOPHONE, SHIPVIA, PO, TERMS, PAYMENTMETHOD, ITEMSTOTAL, TAXRATE, FREIGHT, AMOUNTPAID) VALUES (1027, 1384, '1988-07-07 00:00:00', '1988-07-08 00:00:00', 34, NULL, NULL, NULL, NULL, NULL, NULL, NULL, NULL, 'UPS', NULL, 'Net 30', 'Visa', 25210, 0, 0, 25210);
INSERT INTO ORDERS (ORDERNO, CUSTNO, SALEDATE, SHIPDATE, EMPNO, SHIPTOCONTACT, SHIPTOADDR1, SHIPTOADDR2, SHIPTOCITY, SHIPTOSTATE, SHIPTOZIP, SHIPTOCOUNTRY, SHIPTOPHONE, SHIPVIA, PO, TERMS, PAYMENTMETHOD, ITEMSTOTAL, TAXRATE, FREIGHT, AMOUNTPAID) VALUES (1028, 1651, '1988-07-07 00:00:00', '1988-07-08 00:00:00', 11, NULL, NULL, NULL, NULL, NULL, NULL, NULL, NULL, 'Emery', NULL, 'FOB', 'Visa', 344, 0, 0, 343.8);
INSERT INTO ORDERS (ORDERNO, CUSTNO, SALEDATE, SHIPDATE, EMPNO, SHIPTOCONTACT, SHIPTOADDR1, SHIPTOADDR2, SHIPTOCITY, SHIPTOSTATE, SHIPTOZIP, SHIPTOCOUNTRY, SHIPTOPHONE, SHIPVIA, PO, TERMS, PAYMENTMETHOD, ITEMSTOTAL, TAXRATE, FREIGHT, AMOUNTPAID) VALUES (1029, 1645, '1988-07-18 00:00:00', '1988-07-19 00:00:00', 110, NULL, NULL, NULL, NULL, NULL, NULL, NULL, NULL, 'FedEx', NULL, 'FOB', 'MC', 20108, 0, 0, 20108);
INSERT INTO ORDERS (ORDERNO, CUSTNO, SALEDATE, SHIPDATE, EMPNO, SHIPTOCONTACT, SHIPTOADDR1, SHIPTOADDR2, SHIPTOCITY, SHIPTOSTATE, SHIPTOZIP, SHIPTOCOUNTRY, SHIPTOPHONE, SHIPVIA, PO, TERMS, PAYMENTMETHOD, ITEMSTOTAL, TAXRATE, FREIGHT, AMOUNTPAID) VALUES (1030, 3615, '1988-07-25 00:00:00', '1988-07-26 00:00:00', 107, NULL, NULL, NULL, NULL, NULL, NULL, NULL, NULL, 'FedEx', NULL, 'FOB', 'MC', 560, 0, 0, 559.6);
INSERT INTO ORDERS (ORDERNO, CUSTNO, SALEDATE, SHIPDATE, EMPNO, SHIPTOCONTACT, SHIPTOADDR1, SHIPTOADDR2, SHIPTOCITY, SHIPTOSTATE, SHIPTOZIP, SHIPTOCOUNTRY, SHIPTOPHONE, SHIPVIA, PO, TERMS, PAYMENTMETHOD, ITEMSTOTAL, TAXRATE, FREIGHT, AMOUNTPAID) VALUES (1031, 2118, '1988-07-28 00:00:00', '1988-08-01 00:00:00', 127, NULL, NULL, NULL, NULL, NULL, NULL, NULL, NULL, 'FedEx', NULL, 'FOB', 'Credit', 12685, 0, 0, 12685);
INSERT INTO ORDERS (ORDERNO, CUSTNO, SALEDATE, SHIPDATE, EMPNO, SHIPTOCONTACT, SHIPTOADDR1, SHIPTOADDR2, SHIPTOCITY, SHIPTOSTATE, SHIPTOZIP, SHIPTOCOUNTRY, SHIPTOPHONE, SHIPVIA, PO, TERMS, PAYMENTMETHOD, ITEMSTOTAL, TAXRATE, FREIGHT, AMOUNTPAID) VALUES (1032, 2163, '1988-07-28 00:00:00', '1988-08-01 00:00:00', 144, NULL, NULL, NULL, NULL, NULL, NULL, NULL, NULL, 'FedEx', NULL, 'FOB', 'Credit', 775, 0, 0, 775);
INSERT INTO ORDERS (ORDERNO, CUSTNO, SALEDATE, SHIPDATE, EMPNO, SHIPTOCONTACT, SHIPTOADDR1, SHIPTOADDR2, SHIPTOCITY, SHIPTOSTATE, SHIPTOZIP, SHIPTOCOUNTRY, SHIPTOPHONE, SHIPVIA, PO, TERMS, PAYMENTMETHOD, ITEMSTOTAL, TAXRATE, FREIGHT, AMOUNTPAID) VALUES (1033, 1384, '1988-08-01 00:00:00', '1988-08-02 00:00:00', 138, NULL, NULL, NULL, NULL, NULL, NULL, NULL, NULL, 'FedEx', NULL, 'FOB', 'Cash', 1238, 0, 0, 1238);
INSERT INTO ORDERS (ORDERNO, CUSTNO, SALEDATE, SHIPDATE, EMPNO, SHIPTOCONTACT, SHIPTOADDR1, SHIPTOADDR2, SHIPTOCITY, SHIPTOSTATE, SHIPTOZIP, SHIPTOCOUNTRY, SHIPTOPHONE, SHIPVIA, PO, TERMS, PAYMENTMETHOD, ITEMSTOTAL, TAXRATE, FREIGHT, AMOUNTPAID) VALUES (1034, 1680, '1988-08-13 00:00:00', '1988-08-14 00:00:00', 24, NULL, NULL, NULL, NULL, NULL, NULL, NULL, NULL, 'UPS', NULL, 'FOB', 'Check', 18532, 0, 0, 18532);
INSERT INTO ORDERS (ORDERNO, CUSTNO, SALEDATE, SHIPDATE, EMPNO, SHIPTOCONTACT, SHIPTOADDR1, SHIPTOADDR2, SHIPTOCITY, SHIPTOSTATE, SHIPTOZIP, SHIPTOCOUNTRY, SHIPTOPHONE, SHIPVIA, PO, TERMS, PAYMENTMETHOD, ITEMSTOTAL, TAXRATE, FREIGHT, AMOUNTPAID) VALUES (1035, 1560, '1988-08-16 00:00:00', '1988-08-17 00:00:00', 15, NULL, NULL, NULL, NULL, NULL, NULL, NULL, NULL, 'UPS', NULL, 'FOB', 'Credit', 560, 0, 0, 560);
INSERT INTO ORDERS (ORDERNO, CUSTNO, SALEDATE, SHIPDATE, EMPNO, SHIPTOCONTACT, SHIPTOADDR1, SHIPTOADDR2, SHIPTOCITY, SHIPTOSTATE, SHIPTOZIP, SHIPTOCOUNTRY, SHIPTOPHONE, SHIPVIA, PO, TERMS, PAYMENTMETHOD, ITEMSTOTAL, TAXRATE, FREIGHT, AMOUNTPAID) VALUES (1036, 5384, '1988-08-25 00:00:00', '1988-08-26 00:00:00', 4, NULL, NULL, NULL, NULL, NULL, NULL, NULL, NULL, 'DHL', NULL, 'FOB', 'Credit', 4110, 0, 0, 4110);
INSERT INTO ORDERS (ORDERNO, CUSTNO, SALEDATE, SHIPDATE, EMPNO, SHIPTOCONTACT, SHIPTOADDR1, SHIPTOADDR2, SHIPTOCITY, SHIPTOSTATE, SHIPTOZIP, SHIPTOCOUNTRY, SHIPTOPHONE, SHIPVIA, PO, TERMS, PAYMENTMETHOD, ITEMSTOTAL, TAXRATE, FREIGHT, AMOUNTPAID) VALUES (1037, 1984, '1988-08-26 00:00:00', '1988-08-27 00:00:00', 12, NULL, NULL, NULL, NULL, NULL, NULL, NULL, NULL, 'DHL', NULL, 'FOB', 'Credit', 3117, 0, 0, 3117);
INSERT INTO ORDERS (ORDERNO, CUSTNO, SALEDATE, SHIPDATE, EMPNO, SHIPTOCONTACT, SHIPTOADDR1, SHIPTOADDR2, SHIPTOCITY, SHIPTOSTATE, SHIPTOZIP, SHIPTOCOUNTRY, SHIPTOPHONE, SHIPVIA, PO, TERMS, PAYMENTMETHOD, ITEMSTOTAL, TAXRATE, FREIGHT, AMOUNTPAID) VALUES (1038, 1645, '1988-08-26 00:00:00', '1988-08-27 00:00:00', 72, NULL, NULL, NULL, NULL, NULL, NULL, NULL, NULL, 'DHL', NULL, 'FOB', 'Visa', 10152, 0, 0, 10152);
INSERT INTO ORDERS (ORDERNO, CUSTNO, SALEDATE, SHIPDATE, EMPNO, SHIPTOCONTACT, SHIPTOADDR1, SHIPTOADDR2, SHIPTOCITY, SHIPTOSTATE, SHIPTOZIP, SHIPTOCOUNTRY, SHIPTOPHONE, SHIPVIA, PO, TERMS, PAYMENTMETHOD, ITEMSTOTAL, TAXRATE, FREIGHT, AMOUNTPAID) VALUES (1039, 3158, '1988-08-29 00:00:00', '1988-09-01 00:00:00', 61, NULL, NULL, NULL, NULL, NULL, NULL, NULL, NULL, 'US Mail', NULL, 'FOB', 'Visa', 537, 0, 0, 536.8);
INSERT INTO ORDERS (ORDERNO, CUSTNO, SALEDATE, SHIPDATE, EMPNO, SHIPTOCONTACT, SHIPTOADDR1, SHIPTOADDR2, SHIPTOCITY, SHIPTOSTATE, SHIPTOZIP, SHIPTOCOUNTRY, SHIPTOPHONE, SHIPVIA, PO, TERMS, PAYMENTMETHOD, ITEMSTOTAL, TAXRATE, FREIGHT, AMOUNTPAID) VALUES (1040, 6812, '1988-09-04 00:00:00', '1988-09-05 00:00:00', 52, NULL, NULL, NULL, NULL, NULL, NULL, NULL, NULL, 'US Mail', NULL, 'Net 30', 'Visa', 3632, 0, 0, 3632);
INSERT INTO ORDERS (ORDERNO, CUSTNO, SALEDATE, SHIPDATE, EMPNO, SHIPTOCONTACT, SHIPTOADDR1, SHIPTOADDR2, SHIPTOCITY, SHIPTOSTATE, SHIPTOZIP, SHIPTOCOUNTRY, SHIPTOPHONE, SHIPVIA, PO, TERMS, PAYMENTMETHOD, ITEMSTOTAL, TAXRATE, FREIGHT, AMOUNTPAID) VALUES (1041, 4652, '1988-09-16 00:00:00', '1988-09-17 00:00:00', 109, NULL, NULL, NULL, NULL, NULL, NULL, NULL, NULL, 'US Mail', NULL, 'Net 30', 'AmEx', 7807, 0, 0, 7807);
INSERT INTO ORDERS (ORDERNO, CUSTNO, SALEDATE, SHIPDATE, EMPNO, SHIPTOCONTACT, SHIPTOADDR1, SHIPTOADDR2, SHIPTOCITY, SHIPTOSTATE, SHIPTOZIP, SHIPTOCOUNTRY, SHIPTOPHONE, SHIPVIA, PO, TERMS, PAYMENTMETHOD, ITEMSTOTAL, TAXRATE, FREIGHT, AMOUNTPAID) VALUES (1042, 3984, '1988-09-24 00:00:00', '1988-09-25 00:00:00', 9, NULL, NULL, NULL, NULL, NULL, NULL, NULL, NULL, 'UPS', NULL, 'Net 30', 'AmEx', 972, 0, 0, 971.7);
INSERT INTO ORDERS (ORDERNO, CUSTNO, SALEDATE, SHIPDATE, EMPNO, SHIPTOCONTACT, SHIPTOADDR1, SHIPTOADDR2, SHIPTOCITY, SHIPTOSTATE, SHIPTOZIP, SHIPTOCOUNTRY, SHIPTOPHONE, SHIPVIA, PO, TERMS, PAYMENTMETHOD, ITEMSTOTAL, TAXRATE, FREIGHT, AMOUNTPAID) VALUES (1043, 5132, '1988-09-30 00:00:00', '1988-10-01 00:00:00', 14, NULL, NULL, NULL, NULL, NULL, NULL, NULL, NULL, 'UPS', NULL, 'Net 30', 'Credit', 12455, 0, 0, 12455);
INSERT INTO ORDERS (ORDERNO, CUSTNO, SALEDATE, SHIPDATE, EMPNO, SHIPTOCONTACT, SHIPTOADDR1, SHIPTOADDR2, SHIPTOCITY, SHIPTOSTATE, SHIPTOZIP, SHIPTOCOUNTRY, SHIPTOPHONE, SHIPVIA, PO, TERMS, PAYMENTMETHOD, ITEMSTOTAL, TAXRATE, FREIGHT, AMOUNTPAID) VALUES (1044, 5515, '1988-10-08 00:00:00', '1988-10-09 00:00:00', 12, NULL, NULL, NULL, NULL, NULL, NULL, NULL, NULL, 'UPS', NULL, 'FOB', 'Credit', 64050, 0, 0, 64050);
INSERT INTO ORDERS (ORDERNO, CUSTNO, SALEDATE, SHIPDATE, EMPNO, SHIPTOCONTACT, SHIPTOADDR1, SHIPTOADDR2, SHIPTOCITY, SHIPTOSTATE, SHIPTOZIP, SHIPTOCOUNTRY, SHIPTOPHONE, SHIPVIA, PO, TERMS, PAYMENTMETHOD, ITEMSTOTAL, TAXRATE, FREIGHT, AMOUNTPAID) VALUES (1045, 9841, '1988-10-16 00:00:00', '1988-10-17 00:00:00', 36, NULL, NULL, NULL, NULL, NULL, NULL, NULL, NULL, 'FedEx', NULL, 'FOB', 'Credit', 788, 0, 0, 787.8);
INSERT INTO ORDERS (ORDERNO, CUSTNO, SALEDATE, SHIPDATE, EMPNO, SHIPTOCONTACT, SHIPTOADDR1, SHIPTOADDR2, SHIPTOCITY, SHIPTOSTATE, SHIPTOZIP, SHIPTOCOUNTRY, SHIPTOPHONE, SHIPVIA, PO, TERMS, PAYMENTMETHOD, ITEMSTOTAL, TAXRATE, FREIGHT, AMOUNTPAID) VALUES (1046, 2315, '1988-11-12 00:00:00', '1988-11-13 00:00:00', 24, NULL, NULL, NULL, NULL, NULL, NULL, NULL, NULL, 'FedEx', NULL, 'FOB', 'Check', 767, 0, 0, 766.8);
INSERT INTO ORDERS (ORDERNO, CUSTNO, SALEDATE, SHIPDATE, EMPNO, SHIPTOCONTACT, SHIPTOADDR1, SHIPTOADDR2, SHIPTOCITY, SHIPTOSTATE, SHIPTOZIP, SHIPTOCOUNTRY, SHIPTOPHONE, SHIPVIA, PO, TERMS, PAYMENTMETHOD, ITEMSTOTAL, TAXRATE, FREIGHT, AMOUNTPAID) VALUES (1047, 5515, '1988-11-27 00:00:00', '1988-11-28 00:00:00', 44, NULL, NULL, NULL, NULL, NULL, NULL, NULL, NULL, 'FedEx', NULL, 'FOB', 'Cash', 15365, 0, 0, 15365);
INSERT INTO ORDERS (ORDERNO, CUSTNO, SALEDATE, SHIPDATE, EMPNO, SHIPTOCONTACT, SHIPTOADDR1, SHIPTOADDR2, SHIPTOCITY, SHIPTOSTATE, SHIPTOZIP, SHIPTOCOUNTRY, SHIPTOPHONE, SHIPVIA, PO, TERMS, PAYMENTMETHOD, ITEMSTOTAL, TAXRATE, FREIGHT, AMOUNTPAID) VALUES (1048, 5432, '1988-12-02 00:00:00', '1988-12-03 00:00:00', 118, NULL, NULL, NULL, NULL, NULL, NULL, NULL, NULL, 'FedEx', NULL, 'FOB', 'Visa', 7346, 0, 0, 7346);
INSERT INTO ORDERS (ORDERNO, CUSTNO, SALEDATE, SHIPDATE, EMPNO, SHIPTOCONTACT, SHIPTOADDR1, SHIPTOADDR2, SHIPTOCITY, SHIPTOSTATE, SHIPTOZIP, SHIPTOCOUNTRY, SHIPTOPHONE, SHIPVIA, PO, TERMS, PAYMENTMETHOD, ITEMSTOTAL, TAXRATE, FREIGHT, AMOUNTPAID) VALUES (1049, 9841, '1988-12-13 00:00:00', '1988-12-14 00:00:00', 107, NULL, NULL, NULL, NULL, NULL, NULL, NULL, NULL, 'UPS', NULL, 'FOB', 'MC', 1810, 0, 0, 1809.85);
INSERT INTO ORDERS (ORDERNO, CUSTNO, SALEDATE, SHIPDATE, EMPNO, SHIPTOCONTACT, SHIPTOADDR1, SHIPTOADDR2, SHIPTOCITY, SHIPTOSTATE, SHIPTOZIP, SHIPTOCOUNTRY, SHIPTOPHONE, SHIPVIA, PO, TERMS, PAYMENTMETHOD, ITEMSTOTAL, TAXRATE, FREIGHT, AMOUNTPAID) VALUES (1050, 3052, '1988-12-24 00:00:00', '1988-12-25 00:00:00', 94, NULL, NULL, NULL, NULL, NULL, NULL, NULL, NULL, 'UPS', NULL, 'FOB', 'AmEx', 6288, 0, 0, 6287.85);
INSERT INTO ORDERS (ORDERNO, CUSTNO, SALEDATE, SHIPDATE, EMPNO, SHIPTOCONTACT, SHIPTOADDR1, SHIPTOADDR2, SHIPTOCITY, SHIPTOSTATE, SHIPTOZIP, SHIPTOCOUNTRY, SHIPTOPHONE, SHIPVIA, PO, TERMS, PAYMENTMETHOD, ITEMSTOTAL, TAXRATE, FREIGHT, AMOUNTPAID) VALUES (1051, 2165, '1989-01-04 00:00:00', '1989-01-05 00:00:00', 2, NULL, NULL, NULL, NULL, NULL, NULL, NULL, NULL, 'FedEx', NULL, 'Net 30', 'Credit', 325, 0, 0, 325);
INSERT INTO ORDERS (ORDERNO, CUSTNO, SALEDATE, SHIPDATE, EMPNO, SHIPTOCONTACT, SHIPTOADDR1, SHIPTOADDR2, SHIPTOCITY, SHIPTOSTATE, SHIPTOZIP, SHIPTOCOUNTRY, SHIPTOPHONE, SHIPVIA, PO, TERMS, PAYMENTMETHOD, ITEMSTOTAL, TAXRATE, FREIGHT, AMOUNTPAID) VALUES (1052, 1351, '1989-01-06 00:00:00', '1989-01-07 00:00:00', 144, NULL, NULL, NULL, NULL, NULL, NULL, NULL, NULL, 'FedEx', NULL, 'Net 30', 'Credit', 16788, 0, 0, 16788);
INSERT INTO ORDERS (ORDERNO, CUSTNO, SALEDATE, SHIPDATE, EMPNO, SHIPTOCONTACT, SHIPTOADDR1, SHIPTOADDR2, SHIPTOCITY, SHIPTOSTATE, SHIPTOZIP, SHIPTOCOUNTRY, SHIPTOPHONE, SHIPVIA, PO, TERMS, PAYMENTMETHOD, ITEMSTOTAL, TAXRATE, FREIGHT, AMOUNTPAID) VALUES (1053, 6516, '1989-01-15 00:00:00', '1989-01-16 00:00:00', 145, NULL, NULL, NULL, NULL, NULL, NULL, NULL, NULL, 'FedEx', NULL, 'Net 30', 'Credit', 24650, 0, 0, 24650);
INSERT INTO ORDERS (ORDERNO, CUSTNO, SALEDATE, SHIPDATE, EMPNO, SHIPTOCONTACT, SHIPTOADDR1, SHIPTOADDR2, SHIPTOCITY, SHIPTOSTATE, SHIPTOZIP, SHIPTOCOUNTRY, SHIPTOPHONE, SHIPVIA, PO, TERMS, PAYMENTMETHOD, ITEMSTOTAL, TAXRATE, FREIGHT, AMOUNTPAID) VALUES (1054, 5432, '1989-01-28 00:00:00', '1989-02-01 00:00:00', 83, NULL, NULL, NULL, NULL, NULL, NULL, NULL, NULL, 'UPS', NULL, 'Net 30', 'Visa', 14188, 0, 0, 14188);
INSERT INTO ORDERS (ORDERNO, CUSTNO, SALEDATE, SHIPDATE, EMPNO, SHIPTOCONTACT, SHIPTOADDR1, SHIPTOADDR2, SHIPTOCITY, SHIPTOSTATE, SHIPTOZIP, SHIPTOCOUNTRY, SHIPTOPHONE, SHIPVIA, PO, TERMS, PAYMENTMETHOD, ITEMSTOTAL, TAXRATE, FREIGHT, AMOUNTPAID) VALUES (1055, 1351, '1989-02-04 00:00:00', '1989-02-05 00:00:00', 29, NULL, NULL, NULL, NULL, NULL, NULL, NULL, NULL, 'UPS', NULL, 'Net 30', 'Credit', 23406, 0, 0, 23406);
INSERT INTO ORDERS (ORDERNO, CUSTNO, SALEDATE, SHIPDATE, EMPNO, SHIPTOCONTACT, SHIPTOADDR1, SHIPTOADDR2, SHIPTOCITY, SHIPTOSTATE, SHIPTOZIP, SHIPTOCOUNTRY, SHIPTOPHONE, SHIPVIA, PO, TERMS, PAYMENTMETHOD, ITEMSTOTAL, TAXRATE, FREIGHT, AMOUNTPAID) VALUES (1056, 1513, '1989-02-08 00:00:00', '1989-02-09 00:00:00', 24, NULL, NULL, NULL, NULL, NULL, NULL, NULL, NULL, 'UPS', NULL, 'Net 30', 'MC', 19294, 0, 0, 19293.7);
INSERT INTO ORDERS (ORDERNO, CUSTNO, SALEDATE, SHIPDATE, EMPNO, SHIPTOCONTACT, SHIPTOADDR1, SHIPTOADDR2, SHIPTOCITY, SHIPTOSTATE, SHIPTOZIP, SHIPTOCOUNTRY, SHIPTOPHONE, SHIPVIA, PO, TERMS, PAYMENTMETHOD, ITEMSTOTAL, TAXRATE, FREIGHT, AMOUNTPAID) VALUES (1057, 1563, '1989-02-18 00:00:00', '1989-02-19 00:00:00', 14, NULL, NULL, NULL, NULL, NULL, NULL, NULL, NULL, 'UPS', NULL, 'Net 30', 'Credit', 1975, 0, 0, 1975);
INSERT INTO ORDERS (ORDERNO, CUSTNO, SALEDATE, SHIPDATE, EMPNO, SHIPTOCONTACT, SHIPTOADDR1, SHIPTOADDR2, SHIPTOCITY, SHIPTOSTATE, SHIPTOZIP, SHIPTOCOUNTRY, SHIPTOPHONE, SHIPVIA, PO, TERMS, PAYMENTMETHOD, ITEMSTOTAL, TAXRATE, FREIGHT, AMOUNTPAID) VALUES (1058, 2118, '1989-02-21 00:00:00', '1989-02-22 00:00:00', 8, NULL, NULL, NULL, NULL, NULL, NULL, NULL, NULL, 'US Mail', NULL, 'Net 30', 'Credit', 12736, 0, 0, 12736);
INSERT INTO ORDERS (ORDERNO, CUSTNO, SALEDATE, SHIPDATE, EMPNO, SHIPTOCONTACT, SHIPTOADDR1, SHIPTOADDR2, SHIPTOCITY, SHIPTOSTATE, SHIPTOZIP, SHIPTOCOUNTRY, SHIPTOPHONE, SHIPVIA, PO, TERMS, PAYMENTMETHOD, ITEMSTOTAL, TAXRATE, FREIGHT, AMOUNTPAID) VALUES (1059, 1356, '1989-02-24 00:00:00', '1989-02-25 00:00:00', 109, NULL, '4-976 Sugarloaf Hwy', 'Suite 103', 'Kapaa Kauai', 'HI', '94766-1234', 'America', '808-555-0269', 'US Mail', NULL, 'FOB', 'Cash', 2150, 8.5, 0, 2150);
INSERT INTO ORDERS (ORDERNO, CUSTNO, SALEDATE, SHIPDATE, EMPNO, SHIPTOCONTACT, SHIPTOADDR1, SHIPTOADDR2, SHIPTOCITY, SHIPTOSTATE, SHIPTOZIP, SHIPTOCOUNTRY, SHIPTOPHONE, SHIPVIA, PO, TERMS, PAYMENTMETHOD, ITEMSTOTAL, TAXRATE, FREIGHT, AMOUNTPAID) VALUES (1060, 1231, '1989-02-28 00:00:00', '1989-03-01 00:00:00', 94, NULL, NULL, NULL, NULL, NULL, NULL, NULL, NULL, 'US Mail', NULL, 'FOB', 'Check', 15355, 0, 0, 15355);
INSERT INTO ORDERS (ORDERNO, CUSTNO, SALEDATE, SHIPDATE, EMPNO, SHIPTOCONTACT, SHIPTOADDR1, SHIPTOADDR2, SHIPTOCITY, SHIPTOSTATE, SHIPTOZIP, SHIPTOCOUNTRY, SHIPTOPHONE, SHIPVIA, PO, TERMS, PAYMENTMETHOD, ITEMSTOTAL, TAXRATE, FREIGHT, AMOUNTPAID) VALUES (1061, 1563, '1989-03-03 00:00:00', '1989-03-04 00:00:00', 2, NULL, NULL, NULL, NULL, NULL, NULL, NULL, NULL, 'US Mail', NULL, 'FOB', 'Credit', 24277, 0, 0, 24277.3);
INSERT INTO ORDERS (ORDERNO, CUSTNO, SALEDATE, SHIPDATE, EMPNO, SHIPTOCONTACT, SHIPTOADDR1, SHIPTOADDR2, SHIPTOCITY, SHIPTOSTATE, SHIPTOZIP, SHIPTOCOUNTRY, SHIPTOPHONE, SHIPVIA, PO, TERMS, PAYMENTMETHOD, ITEMSTOTAL, TAXRATE, FREIGHT, AMOUNTPAID) VALUES (1062, 2118, '1989-03-08 00:00:00', '1989-03-09 00:00:00', 11, NULL, NULL, NULL, NULL, NULL, NULL, NULL, NULL, 'US Mail', NULL, 'FOB', 'Credit', 18320, 0, 0, 18320);
INSERT INTO ORDERS (ORDERNO, CUSTNO, SALEDATE, SHIPDATE, EMPNO, SHIPTOCONTACT, SHIPTOADDR1, SHIPTOADDR2, SHIPTOCITY, SHIPTOSTATE, SHIPTOZIP, SHIPTOCOUNTRY, SHIPTOPHONE, SHIPVIA, PO, TERMS, PAYMENTMETHOD, ITEMSTOTAL, TAXRATE, FREIGHT, AMOUNTPAID) VALUES (1063, 3042, '1989-03-13 00:00:00', '1989-03-14 00:00:00', 24, NULL, NULL, NULL, NULL, NULL, NULL, NULL, NULL, 'US Mail', NULL, 'FOB', 'Credit', 61869, 0, 0, 61869.3);
INSERT INTO ORDERS (ORDERNO, CUSTNO, SALEDATE, SHIPDATE, EMPNO, SHIPTOCONTACT, SHIPTOADDR1, SHIPTOADDR2, SHIPTOCITY, SHIPTOSTATE, SHIPTOZIP, SHIPTOCOUNTRY, SHIPTOPHONE, SHIPVIA, PO, TERMS, PAYMENTMETHOD, ITEMSTOTAL, TAXRATE, FREIGHT, AMOUNTPAID) VALUES (1064, 2118, '1989-03-24 00:00:00', '1989-03-25 00:00:00', 83, NULL, NULL, NULL, NULL, NULL, NULL, NULL, NULL, 'DHL', NULL, 'Net 30', 'Credit', 395, 0, 0, 395);
INSERT INTO ORDERS (ORDERNO, CUSTNO, SALEDATE, SHIPDATE, EMPNO, SHIPTOCONTACT, SHIPTOADDR1, SHIPTOADDR2, SHIPTOCITY, SHIPTOSTATE, SHIPTOZIP, SHIPTOCOUNTRY, SHIPTOPHONE, SHIPVIA, PO, TERMS, PAYMENTMETHOD, ITEMSTOTAL, TAXRATE, FREIGHT, AMOUNTPAID) VALUES (1065, 6312, '1989-03-25 00:00:00', '1989-03-26 00:00:00', 72, NULL, NULL, NULL, NULL, NULL, NULL, NULL, NULL, 'UPS', NULL, 'FOB', 'Visa', 17814, 0, 0, 17814);
INSERT INTO ORDERS (ORDERNO, CUSTNO, SALEDATE, SHIPDATE, EMPNO, SHIPTOCONTACT, SHIPTOADDR1, SHIPTOADDR2, SHIPTOCITY, SHIPTOSTATE, SHIPTOZIP, SHIPTOCOUNTRY, SHIPTOPHONE, SHIPVIA, PO, TERMS, PAYMENTMETHOD, ITEMSTOTAL, TAXRATE, FREIGHT, AMOUNTPAID) VALUES (1066, 3054, '1989-03-26 00:00:00', '1989-03-27 00:00:00', 65, NULL, NULL, NULL, NULL, NULL, NULL, NULL, NULL, 'DHL', NULL, 'Net 30', 'Visa', 19812, 0, 0, 19812);
INSERT INTO ORDERS (ORDERNO, CUSTNO, SALEDATE, SHIPDATE, EMPNO, SHIPTOCONTACT, SHIPTOADDR1, SHIPTOADDR2, SHIPTOCITY, SHIPTOSTATE, SHIPTOZIP, SHIPTOCOUNTRY, SHIPTOPHONE, SHIPVIA, PO, TERMS, PAYMENTMETHOD, ITEMSTOTAL, TAXRATE, FREIGHT, AMOUNTPAID) VALUES (1067, 1351, '1989-04-01 00:00:00', '1989-04-02 00:00:00', 34, NULL, NULL, NULL, NULL, NULL, NULL, NULL, NULL, 'FedEx', NULL, 'FOB', 'Visa', 4495, 0, 0, 4495);
INSERT INTO ORDERS (ORDERNO, CUSTNO, SALEDATE, SHIPDATE, EMPNO, SHIPTOCONTACT, SHIPTOADDR1, SHIPTOADDR2, SHIPTOCITY, SHIPTOSTATE, SHIPTOZIP, SHIPTOCOUNTRY, SHIPTOPHONE, SHIPVIA, PO, TERMS, PAYMENTMETHOD, ITEMSTOTAL, TAXRATE, FREIGHT, AMOUNTPAID) VALUES (1068, 4531, '1989-04-03 00:00:00', '1989-04-04 00:00:00', 105, NULL, NULL, NULL, NULL, NULL, NULL, NULL, NULL, 'FedEx', NULL, 'FOB', 'MC', 31847, 0, 0, 31847);
INSERT INTO ORDERS (ORDERNO, CUSTNO, SALEDATE, SHIPDATE, EMPNO, SHIPTOCONTACT, SHIPTOADDR1, SHIPTOADDR2, SHIPTOCITY, SHIPTOSTATE, SHIPTOZIP, SHIPTOCOUNTRY, SHIPTOPHONE, SHIPVIA, PO, TERMS, PAYMENTMETHOD, ITEMSTOTAL, TAXRATE, FREIGHT, AMOUNTPAID) VALUES (1069, 2975, '1989-04-05 00:00:00', '1989-04-06 00:00:00', 136, NULL, NULL, NULL, NULL, NULL, NULL, NULL, NULL, 'UPS', NULL, 'FOB', 'Credit', 33829, 0, 0, 33829.45);
INSERT INTO ORDERS (ORDERNO, CUSTNO, SALEDATE, SHIPDATE, EMPNO, SHIPTOCONTACT, SHIPTOADDR1, SHIPTOADDR2, SHIPTOCITY, SHIPTOSTATE, SHIPTOZIP, SHIPTOCOUNTRY, SHIPTOPHONE, SHIPVIA, PO, TERMS, PAYMENTMETHOD, ITEMSTOTAL, TAXRATE, FREIGHT, AMOUNTPAID) VALUES (1070, 6215, '1989-04-07 00:00:00', '1989-04-08 00:00:00', 144, NULL, NULL, NULL, NULL, NULL, NULL, NULL, NULL, 'DHL', NULL, 'Net 30', 'Credit', 22354, 0, 0, 22354);
INSERT INTO ORDERS (ORDERNO, CUSTNO, SALEDATE, SHIPDATE, EMPNO, SHIPTOCONTACT, SHIPTOADDR1, SHIPTOADDR2, SHIPTOCITY, SHIPTOSTATE, SHIPTOZIP, SHIPTOCOUNTRY, SHIPTOPHONE, SHIPVIA, PO, TERMS, PAYMENTMETHOD, ITEMSTOTAL, TAXRATE, FREIGHT, AMOUNTPAID) VALUES (1071, 1560, '1989-04-09 00:00:00', '1989-04-10 00:00:00', 114, NULL, NULL, NULL, NULL, NULL, NULL, NULL, NULL, 'FedEx', NULL, 'Net 30', 'Cash', 103041, 0, 0, 103041);
INSERT INTO ORDERS (ORDERNO, CUSTNO, SALEDATE, SHIPDATE, EMPNO, SHIPTOCONTACT, SHIPTOADDR1, SHIPTOADDR2, SHIPTOCITY, SHIPTOSTATE, SHIPTOZIP, SHIPTOCOUNTRY, SHIPTOPHONE, SHIPVIA, PO, TERMS, PAYMENTMETHOD, ITEMSTOTAL, TAXRATE, FREIGHT, AMOUNTPAID) VALUES (1072, 1356, '1989-04-11 00:00:00', '1989-04-12 00:00:00', 29, NULL, NULL, NULL, NULL, NULL, NULL, NULL, NULL, 'US Mail', NULL, 'Net 30', 'Cash', 3596, 0, 0, 3596);
INSERT INTO ORDERS (ORDERNO, CUSTNO, SALEDATE, SHIPDATE, EMPNO, SHIPTOCONTACT, SHIPTOADDR1, SHIPTOADDR2, SHIPTOCITY, SHIPTOSTATE, SHIPTOZIP, SHIPTOCOUNTRY, SHIPTOPHONE, SHIPVIA, PO, TERMS, PAYMENTMETHOD, ITEMSTOTAL, TAXRATE, FREIGHT, AMOUNTPAID) VALUES (1073, 1231, '1989-04-15 00:00:00', '1989-04-16 00:00:00', 2, NULL, NULL, NULL, NULL, NULL, NULL, NULL, NULL, 'US Mail', NULL, 'Net 30', 'MC', 19414, 0, 0, 19414);
INSERT INTO ORDERS (ORDERNO, CUSTNO, SALEDATE, SHIPDATE, EMPNO, SHIPTOCONTACT, SHIPTOADDR1, SHIPTOADDR2, SHIPTOCITY, SHIPTOSTATE, SHIPTOZIP, SHIPTOCOUNTRY, SHIPTOPHONE, SHIPVIA, PO, TERMS, PAYMENTMETHOD, ITEMSTOTAL, TAXRATE, FREIGHT, AMOUNTPAID) VALUES (1074, 1984, '1989-04-19 00:00:00', '1989-04-20 00:00:00', 15, NULL, NULL, NULL, NULL, NULL, NULL, NULL, NULL, 'US Mail', NULL, 'Net 30', 'MC', 2195, 0, 0, 2195);
INSERT INTO ORDERS (ORDERNO, CUSTNO, SALEDATE, SHIPDATE, EMPNO, SHIPTOCONTACT, SHIPTOADDR1, SHIPTOADDR2, SHIPTOCITY, SHIPTOSTATE, SHIPTOZIP, SHIPTOCOUNTRY, SHIPTOPHONE, SHIPVIA, PO, TERMS, PAYMENTMETHOD, ITEMSTOTAL, TAXRATE, FREIGHT, AMOUNTPAID) VALUES (1075, 1351, '1989-04-21 00:00:00', '1989-04-22 00:00:00', 11, NULL, NULL, NULL, NULL, NULL, NULL, NULL, NULL, 'UPS', NULL, 'FOB', 'MC', 8560, 0, 0, 8560);
INSERT INTO ORDERS (ORDERNO, CUSTNO, SALEDATE, SHIPDATE, EMPNO, SHIPTOCONTACT, SHIPTOADDR1, SHIPTOADDR2, SHIPTOCITY, SHIPTOSTATE, SHIPTOZIP, SHIPTOCOUNTRY, SHIPTOPHONE, SHIPVIA, PO, TERMS, PAYMENTMETHOD, ITEMSTOTAL, TAXRATE, FREIGHT, AMOUNTPAID) VALUES (1076, 1221, '1994-12-16 00:00:00', '1989-04-26 00:00:00', 9, NULL, NULL, NULL, NULL, NULL, NULL, NULL, NULL, 'UPS', NULL, 'FOB', 'Visa', 17781, 0, 0, 17781);
INSERT INTO ORDERS (ORDERNO, CUSTNO, SALEDATE, SHIPDATE, EMPNO, SHIPTOCONTACT, SHIPTOADDR1, SHIPTOADDR2, SHIPTOCITY, SHIPTOSTATE, SHIPTOZIP, SHIPTOCOUNTRY, SHIPTOPHONE, SHIPVIA, PO, TERMS, PAYMENTMETHOD, ITEMSTOTAL, TAXRATE, FREIGHT, AMOUNTPAID) VALUES (1077, 1551, '1989-04-29 00:00:00', '1989-05-01 00:00:00', 110, NULL, NULL, NULL, NULL, NULL, NULL, NULL, NULL, 'DHL', NULL, 'FOB', 'Credit', 156, 0, 0, 156);
INSERT INTO ORDERS (ORDERNO, CUSTNO, SALEDATE, SHIPDATE, EMPNO, SHIPTOCONTACT, SHIPTOADDR1, SHIPTOADDR2, SHIPTOCITY, SHIPTOSTATE, SHIPTOZIP, SHIPTOCOUNTRY, SHIPTOPHONE, SHIPVIA, PO, TERMS, PAYMENTMETHOD, ITEMSTOTAL, TAXRATE, FREIGHT, AMOUNTPAID) VALUES (1078, 3041, '1989-05-01 00:00:00', '1989-05-02 00:00:00', 39, NULL, NULL, NULL, NULL, NULL, NULL, NULL, NULL, 'DHL', NULL, 'FOB', 'Credit', 79116, 0, 0, 79116);
INSERT INTO ORDERS (ORDERNO, CUSTNO, SALEDATE, SHIPDATE, EMPNO, SHIPTOCONTACT, SHIPTOADDR1, SHIPTOADDR2, SHIPTOCITY, SHIPTOSTATE, SHIPTOZIP, SHIPTOCOUNTRY, SHIPTOPHONE, SHIPVIA, PO, TERMS, PAYMENTMETHOD, ITEMSTOTAL, TAXRATE, FREIGHT, AMOUNTPAID) VALUES (1079, 1380, '1989-05-03 00:00:00', '1989-05-04 00:00:00', 44, NULL, NULL, NULL, NULL, NULL, NULL, NULL, NULL, 'DHL', NULL, 'FOB', 'Credit', 4445, 0, 0, 4445);
INSERT INTO ORDERS (ORDERNO, CUSTNO, SALEDATE, SHIPDATE, EMPNO, SHIPTOCONTACT, SHIPTOADDR1, SHIPTOADDR2, SHIPTOCITY, SHIPTOSTATE, SHIPTOZIP, SHIPTOCOUNTRY, SHIPTOPHONE, SHIPVIA, PO, TERMS, PAYMENTMETHOD, ITEMSTOTAL, TAXRATE, FREIGHT, AMOUNTPAID) VALUES (1080, 1356, '1989-05-05 00:00:00', '1989-05-06 00:00:00', 45, NULL, NULL, NULL, NULL, NULL, NULL, NULL, NULL, 'UPS', NULL, 'Net 30', 'Credit', 9634, 0, 0, 9634);
INSERT INTO ORDERS (ORDERNO, CUSTNO, SALEDATE, SHIPDATE, EMPNO, SHIPTOCONTACT, SHIPTOADDR1, SHIPTOADDR2, SHIPTOCITY, SHIPTOSTATE, SHIPTOZIP, SHIPTOCOUNTRY, SHIPTOPHONE, SHIPVIA, PO, TERMS, PAYMENTMETHOD, ITEMSTOTAL, TAXRATE, FREIGHT, AMOUNTPAID) VALUES (1081, 3042, '1989-05-07 00:00:00', '1989-05-08 00:00:00', 109, NULL, NULL, NULL, NULL, NULL, NULL, NULL, NULL, 'FedEx', NULL, 'Net 30', 'AmEx', 30566, 0, 0, 30566);
INSERT INTO ORDERS (ORDERNO, CUSTNO, SALEDATE, SHIPDATE, EMPNO, SHIPTOCONTACT, SHIPTOADDR1, SHIPTOADDR2, SHIPTOCITY, SHIPTOSTATE, SHIPTOZIP, SHIPTOCOUNTRY, SHIPTOPHONE, SHIPVIA, PO, TERMS, PAYMENTMETHOD, ITEMSTOTAL, TAXRATE, FREIGHT, AMOUNTPAID) VALUES (1082, 1551, '1989-05-09 00:00:00', '1989-05-10 00:00:00', 2, NULL, NULL, NULL, NULL, NULL, NULL, NULL, NULL, 'FedEx', NULL, 'Net 30', 'AmEx', 1416, 0, 0, 1416.45);
INSERT INTO ORDERS (ORDERNO, CUSTNO, SALEDATE, SHIPDATE, EMPNO, SHIPTOCONTACT, SHIPTOADDR1, SHIPTOADDR2, SHIPTOCITY, SHIPTOSTATE, SHIPTOZIP, SHIPTOCOUNTRY, SHIPTOPHONE, SHIPVIA, PO, TERMS, PAYMENTMETHOD, ITEMSTOTAL, TAXRATE, FREIGHT, AMOUNTPAID) VALUES (1083, 1563, '1989-05-09 00:00:00', '1989-05-10 00:00:00', 20, NULL, NULL, NULL, NULL, NULL, NULL, NULL, NULL, 'FedEx', NULL, 'Net 30', 'Cash', 11165, 0, 0, 11164.8);
INSERT INTO ORDERS (ORDERNO, CUSTNO, SALEDATE, SHIPDATE, EMPNO, SHIPTOCONTACT, SHIPTOADDR1, SHIPTOADDR2, SHIPTOCITY, SHIPTOSTATE, SHIPTOZIP, SHIPTOCOUNTRY, SHIPTOPHONE, SHIPVIA, PO, TERMS, PAYMENTMETHOD, ITEMSTOTAL, TAXRATE, FREIGHT, AMOUNTPAID) VALUES (1084, 1680, '1989-05-11 00:00:00', '1989-05-12 00:00:00', 15, NULL, NULL, NULL, NULL, NULL, NULL, NULL, NULL, 'US Mail', NULL, 'Net 30', 'Cash', 1185, 0, 0, 1185);
INSERT INTO ORDERS (ORDERNO, CUSTNO, SALEDATE, SHIPDATE, EMPNO, SHIPTOCONTACT, SHIPTOADDR1, SHIPTOADDR2, SHIPTOCITY, SHIPTOSTATE, SHIPTOZIP, SHIPTOCOUNTRY, SHIPTOPHONE, SHIPVIA, PO, TERMS, PAYMENTMETHOD, ITEMSTOTAL, TAXRATE, FREIGHT, AMOUNTPAID) VALUES (1086, 1513, '1989-05-18 00:00:00', '1989-05-19 00:00:00', 29, NULL, NULL, NULL, NULL, NULL, NULL, NULL, NULL, 'US Mail', NULL, 'Net 30', 'Cash', 14050, 0, 0, 14049.95);
INSERT INTO ORDERS (ORDERNO, CUSTNO, SALEDATE, SHIPDATE, EMPNO, SHIPTOCONTACT, SHIPTOADDR1, SHIPTOADDR2, SHIPTOCITY, SHIPTOSTATE, SHIPTOZIP, SHIPTOCOUNTRY, SHIPTOPHONE, SHIPVIA, PO, TERMS, PAYMENTMETHOD, ITEMSTOTAL, TAXRATE, FREIGHT, AMOUNTPAID) VALUES (1087, 1351, '1989-05-20 00:00:00', '1989-05-21 00:00:00', 127, NULL, NULL, NULL, NULL, NULL, NULL, NULL, NULL, 'DHL', NULL, 'Net 30', 'Credit', 14045, 0, 0, 14045);
INSERT INTO ORDERS (ORDERNO, CUSTNO, SALEDATE, SHIPDATE, EMPNO, SHIPTOCONTACT, SHIPTOADDR1, SHIPTOADDR2, SHIPTOCITY, SHIPTOSTATE, SHIPTOZIP, SHIPTOCOUNTRY, SHIPTOPHONE, SHIPVIA, PO, TERMS, PAYMENTMETHOD, ITEMSTOTAL, TAXRATE, FREIGHT, AMOUNTPAID) VALUES (1089, 3151, '1989-05-22 00:00:00', '1989-05-23 00:00:00', 113, NULL, NULL, NULL, NULL, NULL, NULL, NULL, NULL, 'UPS', NULL, 'FOB', 'Credit', 2706, 0, 0, 2706);
INSERT INTO ORDERS (ORDERNO, CUSTNO, SALEDATE, SHIPDATE, EMPNO, SHIPTOCONTACT, SHIPTOADDR1, SHIPTOADDR2, SHIPTOCITY, SHIPTOSTATE, SHIPTOZIP, SHIPTOCOUNTRY, SHIPTOPHONE, SHIPVIA, PO, TERMS, PAYMENTMETHOD, ITEMSTOTAL, TAXRATE, FREIGHT, AMOUNTPAID) VALUES (1090, 1513, '1989-05-25 00:00:00', '1989-05-26 00:00:00', 94, NULL, NULL, NULL, NULL, NULL, NULL, NULL, NULL, 'DHL', NULL, 'FOB', 'Credit', 8507, 0, 0, 8507);
INSERT INTO ORDERS (ORDERNO, CUSTNO, SALEDATE, SHIPDATE, EMPNO, SHIPTOCONTACT, SHIPTOADDR1, SHIPTOADDR2, SHIPTOCITY, SHIPTOSTATE, SHIPTOZIP, SHIPTOCOUNTRY, SHIPTOPHONE, SHIPVIA, PO, TERMS, PAYMENTMETHOD, ITEMSTOTAL, TAXRATE, FREIGHT, AMOUNTPAID) VALUES (1091, 1563, '1989-05-28 00:00:00', '1989-06-01 00:00:00', 83, NULL, NULL, NULL, NULL, NULL, NULL, NULL, NULL, 'US Mail', NULL, 'FOB', 'Credit', 1950, 0, 0, 1950);
INSERT INTO ORDERS (ORDERNO, CUSTNO, SALEDATE, SHIPDATE, EMPNO, SHIPTOCONTACT, SHIPTOADDR1, SHIPTOADDR2, SHIPTOCITY, SHIPTOSTATE, SHIPTOZIP, SHIPTOCOUNTRY, SHIPTOPHONE, SHIPVIA, PO, TERMS, PAYMENTMETHOD, ITEMSTOTAL, TAXRATE, FREIGHT, AMOUNTPAID) VALUES (1092, 6582, '1989-05-30 00:00:00', '1989-06-01 00:00:00', 61, NULL, NULL, NULL, NULL, NULL, NULL, NULL, NULL, 'FedEx', NULL, 'Net 30', 'Visa', 76699, 0, 0, 76698.75);
INSERT INTO ORDERS (ORDERNO, CUSTNO, SALEDATE, SHIPDATE, EMPNO, SHIPTOCONTACT, SHIPTOADDR1, SHIPTOADDR2, SHIPTOCITY, SHIPTOSTATE, SHIPTOZIP, SHIPTOCOUNTRY, SHIPTOPHONE, SHIPVIA, PO, TERMS, PAYMENTMETHOD, ITEMSTOTAL, TAXRATE, FREIGHT, AMOUNTPAID) VALUES (1093, 1680, '1989-06-01 00:00:00', '1989-06-02 00:00:00', 2, NULL, NULL, NULL, NULL, NULL, NULL, NULL, NULL, 'FedEx', NULL, 'Net 30', 'Visa', 480, 0, 0, 479.8);
INSERT INTO ORDERS (ORDERNO, CUSTNO, SALEDATE, SHIPDATE, EMPNO, SHIPTOCONTACT, SHIPTOADDR1, SHIPTOADDR2, SHIPTOCITY, SHIPTOSTATE, SHIPTOZIP, SHIPTOCOUNTRY, SHIPTOPHONE, SHIPVIA, PO, TERMS, PAYMENTMETHOD, ITEMSTOTAL, TAXRATE, FREIGHT, AMOUNTPAID) VALUES (1094, 5163, '1989-06-03 00:00:00', '1989-06-04 00:00:00', 4, NULL, NULL, NULL, NULL, NULL, NULL, NULL, NULL, 'FedEx', NULL, 'FOB', 'MC', 4114, 0, 0, 0);
INSERT INTO ORDERS (ORDERNO, CUSTNO, SALEDATE, SHIPDATE, EMPNO, SHIPTOCONTACT, SHIPTOADDR1, SHIPTOADDR2, SHIPTOCITY, SHIPTOSTATE, SHIPTOZIP, SHIPTOCOUNTRY, SHIPTOPHONE, SHIPVIA, PO, TERMS, PAYMENTMETHOD, ITEMSTOTAL, TAXRATE, FREIGHT, AMOUNTPAID) VALUES (1095, 2156, '1989-06-05 00:00:00', '1989-06-06 00:00:00', 36, NULL, NULL, NULL, NULL, NULL, NULL, NULL, NULL, 'US Mail', NULL, 'Net 30', 'MC', 7532, 0, 0, 0);
INSERT INTO ORDERS (ORDERNO, CUSTNO, SALEDATE, SHIPDATE, EMPNO, SHIPTOCONTACT, SHIPTOADDR1, SHIPTOADDR2, SHIPTOCITY, SHIPTOSTATE, SHIPTOZIP, SHIPTOCOUNTRY, SHIPTOPHONE, SHIPVIA, PO, TERMS, PAYMENTMETHOD, ITEMSTOTAL, TAXRATE, FREIGHT, AMOUNTPAID) VALUES (1096, 2354, '1989-06-09 00:00:00', '1989-06-09 00:00:00', 34, NULL, NULL, NULL, NULL, NULL, NULL, NULL, NULL, 'DHL', NULL, 'Net 30', 'MC', 123740, 0, 0, 0);
INSERT INTO ORDERS (ORDERNO, CUSTNO, SALEDATE, SHIPDATE, EMPNO, SHIPTOCONTACT, SHIPTOADDR1, SHIPTOADDR2, SHIPTOCITY, SHIPTOSTATE, SHIPTOZIP, SHIPTOCOUNTRY, SHIPTOPHONE, SHIPVIA, PO, TERMS, PAYMENTMETHOD, ITEMSTOTAL, TAXRATE, FREIGHT, AMOUNTPAID) VALUES (1097, 3615, '1989-06-12 00:00:00', '1989-06-12 00:00:00', 107, NULL, NULL, NULL, NULL, NULL, NULL, NULL, NULL, 'UPS', NULL, 'Net 30', 'MC', 12954, 0, 0, 0);
INSERT INTO ORDERS (ORDERNO, CUSTNO, SALEDATE, SHIPDATE, EMPNO, SHIPTOCONTACT, SHIPTOADDR1, SHIPTOADDR2, SHIPTOCITY, SHIPTOSTATE, SHIPTOZIP, SHIPTOCOUNTRY, SHIPTOPHONE, SHIPVIA, PO, TERMS, PAYMENTMETHOD, ITEMSTOTAL, TAXRATE, FREIGHT, AMOUNTPAID) VALUES (1098, 2315, '1989-06-14 00:00:00', '1989-06-14 00:00:00', 118, NULL, NULL, NULL, NULL, NULL, NULL, NULL, NULL, 'UPS', NULL, 'Net 30', 'Credit', 473, 0, 0, 0);
INSERT INTO ORDERS (ORDERNO, CUSTNO, SALEDATE, SHIPDATE, EMPNO, SHIPTOCONTACT, SHIPTOADDR1, SHIPTOADDR2, SHIPTOCITY, SHIPTOSTATE, SHIPTOZIP, SHIPTOCOUNTRY, SHIPTOPHONE, SHIPVIA, PO, TERMS, PAYMENTMETHOD, ITEMSTOTAL, TAXRATE, FREIGHT, AMOUNTPAID) VALUES (1099, 1984, '1989-06-16 00:00:00', '1989-06-16 00:00:00', 138, NULL, NULL, NULL, NULL, NULL, NULL, NULL, NULL, 'UPS', NULL, 'Net 30', 'Credit', 860, 0, 0, 0);
INSERT INTO ORDERS (ORDERNO, CUSTNO, SALEDATE, SHIPDATE, EMPNO, SHIPTOCONTACT, SHIPTOADDR1, SHIPTOADDR2, SHIPTOCITY, SHIPTOSTATE, SHIPTOZIP, SHIPTOCOUNTRY, SHIPTOPHONE, SHIPVIA, PO, TERMS, PAYMENTMETHOD, ITEMSTOTAL, TAXRATE, FREIGHT, AMOUNTPAID) VALUES (1100, 1384, '1989-06-20 00:00:00', '1989-06-20 00:00:00', 9, NULL, NULL, NULL, NULL, NULL, NULL, NULL, NULL, 'UPS', NULL, 'FOB', 'Credit', 6095, 0, 0, 0);
INSERT INTO ORDERS (ORDERNO, CUSTNO, SALEDATE, SHIPDATE, EMPNO, SHIPTOCONTACT, SHIPTOADDR1, SHIPTOADDR2, SHIPTOCITY, SHIPTOSTATE, SHIPTOZIP, SHIPTOCOUNTRY, SHIPTOPHONE, SHIPVIA, PO, TERMS, PAYMENTMETHOD, ITEMSTOTAL, TAXRATE, FREIGHT, AMOUNTPAID) VALUES (1101, 2165, '1989-07-04 00:00:00', '1989-07-04 00:00:00', 37, NULL, NULL, NULL, NULL, NULL, NULL, NULL, NULL, 'UPS', NULL, 'FOB', 'Credit', 11630, 0, 0, 0);
INSERT INTO ORDERS (ORDERNO, CUSTNO, SALEDATE, SHIPDATE, EMPNO, SHIPTOCONTACT, SHIPTOADDR1, SHIPTOADDR2, SHIPTOCITY, SHIPTOSTATE, SHIPTOZIP, SHIPTOCOUNTRY, SHIPTOPHONE, SHIPVIA, PO, TERMS, PAYMENTMETHOD, ITEMSTOTAL, TAXRATE, FREIGHT, AMOUNTPAID) VALUES (1102, 1231, '1992-06-06 00:00:00', '1992-06-06 00:00:00', 105, NULL, NULL, NULL, NULL, NULL, NULL, NULL, NULL, 'UPS', NULL, 'FOB', 'Credit', 2844, 0, 0, 2844);
INSERT INTO ORDERS (ORDERNO, CUSTNO, SALEDATE, SHIPDATE, EMPNO, SHIPTOCONTACT, SHIPTOADDR1, SHIPTOADDR2, SHIPTOCITY, SHIPTOSTATE, SHIPTOZIP, SHIPTOCOUNTRY, SHIPTOPHONE, SHIPVIA, PO, TERMS, PAYMENTMETHOD, ITEMSTOTAL, TAXRATE, FREIGHT, AMOUNTPAID) VALUES (1103, 3042, '1992-07-13 00:00:00', '1992-07-13 00:00:00', 94, NULL, NULL, NULL, NULL, NULL, NULL, NULL, NULL, 'UPS', NULL, 'FOB', 'Credit', 39798, 0, 0, 39797.7);
INSERT INTO ORDERS (ORDERNO, CUSTNO, SALEDATE, SHIPDATE, EMPNO, SHIPTOCONTACT, SHIPTOADDR1, SHIPTOADDR2, SHIPTOCITY, SHIPTOSTATE, SHIPTOZIP, SHIPTOCOUNTRY, SHIPTOPHONE, SHIPVIA, PO, TERMS, PAYMENTMETHOD, ITEMSTOTAL, TAXRATE, FREIGHT, AMOUNTPAID) VALUES (1104, 1354, '1992-07-18 00:00:00', '1992-07-18 00:00:00', 83, NULL, NULL, NULL, NULL, NULL, NULL, NULL, NULL, 'DHL', NULL, 'FOB', 'Check', 51673, 0, 0, 51673.15);
INSERT INTO ORDERS (ORDERNO, CUSTNO, SALEDATE, SHIPDATE, EMPNO, SHIPTOCONTACT, SHIPTOADDR1, SHIPTOADDR2, SHIPTOCITY, SHIPTOSTATE, SHIPTOZIP, SHIPTOCOUNTRY, SHIPTOPHONE, SHIPVIA, PO, TERMS, PAYMENTMETHOD, ITEMSTOTAL, TAXRATE, FREIGHT, AMOUNTPAID) VALUES (1105, 1356, '1992-07-21 00:00:00', '1992-07-21 00:00:00', 28, NULL, NULL, NULL, NULL, NULL, NULL, NULL, NULL, 'UPS', NULL, 'FOB', 'Visa', 31220, 0, 0, 31219.95);
INSERT INTO ORDERS (ORDERNO, CUSTNO, SALEDATE, SHIPDATE, EMPNO, SHIPTOCONTACT, SHIPTOADDR1, SHIPTOADDR2, SHIPTOCITY, SHIPTOSTATE, SHIPTOZIP, SHIPTOCOUNTRY, SHIPTOPHONE, SHIPVIA, PO, TERMS, PAYMENTMETHOD, ITEMSTOTAL, TAXRATE, FREIGHT, AMOUNTPAID) VALUES (1106, 1380, '1992-09-23 00:00:00', '1992-09-23 00:00:00', 15, NULL, NULL, NULL, NULL, NULL, NULL, NULL, NULL, 'Emery', NULL, 'FOB', 'Visa', 3532, 0, 0, 3531.8);
INSERT INTO ORDERS (ORDERNO, CUSTNO, SALEDATE, SHIPDATE, EMPNO, SHIPTOCONTACT, SHIPTOADDR1, SHIPTOADDR2, SHIPTOCITY, SHIPTOSTATE, SHIPTOZIP, SHIPTOCOUNTRY, SHIPTOPHONE, SHIPVIA, PO, TERMS, PAYMENTMETHOD, ITEMSTOTAL, TAXRATE, FREIGHT, AMOUNTPAID) VALUES (1107, 1384, '1992-10-24 00:00:00', '1992-10-24 00:00:00', 134, NULL, NULL, NULL, NULL, NULL, NULL, NULL, NULL, 'US Mail', NULL, 'FOB', 'Visa', 28389, 0, 0, 28389);
INSERT INTO ORDERS (ORDERNO, CUSTNO, SALEDATE, SHIPDATE, EMPNO, SHIPTOCONTACT, SHIPTOADDR1, SHIPTOADDR2, SHIPTOCITY, SHIPTOSTATE, SHIPTOZIP, SHIPTOCOUNTRY, SHIPTOPHONE, SHIPVIA, PO, TERMS, PAYMENTMETHOD, ITEMSTOTAL, TAXRATE, FREIGHT, AMOUNTPAID) VALUES (1109, 1513, '1992-11-13 00:00:00', '1992-11-13 00:00:00', 145, NULL, NULL, NULL, NULL, NULL, NULL, NULL, NULL, 'US Mail', NULL, 'Net 30', 'COD', 203, 0, 0, 203);
INSERT INTO ORDERS (ORDERNO, CUSTNO, SALEDATE, SHIPDATE, EMPNO, SHIPTOCONTACT, SHIPTOADDR1, SHIPTOADDR2, SHIPTOCITY, SHIPTOSTATE, SHIPTOZIP, SHIPTOCOUNTRY, SHIPTOPHONE, SHIPVIA, PO, TERMS, PAYMENTMETHOD, ITEMSTOTAL, TAXRATE, FREIGHT, AMOUNTPAID) VALUES (1111, 1560, '1992-12-14 00:00:00', '1992-12-14 00:00:00', 2, NULL, NULL, NULL, NULL, NULL, NULL, NULL, NULL, 'UPS', NULL, 'Net 30', 'COD', 4721, 0, 0, 4720.8);
INSERT INTO ORDERS (ORDERNO, CUSTNO, SALEDATE, SHIPDATE, EMPNO, SHIPTOCONTACT, SHIPTOADDR1, SHIPTOADDR2, SHIPTOCITY, SHIPTOSTATE, SHIPTOZIP, SHIPTOCOUNTRY, SHIPTOPHONE, SHIPVIA, PO, TERMS, PAYMENTMETHOD, ITEMSTOTAL, TAXRATE, FREIGHT, AMOUNTPAID) VALUES (1112, 4531, '1993-01-02 00:00:00', '1993-01-02 00:00:00', 61, NULL, NULL, NULL, NULL, NULL, NULL, NULL, NULL, 'UPS', NULL, 'Net 30', 'Credit', 5565, 0, 0, 0);
INSERT INTO ORDERS (ORDERNO, CUSTNO, SALEDATE, SHIPDATE, EMPNO, SHIPTOCONTACT, SHIPTOADDR1, SHIPTOADDR2, SHIPTOCITY, SHIPTOSTATE, SHIPTOZIP, SHIPTOCOUNTRY, SHIPTOPHONE, SHIPVIA, PO, TERMS, PAYMENTMETHOD, ITEMSTOTAL, TAXRATE, FREIGHT, AMOUNTPAID) VALUES (1113, 1624, '1993-02-12 00:00:00', '1993-02-12 00:00:00', 9, NULL, NULL, NULL, NULL, NULL, NULL, NULL, NULL, 'Emery', NULL, 'Net 30', 'Credit', 2515, 0, 0, 0);
INSERT INTO ORDERS (ORDERNO, CUSTNO, SALEDATE, SHIPDATE, EMPNO, SHIPTOCONTACT, SHIPTOADDR1, SHIPTOADDR2, SHIPTOCITY, SHIPTOSTATE, SHIPTOZIP, SHIPTOCOUNTRY, SHIPTOPHONE, SHIPVIA, PO, TERMS, PAYMENTMETHOD, ITEMSTOTAL, TAXRATE, FREIGHT, AMOUNTPAID) VALUES (1115, 4684, '1993-03-13 00:00:00', '1993-03-13 00:00:00', 29, NULL, NULL, NULL, NULL, NULL, NULL, NULL, NULL, 'Emery', NULL, 'FOB', 'MC', 4895, 0, 0, 0);
INSERT INTO ORDERS (ORDERNO, CUSTNO, SALEDATE, SHIPDATE, EMPNO, SHIPTOCONTACT, SHIPTOADDR1, SHIPTOADDR2, SHIPTOCITY, SHIPTOSTATE, SHIPTOZIP, SHIPTOCOUNTRY, SHIPTOPHONE, SHIPVIA, PO, TERMS, PAYMENTMETHOD, ITEMSTOTAL, TAXRATE, FREIGHT, AMOUNTPAID) VALUES (1116, 1680, '1993-03-21 00:00:00', '1993-03-21 00:00:00', 113, NULL, NULL, NULL, NULL, NULL, NULL, NULL, NULL, 'UPS', NULL, 'FOB', 'AmEx', 23104, 0, 0, 0);
INSERT INTO ORDERS (ORDERNO, CUSTNO, SALEDATE, SHIPDATE, EMPNO, SHIPTOCONTACT, SHIPTOADDR1, SHIPTOADDR2, SHIPTOCITY, SHIPTOSTATE, SHIPTOZIP, SHIPTOCOUNTRY, SHIPTOPHONE, SHIPVIA, PO, TERMS, PAYMENTMETHOD, ITEMSTOTAL, TAXRATE, FREIGHT, AMOUNTPAID) VALUES (1117, 1984, '1993-04-13 00:00:00', '1993-04-13 00:00:00', 44, NULL, NULL, NULL, NULL, NULL, NULL, NULL, NULL, 'DHL', NULL, 'FOB', 'Check', 6735, 0, 0, 0);
INSERT INTO ORDERS (ORDERNO, CUSTNO, SALEDATE, SHIPDATE, EMPNO, SHIPTOCONTACT, SHIPTOADDR1, SHIPTOADDR2, SHIPTOCITY, SHIPTOSTATE, SHIPTOZIP, SHIPTOCOUNTRY, SHIPTOPHONE, SHIPVIA, PO, TERMS, PAYMENTMETHOD, ITEMSTOTAL, TAXRATE, FREIGHT, AMOUNTPAID) VALUES (1118, 2118, '1993-04-23 00:00:00', '1993-04-23 00:00:00', 34, NULL, NULL, NULL, NULL, NULL, NULL, NULL, NULL, 'DHL', NULL, 'FOB', 'Check', 21614, 0, 0, 21614);
INSERT INTO ORDERS (ORDERNO, CUSTNO, SALEDATE, SHIPDATE, EMPNO, SHIPTOCONTACT, SHIPTOADDR1, SHIPTOADDR2, SHIPTOCITY, SHIPTOSTATE, SHIPTOZIP, SHIPTOCOUNTRY, SHIPTOPHONE, SHIPVIA, PO, TERMS, PAYMENTMETHOD, ITEMSTOTAL, TAXRATE, FREIGHT, AMOUNTPAID) VALUES (1119, 5384, '1993-05-15 00:00:00', '1993-05-15 00:00:00', 2, NULL, NULL, NULL, NULL, NULL, NULL, NULL, NULL, 'DHL', NULL, 'Net 30', 'Credit', 14558, 0, 0, 14557.95);
INSERT INTO ORDERS (ORDERNO, CUSTNO, SALEDATE, SHIPDATE, EMPNO, SHIPTOCONTACT, SHIPTOADDR1, SHIPTOADDR2, SHIPTOCITY, SHIPTOSTATE, SHIPTOZIP, SHIPTOCOUNTRY, SHIPTOPHONE, SHIPVIA, PO, TERMS, PAYMENTMETHOD, ITEMSTOTAL, TAXRATE, FREIGHT, AMOUNTPAID) VALUES (1120, 2156, '1993-05-25 00:00:00', '1993-05-25 00:00:00', 46, NULL, NULL, NULL, NULL, NULL, NULL, NULL, NULL, 'DHL', NULL, 'Net 30', 'Credit', 785, 0, 0, 784.9);
INSERT INTO ORDERS (ORDERNO, CUSTNO, SALEDATE, SHIPDATE, EMPNO, SHIPTOCONTACT, SHIPTOADDR1, SHIPTOADDR2, SHIPTOCITY, SHIPTOSTATE, SHIPTOZIP, SHIPTOCOUNTRY, SHIPTOPHONE, SHIPVIA, PO, TERMS, PAYMENTMETHOD, ITEMSTOTAL, TAXRATE, FREIGHT, AMOUNTPAID) VALUES (1121, 2163, '1993-06-02 00:00:00', '1993-06-02 00:00:00', 85, NULL, NULL, NULL, NULL, NULL, NULL, NULL, NULL, 'UPS', NULL, 'Net 30', 'Credit', 820, 0, 0, 820);
INSERT INTO ORDERS (ORDERNO, CUSTNO, SALEDATE, SHIPDATE, EMPNO, SHIPTOCONTACT, SHIPTOADDR1, SHIPTOADDR2, SHIPTOCITY, SHIPTOSTATE, SHIPTOZIP, SHIPTOCOUNTRY, SHIPTOPHONE, SHIPVIA, PO, TERMS, PAYMENTMETHOD, ITEMSTOTAL, TAXRATE, FREIGHT, AMOUNTPAID) VALUES (1122, 2163, '1993-07-23 00:00:00', '1993-07-23 00:00:00', 141, NULL, NULL, NULL, NULL, NULL, NULL, NULL, NULL, 'UPS', NULL, 'Net 30', 'Credit', 44854, 0, 0, 44854);
INSERT INTO ORDERS (ORDERNO, CUSTNO, SALEDATE, SHIPDATE, EMPNO, SHIPTOCONTACT, SHIPTOADDR1, SHIPTOADDR2, SHIPTOCITY, SHIPTOSTATE, SHIPTOZIP, SHIPTOCOUNTRY, SHIPTOPHONE, SHIPVIA, PO, TERMS, PAYMENTMETHOD, ITEMSTOTAL, TAXRATE, FREIGHT, AMOUNTPAID) VALUES (1123, 1221, '1993-08-24 00:00:00', '1993-08-24 00:00:00', 121, NULL, NULL, NULL, NULL, NULL, NULL, NULL, NULL, 'UPS', NULL, 'Net 30', 'Check', 13945, 0, 0, 13945);
INSERT INTO ORDERS (ORDERNO, CUSTNO, SALEDATE, SHIPDATE, EMPNO, SHIPTOCONTACT, SHIPTOADDR1, SHIPTOADDR2, SHIPTOCITY, SHIPTOSTATE, SHIPTOZIP, SHIPTOCOUNTRY, SHIPTOPHONE, SHIPVIA, PO, TERMS, PAYMENTMETHOD, ITEMSTOTAL, TAXRATE, FREIGHT, AMOUNTPAID) VALUES (1124, 1384, '1993-09-01 00:00:00', '1993-09-01 00:00:00', 71, NULL, NULL, NULL, NULL, NULL, NULL, NULL, NULL, 'UPS', NULL, 'Net 30', 'Check', 33071, 0, 0, 33071);
INSERT INTO ORDERS (ORDERNO, CUSTNO, SALEDATE, SHIPDATE, EMPNO, SHIPTOCONTACT, SHIPTOADDR1, SHIPTOADDR2, SHIPTOCITY, SHIPTOSTATE, SHIPTOZIP, SHIPTOCOUNTRY, SHIPTOPHONE, SHIPVIA, PO, TERMS, PAYMENTMETHOD, ITEMSTOTAL, TAXRATE, FREIGHT, AMOUNTPAID) VALUES (1125, 1510, '1993-09-04 00:00:00', '1993-09-04 00:00:00', 44, NULL, NULL, NULL, NULL, NULL, NULL, NULL, NULL, 'DHL', NULL, 'Net 30', 'AmEx', 6584, 0, 0, 6583.8);
INSERT INTO ORDERS (ORDERNO, CUSTNO, SALEDATE, SHIPDATE, EMPNO, SHIPTOCONTACT, SHIPTOADDR1, SHIPTOADDR2, SHIPTOCITY, SHIPTOSTATE, SHIPTOZIP, SHIPTOCOUNTRY, SHIPTOPHONE, SHIPVIA, PO, TERMS, PAYMENTMETHOD, ITEMSTOTAL, TAXRATE, FREIGHT, AMOUNTPAID) VALUES (1126, 1624, '1993-10-01 00:00:00', '1993-10-01 00:00:00', 45, NULL, NULL, NULL, NULL, NULL, NULL, NULL, NULL, 'UPS', NULL, 'Net 30', 'AmEx', 10107, 0, 0, 10107);
INSERT INTO ORDERS (ORDERNO, CUSTNO, SALEDATE, SHIPDATE, EMPNO, SHIPTOCONTACT, SHIPTOADDR1, SHIPTOADDR2, SHIPTOCITY, SHIPTOSTATE, SHIPTOZIP, SHIPTOCOUNTRY, SHIPTOPHONE, SHIPVIA, PO, TERMS, PAYMENTMETHOD, ITEMSTOTAL, TAXRATE, FREIGHT, AMOUNTPAID) VALUES (1127, 1384, '1993-10-02 00:00:00', '1993-10-02 00:00:00', 65, NULL, NULL, NULL, NULL, NULL, NULL, NULL, NULL, 'UPS', NULL, 'Net 30', 'Visa', 25071, 0, 0, 25071);
INSERT INTO ORDERS (ORDERNO, CUSTNO, SALEDATE, SHIPDATE, EMPNO, SHIPTOCONTACT, SHIPTOADDR1, SHIPTOADDR2, SHIPTOCITY, SHIPTOSTATE, SHIPTOZIP, SHIPTOCOUNTRY, SHIPTOPHONE, SHIPVIA, PO, TERMS, PAYMENTMETHOD, ITEMSTOTAL, TAXRATE, FREIGHT, AMOUNTPAID) VALUES (1128, 1651, '1993-10-08 00:00:00', '1993-10-08 00:00:00', 37, NULL, NULL, NULL, NULL, NULL, NULL, NULL, NULL, 'Emery', NULL, 'FOB', 'Visa', 8294, 0, 0, 8294);
INSERT INTO ORDERS (ORDERNO, CUSTNO, SALEDATE, SHIPDATE, EMPNO, SHIPTOCONTACT, SHIPTOADDR1, SHIPTOADDR2, SHIPTOCITY, SHIPTOSTATE, SHIPTOZIP, SHIPTOCOUNTRY, SHIPTOPHONE, SHIPVIA, PO, TERMS, PAYMENTMETHOD, ITEMSTOTAL, TAXRATE, FREIGHT, AMOUNTPAID) VALUES (1129, 1645, '1993-10-19 00:00:00', '1993-10-19 00:00:00', 24, NULL, NULL, NULL, NULL, NULL, NULL, NULL, NULL, 'FedEx', NULL, 'FOB', 'MC', 1005, 0, 0, 1004.8);
INSERT INTO ORDERS (ORDERNO, CUSTNO, SALEDATE, SHIPDATE, EMPNO, SHIPTOCONTACT, SHIPTOADDR1, SHIPTOADDR2, SHIPTOCITY, SHIPTOSTATE, SHIPTOZIP, SHIPTOCOUNTRY, SHIPTOPHONE, SHIPVIA, PO, TERMS, PAYMENTMETHOD, ITEMSTOTAL, TAXRATE, FREIGHT, AMOUNTPAID) VALUES (1130, 4312, '1993-10-26 00:00:00', '1993-10-26 00:00:00', 114, NULL, NULL, NULL, NULL, NULL, NULL, NULL, NULL, 'FedEx', NULL, 'FOB', 'MC', 6300, 0, 0, 6300);
INSERT INTO ORDERS (ORDERNO, CUSTNO, SALEDATE, SHIPDATE, EMPNO, SHIPTOCONTACT, SHIPTOADDR1, SHIPTOADDR2, SHIPTOCITY, SHIPTOSTATE, SHIPTOZIP, SHIPTOCOUNTRY, SHIPTOPHONE, SHIPVIA, PO, TERMS, PAYMENTMETHOD, ITEMSTOTAL, TAXRATE, FREIGHT, AMOUNTPAID) VALUES (1131, 2118, '1993-11-01 00:00:00', '1993-11-01 00:00:00', 134, NULL, NULL, NULL, NULL, NULL, NULL, NULL, NULL, 'FedEx', NULL, 'FOB', 'Credit', 11989, 0, 0, 11989.2);
INSERT INTO ORDERS (ORDERNO, CUSTNO, SALEDATE, SHIPDATE, EMPNO, SHIPTOCONTACT, SHIPTOADDR1, SHIPTOADDR2, SHIPTOCITY, SHIPTOSTATE, SHIPTOZIP, SHIPTOCOUNTRY, SHIPTOPHONE, SHIPVIA, PO, TERMS, PAYMENTMETHOD, ITEMSTOTAL, TAXRATE, FREIGHT, AMOUNTPAID) VALUES (1132, 2163, '1993-11-01 00:00:00', '1993-11-01 00:00:00', 121, NULL, NULL, NULL, NULL, NULL, NULL, NULL, NULL, 'FedEx', NULL, 'FOB', 'Credit', 906, 0, 0, 906);
INSERT INTO ORDERS (ORDERNO, CUSTNO, SALEDATE, SHIPDATE, EMPNO, SHIPTOCONTACT, SHIPTOADDR1, SHIPTOADDR2, SHIPTOCITY, SHIPTOSTATE, SHIPTOZIP, SHIPTOCOUNTRY, SHIPTOPHONE, SHIPVIA, PO, TERMS, PAYMENTMETHOD, ITEMSTOTAL, TAXRATE, FREIGHT, AMOUNTPAID) VALUES (1133, 3151, '1993-11-02 00:00:00', '1993-11-02 00:00:00', 138, NULL, NULL, NULL, NULL, NULL, NULL, NULL, NULL, 'FedEx', NULL, 'FOB', 'Cash', 2419, 0, 0, 2419);
INSERT INTO ORDERS (ORDERNO, CUSTNO, SALEDATE, SHIPDATE, EMPNO, SHIPTOCONTACT, SHIPTOADDR1, SHIPTOADDR2, SHIPTOCITY, SHIPTOSTATE, SHIPTOZIP, SHIPTOCOUNTRY, SHIPTOPHONE, SHIPVIA, PO, TERMS, PAYMENTMETHOD, ITEMSTOTAL, TAXRATE, FREIGHT, AMOUNTPAID) VALUES (1134, 5151, '1993-11-14 00:00:00', '1993-11-14 00:00:00', 94, NULL, NULL, NULL, NULL, NULL, NULL, NULL, NULL, 'UPS', NULL, 'FOB', 'Check', 6676, 0, 0, 6675.95);
INSERT INTO ORDERS (ORDERNO, CUSTNO, SALEDATE, SHIPDATE, EMPNO, SHIPTOCONTACT, SHIPTOADDR1, SHIPTOADDR2, SHIPTOCITY, SHIPTOSTATE, SHIPTOZIP, SHIPTOCOUNTRY, SHIPTOPHONE, SHIPVIA, PO, TERMS, PAYMENTMETHOD, ITEMSTOTAL, TAXRATE, FREIGHT, AMOUNTPAID) VALUES (1136, 2163, '1993-11-27 00:00:00', '1993-11-27 00:00:00', 71, NULL, NULL, NULL, NULL, NULL, NULL, NULL, NULL, 'DHL', NULL, 'FOB', 'Credit', 2971, 0, 0, 2971);
INSERT INTO ORDERS (ORDERNO, CUSTNO, SALEDATE, SHIPDATE, EMPNO, SHIPTOCONTACT, SHIPTOADDR1, SHIPTOADDR2, SHIPTOCITY, SHIPTOSTATE, SHIPTOZIP, SHIPTOCOUNTRY, SHIPTOPHONE, SHIPVIA, PO, TERMS, PAYMENTMETHOD, ITEMSTOTAL, TAXRATE, FREIGHT, AMOUNTPAID) VALUES (1137, 1984, '1993-11-27 00:00:00', '1993-11-27 00:00:00', 11, NULL, NULL, NULL, NULL, NULL, NULL, NULL, NULL, 'DHL', NULL, 'FOB', 'Credit', 6785, 0, 0, 6785.4);
INSERT INTO ORDERS (ORDERNO, CUSTNO, SALEDATE, SHIPDATE, EMPNO, SHIPTOCONTACT, SHIPTOADDR1, SHIPTOADDR2, SHIPTOCITY, SHIPTOSTATE, SHIPTOZIP, SHIPTOCOUNTRY, SHIPTOPHONE, SHIPVIA, PO, TERMS, PAYMENTMETHOD, ITEMSTOTAL, TAXRATE, FREIGHT, AMOUNTPAID) VALUES (1139, 1510, '1993-12-01 00:00:00', '1993-12-01 00:00:00', 29, NULL, NULL, NULL, NULL, NULL, NULL, NULL, NULL, 'US Mail', NULL, 'FOB', 'Visa', 47711, 0, 0, 47710.75);
INSERT INTO ORDERS (ORDERNO, CUSTNO, SALEDATE, SHIPDATE, EMPNO, SHIPTOCONTACT, SHIPTOADDR1, SHIPTOADDR2, SHIPTOCITY, SHIPTOSTATE, SHIPTOZIP, SHIPTOCOUNTRY, SHIPTOPHONE, SHIPVIA, PO, TERMS, PAYMENTMETHOD, ITEMSTOTAL, TAXRATE, FREIGHT, AMOUNTPAID) VALUES (1140, 6812, '1993-12-12 00:00:00', '1993-12-12 00:00:00', 52, NULL, NULL, NULL, NULL, NULL, NULL, NULL, NULL, 'US Mail', NULL, 'Net 30', 'Visa', 1240, 0, 0, 1240);
INSERT INTO ORDERS (ORDERNO, CUSTNO, SALEDATE, SHIPDATE, EMPNO, SHIPTOCONTACT, SHIPTOADDR1, SHIPTOADDR2, SHIPTOCITY, SHIPTOSTATE, SHIPTOZIP, SHIPTOCOUNTRY, SHIPTOPHONE, SHIPVIA, PO, TERMS, PAYMENTMETHOD, ITEMSTOTAL, TAXRATE, FREIGHT, AMOUNTPAID) VALUES (1141, 4652, '1993-12-17 00:00:00', '1993-12-17 00:00:00', 83, NULL, NULL, NULL, NULL, NULL, NULL, NULL, NULL, 'US Mail', NULL, 'Net 30', 'AmEx', 1846, 0, 0, 1846);
INSERT INTO ORDERS (ORDERNO, CUSTNO, SALEDATE, SHIPDATE, EMPNO, SHIPTOCONTACT, SHIPTOADDR1, SHIPTOADDR2, SHIPTOCITY, SHIPTOSTATE, SHIPTOZIP, SHIPTOCOUNTRY, SHIPTOPHONE, SHIPVIA, PO, TERMS, PAYMENTMETHOD, ITEMSTOTAL, TAXRATE, FREIGHT, AMOUNTPAID) VALUES (1142, 3984, '1993-12-25 00:00:00', '1993-12-25 00:00:00', 105, NULL, NULL, NULL, NULL, NULL, NULL, NULL, NULL, 'UPS', NULL, 'Net 30', 'AmEx', 3546, 0, 0, 3546);
INSERT INTO ORDERS (ORDERNO, CUSTNO, SALEDATE, SHIPDATE, EMPNO, SHIPTOCONTACT, SHIPTOADDR1, SHIPTOADDR2, SHIPTOCITY, SHIPTOSTATE, SHIPTOZIP, SHIPTOCOUNTRY, SHIPTOPHONE, SHIPVIA, PO, TERMS, PAYMENTMETHOD, ITEMSTOTAL, TAXRATE, FREIGHT, AMOUNTPAID) VALUES (1143, 5132, '1994-01-01 00:00:00', '1994-01-01 00:00:00', 113, NULL, NULL, NULL, NULL, NULL, NULL, NULL, NULL, 'UPS', NULL, 'Net 30', 'Credit', 3087, 0, 0, 3087);
INSERT INTO ORDERS (ORDERNO, CUSTNO, SALEDATE, SHIPDATE, EMPNO, SHIPTOCONTACT, SHIPTOADDR1, SHIPTOADDR2, SHIPTOCITY, SHIPTOSTATE, SHIPTOZIP, SHIPTOCOUNTRY, SHIPTOPHONE, SHIPVIA, PO, TERMS, PAYMENTMETHOD, ITEMSTOTAL, TAXRATE, FREIGHT, AMOUNTPAID) VALUES (1144, 5515, '1994-01-09 00:00:00', '1994-01-09 00:00:00', 134, NULL, NULL, NULL, NULL, NULL, NULL, NULL, NULL, 'UPS', NULL, 'FOB', 'Credit', 10054, 0, 0, 10054);
INSERT INTO ORDERS (ORDERNO, CUSTNO, SALEDATE, SHIPDATE, EMPNO, SHIPTOCONTACT, SHIPTOADDR1, SHIPTOADDR2, SHIPTOCITY, SHIPTOSTATE, SHIPTOZIP, SHIPTOCOUNTRY, SHIPTOPHONE, SHIPVIA, PO, TERMS, PAYMENTMETHOD, ITEMSTOTAL, TAXRATE, FREIGHT, AMOUNTPAID) VALUES (1145, 9841, '1994-01-17 00:00:00', '1994-01-17 00:00:00', 144, NULL, NULL, NULL, NULL, NULL, NULL, NULL, NULL, 'FedEx', NULL, 'FOB', 'Credit', 4230, 0, 0, 4229.8);
INSERT INTO ORDERS (ORDERNO, CUSTNO, SALEDATE, SHIPDATE, EMPNO, SHIPTOCONTACT, SHIPTOADDR1, SHIPTOADDR2, SHIPTOCITY, SHIPTOSTATE, SHIPTOZIP, SHIPTOCOUNTRY, SHIPTOPHONE, SHIPVIA, PO, TERMS, PAYMENTMETHOD, ITEMSTOTAL, TAXRATE, FREIGHT, AMOUNTPAID) VALUES (1146, 2315, '1994-02-13 00:00:00', '1994-02-13 00:00:00', 94, NULL, NULL, NULL, NULL, NULL, NULL, NULL, NULL, 'FedEx', NULL, 'FOB', 'Check', 15052, 0, 0, 15052);
INSERT INTO ORDERS (ORDERNO, CUSTNO, SALEDATE, SHIPDATE, EMPNO, SHIPTOCONTACT, SHIPTOADDR1, SHIPTOADDR2, SHIPTOCITY, SHIPTOSTATE, SHIPTOZIP, SHIPTOCOUNTRY, SHIPTOPHONE, SHIPVIA, PO, TERMS, PAYMENTMETHOD, ITEMSTOTAL, TAXRATE, FREIGHT, AMOUNTPAID) VALUES (1148, 1563, '1994-03-03 00:00:00', '1994-03-03 00:00:00', 83, NULL, NULL, NULL, NULL, NULL, NULL, NULL, NULL, 'FedEx', NULL, 'FOB', 'Visa', 5011, 0, 0, 5011);
INSERT INTO ORDERS (ORDERNO, CUSTNO, SALEDATE, SHIPDATE, EMPNO, SHIPTOCONTACT, SHIPTOADDR1, SHIPTOADDR2, SHIPTOCITY, SHIPTOSTATE, SHIPTOZIP, SHIPTOCOUNTRY, SHIPTOPHONE, SHIPVIA, PO, TERMS, PAYMENTMETHOD, ITEMSTOTAL, TAXRATE, FREIGHT, AMOUNTPAID) VALUES (1149, 9841, '1994-03-14 00:00:00', '1994-03-14 00:00:00', 52, NULL, NULL, NULL, NULL, NULL, NULL, NULL, NULL, 'UPS', NULL, 'FOB', 'MC', 12901, 0, 0, 12900.75);
INSERT INTO ORDERS (ORDERNO, CUSTNO, SALEDATE, SHIPDATE, EMPNO, SHIPTOCONTACT, SHIPTOADDR1, SHIPTOADDR2, SHIPTOCITY, SHIPTOSTATE, SHIPTOZIP, SHIPTOCOUNTRY, SHIPTOPHONE, SHIPVIA, PO, TERMS, PAYMENTMETHOD, ITEMSTOTAL, TAXRATE, FREIGHT, AMOUNTPAID) VALUES (1150, 3052, '1994-03-25 00:00:00', '1994-03-25 00:00:00', 44, NULL, NULL, NULL, NULL, NULL, NULL, NULL, NULL, 'UPS', NULL, 'FOB', 'AmEx', 7672, 0, 0, 7671.9);
INSERT INTO ORDERS (ORDERNO, CUSTNO, SALEDATE, SHIPDATE, EMPNO, SHIPTOCONTACT, SHIPTOADDR1, SHIPTOADDR2, SHIPTOCITY, SHIPTOSTATE, SHIPTOZIP, SHIPTOCOUNTRY, SHIPTOPHONE, SHIPVIA, PO, TERMS, PAYMENTMETHOD, ITEMSTOTAL, TAXRATE, FREIGHT, AMOUNTPAID) VALUES (1152, 1351, '1994-04-07 00:00:00', '1994-04-07 00:00:00', 24, NULL, NULL, NULL, NULL, NULL, NULL, NULL, NULL, 'FedEx', NULL, 'Net 30', 'Credit', 97699, 0, 0, 97698.6);
INSERT INTO ORDERS (ORDERNO, CUSTNO, SALEDATE, SHIPDATE, EMPNO, SHIPTOCONTACT, SHIPTOADDR1, SHIPTOADDR2, SHIPTOCITY, SHIPTOSTATE, SHIPTOZIP, SHIPTOCOUNTRY, SHIPTOPHONE, SHIPVIA, PO, TERMS, PAYMENTMETHOD, ITEMSTOTAL, TAXRATE, FREIGHT, AMOUNTPAID) VALUES (1153, 1380, '1994-04-16 00:00:00', '1994-04-16 00:00:00', 4, NULL, NULL, NULL, NULL, NULL, NULL, NULL, NULL, 'FedEx', NULL, 'Net 30', 'Credit', 3861, 0, 0, 3860.85);
INSERT INTO ORDERS (ORDERNO, CUSTNO, SALEDATE, SHIPDATE, EMPNO, SHIPTOCONTACT, SHIPTOADDR1, SHIPTOADDR2, SHIPTOCITY, SHIPTOSTATE, SHIPTOZIP, SHIPTOCOUNTRY, SHIPTOPHONE, SHIPVIA, PO, TERMS, PAYMENTMETHOD, ITEMSTOTAL, TAXRATE, FREIGHT, AMOUNTPAID) VALUES (1154, 1560, '1994-05-01 00:00:00', '1994-05-01 00:00:00', 9, NULL, NULL, NULL, NULL, NULL, NULL, NULL, NULL, 'UPS', NULL, 'Net 30', 'Visa', 13227, 0, 0, 13226.8);
INSERT INTO ORDERS (ORDERNO, CUSTNO, SALEDATE, SHIPDATE, EMPNO, SHIPTOCONTACT, SHIPTOADDR1, SHIPTOADDR2, SHIPTOCITY, SHIPTOSTATE, SHIPTOZIP, SHIPTOCOUNTRY, SHIPTOPHONE, SHIPVIA, PO, TERMS, PAYMENTMETHOD, ITEMSTOTAL, TAXRATE, FREIGHT, AMOUNTPAID) VALUES (1155, 1351, '1994-05-05 00:00:00', '1994-05-05 00:00:00', 37, NULL, NULL, NULL, NULL, NULL, NULL, NULL, NULL, 'UPS', NULL, 'Net 30', 'Credit', 13936, 0, 0, 13935.95);
INSERT INTO ORDERS (ORDERNO, CUSTNO, SALEDATE, SHIPDATE, EMPNO, SHIPTOCONTACT, SHIPTOADDR1, SHIPTOADDR2, SHIPTOCITY, SHIPTOSTATE, SHIPTOZIP, SHIPTOCOUNTRY, SHIPTOPHONE, SHIPVIA, PO, TERMS, PAYMENTMETHOD, ITEMSTOTAL, TAXRATE, FREIGHT, AMOUNTPAID) VALUES (1156, 1513, '1994-05-09 00:00:00', '1994-05-09 00:00:00', 46, NULL, NULL, NULL, NULL, NULL, NULL, NULL, NULL, 'UPS', NULL, 'Net 30', 'MC', 12367, 0, 0, 12367);
INSERT INTO ORDERS (ORDERNO, CUSTNO, SALEDATE, SHIPDATE, EMPNO, SHIPTOCONTACT, SHIPTOADDR1, SHIPTOADDR2, SHIPTOCITY, SHIPTOSTATE, SHIPTOZIP, SHIPTOCOUNTRY, SHIPTOPHONE, SHIPVIA, PO, TERMS, PAYMENTMETHOD, ITEMSTOTAL, TAXRATE, FREIGHT, AMOUNTPAID) VALUES (1158, 5165, '1994-05-22 00:00:00', '1994-05-22 00:00:00', 141, NULL, NULL, NULL, NULL, NULL, NULL, NULL, NULL, 'US Mail', NULL, 'Net 30', 'Credit', 9794, 0, 0, 9793.55);
INSERT INTO ORDERS (ORDERNO, CUSTNO, SALEDATE, SHIPDATE, EMPNO, SHIPTOCONTACT, SHIPTOADDR1, SHIPTOADDR2, SHIPTOCITY, SHIPTOSTATE, SHIPTOZIP, SHIPTOCOUNTRY, SHIPTOPHONE, SHIPVIA, PO, TERMS, PAYMENTMETHOD, ITEMSTOTAL, TAXRATE, FREIGHT, AMOUNTPAID) VALUES (1160, 1231, '1994-06-01 00:00:00', '1994-06-01 00:00:00', 110, NULL, NULL, NULL, NULL, NULL, NULL, NULL, NULL, 'US Mail', NULL, 'FOB', 'Check', 2207, 0, 0, 2206.85);
INSERT INTO ORDERS (ORDERNO, CUSTNO, SALEDATE, SHIPDATE, EMPNO, SHIPTOCONTACT, SHIPTOADDR1, SHIPTOADDR2, SHIPTOCITY, SHIPTOSTATE, SHIPTOZIP, SHIPTOCOUNTRY, SHIPTOPHONE, SHIPVIA, PO, TERMS, PAYMENTMETHOD, ITEMSTOTAL, TAXRATE, FREIGHT, AMOUNTPAID) VALUES (1161, 1563, '1994-06-04 00:00:00', '1994-06-04 00:00:00', 94, NULL, NULL, NULL, NULL, NULL, NULL, NULL, NULL, 'US Mail', NULL, 'FOB', 'Credit', 102454, 0, 0, 102453.6);
INSERT INTO ORDERS (ORDERNO, CUSTNO, SALEDATE, SHIPDATE, EMPNO, SHIPTOCONTACT, SHIPTOADDR1, SHIPTOADDR2, SHIPTOCITY, SHIPTOSTATE, SHIPTOZIP, SHIPTOCOUNTRY, SHIPTOPHONE, SHIPVIA, PO, TERMS, PAYMENTMETHOD, ITEMSTOTAL, TAXRATE, FREIGHT, AMOUNTPAID) VALUES (1162, 2118, '1994-06-09 00:00:00', '1994-06-09 00:00:00', 114, NULL, NULL, NULL, NULL, NULL, NULL, NULL, NULL, 'US Mail', NULL, 'FOB', 'Credit', 3153, 0, 0, 3153);
INSERT INTO ORDERS (ORDERNO, CUSTNO, SALEDATE, SHIPDATE, EMPNO, SHIPTOCONTACT, SHIPTOADDR1, SHIPTOADDR2, SHIPTOCITY, SHIPTOSTATE, SHIPTOZIP, SHIPTOCOUNTRY, SHIPTOPHONE, SHIPVIA, PO, TERMS, PAYMENTMETHOD, ITEMSTOTAL, TAXRATE, FREIGHT, AMOUNTPAID) VALUES (1163, 1351, '1994-06-14 00:00:00', '1994-06-14 00:00:00', 83, NULL, NULL, NULL, NULL, NULL, NULL, NULL, NULL, 'US Mail', NULL, 'FOB', 'Credit', 342, 0, 0, 342);
INSERT INTO ORDERS (ORDERNO, CUSTNO, SALEDATE, SHIPDATE, EMPNO, SHIPTOCONTACT, SHIPTOADDR1, SHIPTOADDR2, SHIPTOCITY, SHIPTOSTATE, SHIPTOZIP, SHIPTOCOUNTRY, SHIPTOPHONE, SHIPVIA, PO, TERMS, PAYMENTMETHOD, ITEMSTOTAL, TAXRATE, FREIGHT, AMOUNTPAID) VALUES (1165, 1513, '1994-06-26 00:00:00', '1994-06-26 00:00:00', 72, NULL, NULL, NULL, NULL, NULL, NULL, NULL, NULL, 'UPS', NULL, 'FOB', 'Visa', 2693, 0, 0, 2692.85);
INSERT INTO ORDERS (ORDERNO, CUSTNO, SALEDATE, SHIPDATE, EMPNO, SHIPTOCONTACT, SHIPTOADDR1, SHIPTOADDR2, SHIPTOCITY, SHIPTOSTATE, SHIPTOZIP, SHIPTOCOUNTRY, SHIPTOPHONE, SHIPVIA, PO, TERMS, PAYMENTMETHOD, ITEMSTOTAL, TAXRATE, FREIGHT, AMOUNTPAID) VALUES (1166, 3054, '1994-07-01 00:00:00', '1994-07-01 00:00:00', 71, NULL, NULL, NULL, NULL, NULL, NULL, NULL, NULL, 'DHL', NULL, 'Net 30', 'Visa', 28862, 0, 0, 28862);
INSERT INTO ORDERS (ORDERNO, CUSTNO, SALEDATE, SHIPDATE, EMPNO, SHIPTOCONTACT, SHIPTOADDR1, SHIPTOADDR2, SHIPTOCITY, SHIPTOSTATE, SHIPTOZIP, SHIPTOCOUNTRY, SHIPTOPHONE, SHIPVIA, PO, TERMS, PAYMENTMETHOD, ITEMSTOTAL, TAXRATE, FREIGHT, AMOUNTPAID) VALUES (1168, 1563, '1994-07-04 00:00:00', '1994-07-04 00:00:00', 9, NULL, NULL, NULL, NULL, NULL, NULL, NULL, NULL, 'FedEx', NULL, 'FOB', 'MC', 104, 0, 0, 104);
INSERT INTO ORDERS (ORDERNO, CUSTNO, SALEDATE, SHIPDATE, EMPNO, SHIPTOCONTACT, SHIPTOADDR1, SHIPTOADDR2, SHIPTOCITY, SHIPTOSTATE, SHIPTOZIP, SHIPTOCOUNTRY, SHIPTOPHONE, SHIPVIA, PO, TERMS, PAYMENTMETHOD, ITEMSTOTAL, TAXRATE, FREIGHT, AMOUNTPAID) VALUES (1169, 1221, '1994-07-06 00:00:00', '1994-07-06 00:00:00', 12, NULL, NULL, NULL, NULL, NULL, NULL, NULL, NULL, 'UPS', NULL, 'FOB', 'Credit', 9472, 0, 0, 9471.95);
INSERT INTO ORDERS (ORDERNO, CUSTNO, SALEDATE, SHIPDATE, EMPNO, SHIPTOCONTACT, SHIPTOADDR1, SHIPTOADDR2, SHIPTOCITY, SHIPTOSTATE, SHIPTOZIP, SHIPTOCOUNTRY, SHIPTOPHONE, SHIPVIA, PO, TERMS, PAYMENTMETHOD, ITEMSTOTAL, TAXRATE, FREIGHT, AMOUNTPAID) VALUES (1170, 1551, '1994-07-08 00:00:00', '1994-07-08 00:00:00', 20, NULL, NULL, NULL, NULL, NULL, NULL, NULL, NULL, 'DHL', NULL, 'Net 30', 'Credit', 5655, 0, 0, 5654.8);
INSERT INTO ORDERS (ORDERNO, CUSTNO, SALEDATE, SHIPDATE, EMPNO, SHIPTOCONTACT, SHIPTOADDR1, SHIPTOADDR2, SHIPTOCITY, SHIPTOSTATE, SHIPTOZIP, SHIPTOCOUNTRY, SHIPTOPHONE, SHIPVIA, PO, TERMS, PAYMENTMETHOD, ITEMSTOTAL, TAXRATE, FREIGHT, AMOUNTPAID) VALUES (1171, 1560, '1994-07-10 00:00:00', '1994-07-10 00:00:00', 136, NULL, NULL, NULL, NULL, NULL, NULL, NULL, NULL, 'FedEx', NULL, 'Net 30', 'Cash', 2357, 0, 0, 2356.9);
INSERT INTO ORDERS (ORDERNO, CUSTNO, SALEDATE, SHIPDATE, EMPNO, SHIPTOCONTACT, SHIPTOADDR1, SHIPTOADDR2, SHIPTOCITY, SHIPTOSTATE, SHIPTOZIP, SHIPTOCOUNTRY, SHIPTOPHONE, SHIPVIA, PO, TERMS, PAYMENTMETHOD, ITEMSTOTAL, TAXRATE, FREIGHT, AMOUNTPAID) VALUES (1173, 1231, '1994-07-16 00:00:00', '1994-07-16 00:00:00', 127, NULL, NULL, NULL, NULL, NULL, NULL, NULL, NULL, 'US Mail', NULL, 'Net 30', 'MC', 54, 0, 0, 54);
INSERT INTO ORDERS (ORDERNO, CUSTNO, SALEDATE, SHIPDATE, EMPNO, SHIPTOCONTACT, SHIPTOADDR1, SHIPTOADDR2, SHIPTOCITY, SHIPTOSTATE, SHIPTOZIP, SHIPTOCOUNTRY, SHIPTOPHONE, SHIPVIA, PO, TERMS, PAYMENTMETHOD, ITEMSTOTAL, TAXRATE, FREIGHT, AMOUNTPAID) VALUES (1175, 3051, '1994-07-22 00:00:00', '1994-07-22 00:00:00', 110, NULL, NULL, NULL, NULL, NULL, NULL, NULL, NULL, 'UPS', NULL, 'FOB', 'MC', 13814, 0, 0, 13814.05);
INSERT INTO ORDERS (ORDERNO, CUSTNO, SALEDATE, SHIPDATE, EMPNO, SHIPTOCONTACT, SHIPTOADDR1, SHIPTOADDR2, SHIPTOCITY, SHIPTOSTATE, SHIPTOZIP, SHIPTOCOUNTRY, SHIPTOPHONE, SHIPVIA, PO, TERMS, PAYMENTMETHOD, ITEMSTOTAL, TAXRATE, FREIGHT, AMOUNTPAID) VALUES (1176, 1221, '1994-07-26 00:00:00', '1994-07-26 00:00:00', 52, NULL, NULL, NULL, NULL, NULL, NULL, NULL, NULL, 'UPS', NULL, 'FOB', 'Visa', 4179, 0, 0, 4178.85);
INSERT INTO ORDERS (ORDERNO, CUSTNO, SALEDATE, SHIPDATE, EMPNO, SHIPTOCONTACT, SHIPTOADDR1, SHIPTOADDR2, SHIPTOCITY, SHIPTOSTATE, SHIPTOZIP, SHIPTOCOUNTRY, SHIPTOPHONE, SHIPVIA, PO, TERMS, PAYMENTMETHOD, ITEMSTOTAL, TAXRATE, FREIGHT, AMOUNTPAID) VALUES (1178, 1231, '1994-08-02 00:00:00', '1994-08-02 00:00:00', 24, NULL, NULL, NULL, NULL, NULL, NULL, NULL, NULL, 'DHL', NULL, 'FOB', 'Credit', 5512, 0, 0, 5511.75);
INSERT INTO ORDERS (ORDERNO, CUSTNO, SALEDATE, SHIPDATE, EMPNO, SHIPTOCONTACT, SHIPTOADDR1, SHIPTOADDR2, SHIPTOCITY, SHIPTOSTATE, SHIPTOZIP, SHIPTOCOUNTRY, SHIPTOPHONE, SHIPVIA, PO, TERMS, PAYMENTMETHOD, ITEMSTOTAL, TAXRATE, FREIGHT, AMOUNTPAID) VALUES (1180, 1356, '1994-08-06 00:00:00', '1994-08-06 00:00:00', 144, NULL, NULL, NULL, NULL, NULL, NULL, NULL, NULL, 'UPS', NULL, 'Net 30', 'Credit', 3640, 0, 0, 3640);
INSERT INTO ORDERS (ORDERNO, CUSTNO, SALEDATE, SHIPDATE, EMPNO, SHIPTOCONTACT, SHIPTOADDR1, SHIPTOADDR2, SHIPTOCITY, SHIPTOSTATE, SHIPTOZIP, SHIPTOCOUNTRY, SHIPTOPHONE, SHIPVIA, PO, TERMS, PAYMENTMETHOD, ITEMSTOTAL, TAXRATE, FREIGHT, AMOUNTPAID) VALUES (1183, 4531, '1994-08-10 00:00:00', '1994-08-10 00:00:00', 5, NULL, NULL, NULL, NULL, NULL, NULL, NULL, NULL, 'FedEx', NULL, 'Net 30', 'Cash', 3650, 0, 0, 3650);
INSERT INTO ORDERS (ORDERNO, CUSTNO, SALEDATE, SHIPDATE, EMPNO, SHIPTOCONTACT, SHIPTOADDR1, SHIPTOADDR2, SHIPTOCITY, SHIPTOSTATE, SHIPTOZIP, SHIPTOCOUNTRY, SHIPTOPHONE, SHIPVIA, PO, TERMS, PAYMENTMETHOD, ITEMSTOTAL, TAXRATE, FREIGHT, AMOUNTPAID) VALUES (1195, 5384, '1994-09-06 00:00:00', '1994-09-06 00:00:00', 20, NULL, NULL, NULL, NULL, NULL, NULL, NULL, NULL, 'US Mail', NULL, 'Net 30', 'MC', 7868, 0, 0, 7868);
INSERT INTO ORDERS (ORDERNO, CUSTNO, SALEDATE, SHIPDATE, EMPNO, SHIPTOCONTACT, SHIPTOADDR1, SHIPTOADDR2, SHIPTOCITY, SHIPTOSTATE, SHIPTOZIP, SHIPTOCOUNTRY, SHIPTOPHONE, SHIPVIA, PO, TERMS, PAYMENTMETHOD, ITEMSTOTAL, TAXRATE, FREIGHT, AMOUNTPAID) VALUES (1196, 2354, '1994-09-08 00:00:00', '1994-09-08 00:00:00', 9, NULL, NULL, NULL, NULL, NULL, NULL, NULL, NULL, 'DHL', NULL, 'Net 30', 'MC', 5983, 0, 0, 5983);
INSERT INTO ORDERS (ORDERNO, CUSTNO, SALEDATE, SHIPDATE, EMPNO, SHIPTOCONTACT, SHIPTOADDR1, SHIPTOADDR2, SHIPTOCITY, SHIPTOSTATE, SHIPTOZIP, SHIPTOCOUNTRY, SHIPTOPHONE, SHIPVIA, PO, TERMS, PAYMENTMETHOD, ITEMSTOTAL, TAXRATE, FREIGHT, AMOUNTPAID) VALUES (1197, 1513, '1994-09-12 00:00:00', '1994-09-12 00:00:00', 71, NULL, NULL, NULL, NULL, NULL, NULL, NULL, NULL, 'UPS', NULL, 'Net 30', 'MC', 6731, 0, 0, 6731);
INSERT INTO ORDERS (ORDERNO, CUSTNO, SALEDATE, SHIPDATE, EMPNO, SHIPTOCONTACT, SHIPTOADDR1, SHIPTOADDR2, SHIPTOCITY, SHIPTOSTATE, SHIPTOZIP, SHIPTOCOUNTRY, SHIPTOPHONE, SHIPVIA, PO, TERMS, PAYMENTMETHOD, ITEMSTOTAL, TAXRATE, FREIGHT, AMOUNTPAID) VALUES (1198, 2315, '1994-09-14 00:00:00', '1994-09-14 00:00:00', 65, NULL, NULL, NULL, NULL, NULL, NULL, NULL, NULL, 'UPS', NULL, 'Net 30', 'Credit', 72090, 0, 0, 72089.9);
INSERT INTO ORDERS (ORDERNO, CUSTNO, SALEDATE, SHIPDATE, EMPNO, SHIPTOCONTACT, SHIPTOADDR1, SHIPTOADDR2, SHIPTOCITY, SHIPTOSTATE, SHIPTOZIP, SHIPTOCOUNTRY, SHIPTOPHONE, SHIPVIA, PO, TERMS, PAYMENTMETHOD, ITEMSTOTAL, TAXRATE, FREIGHT, AMOUNTPAID) VALUES (1199, 5163, '1994-09-16 00:00:00', '1994-09-16 00:00:00', 85, NULL, NULL, NULL, NULL, NULL, NULL, NULL, NULL, 'UPS', NULL, 'Net 30', 'Credit', 716, 0, 0, 716);
INSERT INTO ORDERS (ORDERNO, CUSTNO, SALEDATE, SHIPDATE, EMPNO, SHIPTOCONTACT, SHIPTOADDR1, SHIPTOADDR2, SHIPTOCITY, SHIPTOSTATE, SHIPTOZIP, SHIPTOCOUNTRY, SHIPTOPHONE, SHIPVIA, PO, TERMS, PAYMENTMETHOD, ITEMSTOTAL, TAXRATE, FREIGHT, AMOUNTPAID) VALUES (1200, 1384, '1994-09-20 00:00:00', '1994-09-20 00:00:00', 107, NULL, NULL, NULL, NULL, NULL, NULL, NULL, NULL, 'UPS', NULL, 'FOB', 'Credit', 1827, 0, 0, 1827);
INSERT INTO ORDERS (ORDERNO, CUSTNO, SALEDATE, SHIPDATE, EMPNO, SHIPTOCONTACT, SHIPTOADDR1, SHIPTOADDR2, SHIPTOCITY, SHIPTOSTATE, SHIPTOZIP, SHIPTOCOUNTRY, SHIPTOPHONE, SHIPVIA, PO, TERMS, PAYMENTMETHOD, ITEMSTOTAL, TAXRATE, FREIGHT, AMOUNTPAID) VALUES (1201, 2984, '1994-10-04 00:00:00', '1994-10-04 00:00:00', 114, NULL, NULL, NULL, NULL, NULL, NULL, NULL, NULL, 'UPS', NULL, 'FOB', 'Credit', 7990, 0, 0, 7990);
INSERT INTO ORDERS (ORDERNO, CUSTNO, SALEDATE, SHIPDATE, EMPNO, SHIPTOCONTACT, SHIPTOADDR1, SHIPTOADDR2, SHIPTOCITY, SHIPTOSTATE, SHIPTOZIP, SHIPTOCOUNTRY, SHIPTOPHONE, SHIPVIA, PO, TERMS, PAYMENTMETHOD, ITEMSTOTAL, TAXRATE, FREIGHT, AMOUNTPAID) VALUES (1202, 1231, '1994-10-06 00:00:00', '1994-10-06 00:00:00', 145, NULL, NULL, NULL, NULL, NULL, NULL, NULL, NULL, 'UPS', NULL, 'FOB', 'Credit', 4205, 0, 0, 4205);
INSERT INTO ORDERS (ORDERNO, CUSTNO, SALEDATE, SHIPDATE, EMPNO, SHIPTOCONTACT, SHIPTOADDR1, SHIPTOADDR2, SHIPTOCITY, SHIPTOSTATE, SHIPTOZIP, SHIPTOCOUNTRY, SHIPTOPHONE, SHIPVIA, PO, TERMS, PAYMENTMETHOD, ITEMSTOTAL, TAXRATE, FREIGHT, AMOUNTPAID) VALUES (1204, 3053, '1994-10-18 00:00:00', '1994-10-18 00:00:00', 141, NULL, NULL, NULL, NULL, NULL, NULL, NULL, NULL, 'DHL', NULL, 'FOB', 'Check', 10264, 0, 0, 10263.75);
INSERT INTO ORDERS (ORDERNO, CUSTNO, SALEDATE, SHIPDATE, EMPNO, SHIPTOCONTACT, SHIPTOADDR1, SHIPTOADDR2, SHIPTOCITY, SHIPTOSTATE, SHIPTOZIP, SHIPTOCOUNTRY, SHIPTOPHONE, SHIPVIA, PO, TERMS, PAYMENTMETHOD, ITEMSTOTAL, TAXRATE, FREIGHT, AMOUNTPAID) VALUES (1205, 3054, '1994-10-21 00:00:00', '1994-10-21 00:00:00', 8, NULL, NULL, NULL, NULL, NULL, NULL, NULL, NULL, 'UPS', NULL, 'FOB', 'Visa', 4030, 0, 0, 4029.55);
INSERT INTO ORDERS (ORDERNO, CUSTNO, SALEDATE, SHIPDATE, EMPNO, SHIPTOCONTACT, SHIPTOADDR1, SHIPTOADDR2, SHIPTOCITY, SHIPTOSTATE, SHIPTOZIP, SHIPTOCOUNTRY, SHIPTOPHONE, SHIPVIA, PO, TERMS, PAYMENTMETHOD, ITEMSTOTAL, TAXRATE, FREIGHT, AMOUNTPAID) VALUES (1207, 1384, '1994-11-11 00:00:00', '1994-11-11 00:00:00', 52, NULL, NULL, NULL, NULL, NULL, NULL, NULL, NULL, 'US Mail', NULL, 'FOB', 'Visa', 12950, 0, 0, 12949.7);
INSERT INTO ORDERS (ORDERNO, CUSTNO, SALEDATE, SHIPDATE, EMPNO, SHIPTOCONTACT, SHIPTOADDR1, SHIPTOADDR2, SHIPTOCITY, SHIPTOSTATE, SHIPTOZIP, SHIPTOCOUNTRY, SHIPTOPHONE, SHIPVIA, PO, TERMS, PAYMENTMETHOD, ITEMSTOTAL, TAXRATE, FREIGHT, AMOUNTPAID) VALUES (1209, 1513, '1994-11-12 00:00:00', '1994-11-12 00:00:00', 61, NULL, NULL, NULL, NULL, NULL, NULL, NULL, NULL, 'US Mail', NULL, 'Net 30', 'COD', 20712, 0, 0, 20711.9);
INSERT INTO ORDERS (ORDERNO, CUSTNO, SALEDATE, SHIPDATE, EMPNO, SHIPTOCONTACT, SHIPTOADDR1, SHIPTOADDR2, SHIPTOCITY, SHIPTOSTATE, SHIPTOZIP, SHIPTOCOUNTRY, SHIPTOPHONE, SHIPVIA, PO, TERMS, PAYMENTMETHOD, ITEMSTOTAL, TAXRATE, FREIGHT, AMOUNTPAID) VALUES (1212, 1563, '1994-11-14 00:00:00', '1994-11-14 00:00:00', 4, NULL, NULL, NULL, NULL, NULL, NULL, NULL, NULL, 'UPS', NULL, 'Net 30', 'Credit', 3976, 0, 0, 3975.75);
INSERT INTO ORDERS (ORDERNO, CUSTNO, SALEDATE, SHIPDATE, EMPNO, SHIPTOCONTACT, SHIPTOADDR1, SHIPTOADDR2, SHIPTOCITY, SHIPTOSTATE, SHIPTOZIP, SHIPTOCOUNTRY, SHIPTOPHONE, SHIPVIA, PO, TERMS, PAYMENTMETHOD, ITEMSTOTAL, TAXRATE, FREIGHT, AMOUNTPAID) VALUES (1215, 1651, '1994-11-16 00:00:00', '1994-11-16 00:00:00', 34, NULL, NULL, NULL, NULL, NULL, NULL, NULL, NULL, 'Emery', NULL, 'FOB', 'MC', 8306, 0, 0, 8305.95);
INSERT INTO ORDERS (ORDERNO, CUSTNO, SALEDATE, SHIPDATE, EMPNO, SHIPTOCONTACT, SHIPTOADDR1, SHIPTOADDR2, SHIPTOCITY, SHIPTOSTATE, SHIPTOZIP, SHIPTOCOUNTRY, SHIPTOPHONE, SHIPVIA, PO, TERMS, PAYMENTMETHOD, ITEMSTOTAL, TAXRATE, FREIGHT, AMOUNTPAID) VALUES (1217, 1984, '1994-11-22 00:00:00', '1994-11-22 00:00:00', 14, NULL, NULL, NULL, NULL, NULL, NULL, NULL, NULL, 'DHL', NULL, 'FOB', 'Check', 51731, 0, 0, 51730.8);
INSERT INTO ORDERS (ORDERNO, CUSTNO, SALEDATE, SHIPDATE, EMPNO, SHIPTOCONTACT, SHIPTOADDR1, SHIPTOADDR2, SHIPTOCITY, SHIPTOSTATE, SHIPTOZIP, SHIPTOCOUNTRY, SHIPTOPHONE, SHIPVIA, PO, TERMS, PAYMENTMETHOD, ITEMSTOTAL, TAXRATE, FREIGHT, AMOUNTPAID) VALUES (1221, 2163, '1994-11-23 00:00:00', '1994-11-23 00:00:00', 2, NULL, NULL, NULL, NULL, NULL, NULL, NULL, NULL, 'UPS', NULL, 'Net 30', 'Credit', 2099, 0, 0, 2099);
INSERT INTO ORDERS (ORDERNO, CUSTNO, SALEDATE, SHIPDATE, EMPNO, SHIPTOCONTACT, SHIPTOADDR1, SHIPTOADDR2, SHIPTOCITY, SHIPTOSTATE, SHIPTOZIP, SHIPTOCOUNTRY, SHIPTOPHONE, SHIPVIA, PO, TERMS, PAYMENTMETHOD, ITEMSTOTAL, TAXRATE, FREIGHT, AMOUNTPAID) VALUES (1250, 3052, '1994-11-24 00:00:00', '1994-11-24 00:00:00', 61, NULL, NULL, NULL, NULL, NULL, NULL, NULL, NULL, 'UPS', NULL, 'FOB', 'AmEx', 45160, 0, 0, 45160.1);
INSERT INTO ORDERS (ORDERNO, CUSTNO, SALEDATE, SHIPDATE, EMPNO, SHIPTOCONTACT, SHIPTOADDR1, SHIPTOADDR2, SHIPTOCITY, SHIPTOSTATE, SHIPTOZIP, SHIPTOCOUNTRY, SHIPTOPHONE, SHIPVIA, PO, TERMS, PAYMENTMETHOD, ITEMSTOTAL, TAXRATE, FREIGHT, AMOUNTPAID) VALUES (1253, 1380, '1994-11-26 00:00:00', '1994-11-26 00:00:00', 46, NULL, NULL, NULL, NULL, NULL, NULL, NULL, NULL, 'FedEx', NULL, 'Net 30', 'Credit', 4775, 0, 0, 4774.85);
INSERT INTO ORDERS (ORDERNO, CUSTNO, SALEDATE, SHIPDATE, EMPNO, SHIPTOCONTACT, SHIPTOADDR1, SHIPTOADDR2, SHIPTOCITY, SHIPTOSTATE, SHIPTOZIP, SHIPTOCOUNTRY, SHIPTOPHONE, SHIPVIA, PO, TERMS, PAYMENTMETHOD, ITEMSTOTAL, TAXRATE, FREIGHT, AMOUNTPAID) VALUES (1255, 1351, '1994-12-09 00:00:00', '1994-12-09 00:00:00', 127, NULL, NULL, NULL, NULL, NULL, NULL, NULL, NULL, 'UPS', NULL, 'Net 30', 'Credit', 64116, 0, 0, 64115.75);
INSERT INTO ORDERS (ORDERNO, CUSTNO, SALEDATE, SHIPDATE, EMPNO, SHIPTOCONTACT, SHIPTOADDR1, SHIPTOADDR2, SHIPTOCITY, SHIPTOSTATE, SHIPTOZIP, SHIPTOCOUNTRY, SHIPTOPHONE, SHIPVIA, PO, TERMS, PAYMENTMETHOD, ITEMSTOTAL, TAXRATE, FREIGHT, AMOUNTPAID) VALUES (1260, 3041, '1994-12-10 00:00:00', '1994-12-10 00:00:00', 107, NULL, NULL, NULL, NULL, NULL, NULL, NULL, NULL, 'US Mail', NULL, 'FOB', 'Check', 2578, 0, 0, 2577.85);
INSERT INTO ORDERS (ORDERNO, CUSTNO, SALEDATE, SHIPDATE, EMPNO, SHIPTOCONTACT, SHIPTOADDR1, SHIPTOADDR2, SHIPTOCITY, SHIPTOSTATE, SHIPTOZIP, SHIPTOCOUNTRY, SHIPTOPHONE, SHIPVIA, PO, TERMS, PAYMENTMETHOD, ITEMSTOTAL, TAXRATE, FREIGHT, AMOUNTPAID) VALUES (1261, 1563, '1994-12-11 00:00:00', '1994-12-11 00:00:00', 45, NULL, NULL, NULL, NULL, NULL, NULL, NULL, NULL, 'US Mail', NULL, 'FOB', 'Credit', 1999, 0, 0, 1999);
INSERT INTO ORDERS (ORDERNO, CUSTNO, SALEDATE, SHIPDATE, EMPNO, SHIPTOCONTACT, SHIPTOADDR1, SHIPTOADDR2, SHIPTOCITY, SHIPTOSTATE, SHIPTOZIP, SHIPTOCOUNTRY, SHIPTOPHONE, SHIPVIA, PO, TERMS, PAYMENTMETHOD, ITEMSTOTAL, TAXRATE, FREIGHT, AMOUNTPAID) VALUES (1263, 3053, '1994-12-14 00:00:00', '1994-12-14 00:00:00', 44, NULL, NULL, NULL, NULL, NULL, NULL, NULL, NULL, 'US Mail', NULL, 'FOB', 'Credit', 158923, 0, 0, 158922.65);
INSERT INTO ORDERS (ORDERNO, CUSTNO, SALEDATE, SHIPDATE, EMPNO, SHIPTOCONTACT, SHIPTOADDR1, SHIPTOADDR2, SHIPTOCITY, SHIPTOSTATE, SHIPTOZIP, SHIPTOCOUNTRY, SHIPTOPHONE, SHIPVIA, PO, TERMS, PAYMENTMETHOD, ITEMSTOTAL, TAXRATE, FREIGHT, AMOUNTPAID) VALUES (1266, 1356, '1994-12-15 00:00:00', '1994-12-15 00:00:00', 71, NULL, NULL, NULL, NULL, NULL, NULL, NULL, NULL, 'DHL', NULL, 'Net 30', 'Visa', 6935, 0, 0, 6935);
INSERT INTO ORDERS (ORDERNO, CUSTNO, SALEDATE, SHIPDATE, EMPNO, SHIPTOCONTACT, SHIPTOADDR1, SHIPTOADDR2, SHIPTOCITY, SHIPTOSTATE, SHIPTOZIP, SHIPTOCOUNTRY, SHIPTOPHONE, SHIPVIA, PO, TERMS, PAYMENTMETHOD, ITEMSTOTAL, TAXRATE, FREIGHT, AMOUNTPAID) VALUES (1269, 1221, '1994-12-16 00:00:00', '1994-12-16 00:00:00', 28, NULL, NULL, NULL, NULL, NULL, NULL, NULL, NULL, 'UPS', NULL, 'FOB', 'Credit', 1400, 0, 0, 1400);
INSERT INTO ORDERS (ORDERNO, CUSTNO, SALEDATE, SHIPDATE, EMPNO, SHIPTOCONTACT, SHIPTOADDR1, SHIPTOADDR2, SHIPTOCITY, SHIPTOSTATE, SHIPTOZIP, SHIPTOCOUNTRY, SHIPTOPHONE, SHIPVIA, PO, TERMS, PAYMENTMETHOD, ITEMSTOTAL, TAXRATE, FREIGHT, AMOUNTPAID) VALUES (1271, 1560, '1994-12-20 00:00:00', '1994-12-20 00:00:00', 145, NULL, NULL, NULL, NULL, NULL, NULL, NULL, NULL, 'FedEx', NULL, 'Net 30', 'Cash', 304, 0, 0, 304);
INSERT INTO ORDERS (ORDERNO, CUSTNO, SALEDATE, SHIPDATE, EMPNO, SHIPTOCONTACT, SHIPTOADDR1, SHIPTOADDR2, SHIPTOCITY, SHIPTOSTATE, SHIPTOZIP, SHIPTOCOUNTRY, SHIPTOPHONE, SHIPVIA, PO, TERMS, PAYMENTMETHOD, ITEMSTOTAL, TAXRATE, FREIGHT, AMOUNTPAID) VALUES (1275, 1351, '1994-12-22 00:00:00', '1994-12-22 00:00:00', 20, NULL, NULL, NULL, NULL, NULL, NULL, NULL, NULL, 'UPS', NULL, 'FOB', 'MC', 16940, 0, 0, 16939.5);
INSERT INTO ORDERS (ORDERNO, CUSTNO, SALEDATE, SHIPDATE, EMPNO, SHIPTOCONTACT, SHIPTOADDR1, SHIPTOADDR2, SHIPTOCITY, SHIPTOSTATE, SHIPTOZIP, SHIPTOCOUNTRY, SHIPTOPHONE, SHIPVIA, PO, TERMS, PAYMENTMETHOD, ITEMSTOTAL, TAXRATE, FREIGHT, AMOUNTPAID) VALUES (1278, 1231, '1994-12-23 00:00:00', '1994-12-23 00:00:00', 71, NULL, NULL, NULL, NULL, NULL, NULL, NULL, NULL, 'DHL', NULL, 'FOB', 'Credit', 11568, 0, 0, 11568);
INSERT INTO ORDERS (ORDERNO, CUSTNO, SALEDATE, SHIPDATE, EMPNO, SHIPTOCONTACT, SHIPTOADDR1, SHIPTOADDR2, SHIPTOCITY, SHIPTOSTATE, SHIPTOZIP, SHIPTOCOUNTRY, SHIPTOPHONE, SHIPVIA, PO, TERMS, PAYMENTMETHOD, ITEMSTOTAL, TAXRATE, FREIGHT, AMOUNTPAID) VALUES (1280, 1356, '1994-12-26 00:00:00', '1994-12-26 00:00:00', 118, NULL, NULL, NULL, NULL, NULL, NULL, NULL, NULL, 'UPS', NULL, 'Net 30', 'Credit', 4318, 0, 0, 4317.75);
INSERT INTO ORDERS (ORDERNO, CUSTNO, SALEDATE, SHIPDATE, EMPNO, SHIPTOCONTACT, SHIPTOADDR1, SHIPTOADDR2, SHIPTOCITY, SHIPTOSTATE, SHIPTOZIP, SHIPTOCOUNTRY, SHIPTOPHONE, SHIPVIA, PO, TERMS, PAYMENTMETHOD, ITEMSTOTAL, TAXRATE, FREIGHT, AMOUNTPAID) VALUES (1283, 1563, '1994-12-30 00:00:00', '1994-12-30 00:00:00', 113, NULL, NULL, NULL, NULL, NULL, NULL, NULL, NULL, 'FedEx', NULL, 'Net 30', 'Cash', 7134, 0, 0, 7134);
INSERT INTO ORDERS (ORDERNO, CUSTNO, SALEDATE, SHIPDATE, EMPNO, SHIPTOCONTACT, SHIPTOADDR1, SHIPTOADDR2, SHIPTOCITY, SHIPTOSTATE, SHIPTOZIP, SHIPTOCOUNTRY, SHIPTOPHONE, SHIPVIA, PO, TERMS, PAYMENTMETHOD, ITEMSTOTAL, TAXRATE, FREIGHT, AMOUNTPAID) VALUES (1292, 1354, '1995-01-01 00:00:00', '1995-01-01 00:00:00', 136, NULL, NULL, NULL, NULL, NULL, NULL, NULL, NULL, 'FedEx', NULL, 'Net 30', 'Visa', 7987, 0, 0, 7986.9);
INSERT INTO ORDERS (ORDERNO, CUSTNO, SALEDATE, SHIPDATE, EMPNO, SHIPTOCONTACT, SHIPTOADDR1, SHIPTOADDR2, SHIPTOCITY, SHIPTOSTATE, SHIPTOZIP, SHIPTOCOUNTRY, SHIPTOPHONE, SHIPVIA, PO, TERMS, PAYMENTMETHOD, ITEMSTOTAL, TAXRATE, FREIGHT, AMOUNTPAID) VALUES (1294, 1984, '1995-01-04 00:00:00', '1995-01-04 00:00:00', 85, NULL, NULL, NULL, NULL, NULL, NULL, NULL, NULL, 'FedEx', NULL, 'FOB', 'MC', 3305, 0, 0, 3304.85);
INSERT INTO ORDERS (ORDERNO, CUSTNO, SALEDATE, SHIPDATE, EMPNO, SHIPTOCONTACT, SHIPTOADDR1, SHIPTOADDR2, SHIPTOCITY, SHIPTOSTATE, SHIPTOZIP, SHIPTOCOUNTRY, SHIPTOPHONE, SHIPVIA, PO, TERMS, PAYMENTMETHOD, ITEMSTOTAL, TAXRATE, FREIGHT, AMOUNTPAID) VALUES (1295, 2156, '1995-01-06 00:00:00', '1995-01-06 00:00:00', 45, NULL, NULL, NULL, NULL, NULL, NULL, NULL, NULL, 'US Mail', NULL, 'Net 30', 'MC', 17917, 0, 0, 17917);
INSERT INTO ORDERS (ORDERNO, CUSTNO, SALEDATE, SHIPDATE, EMPNO, SHIPTOCONTACT, SHIPTOADDR1, SHIPTOADDR2, SHIPTOCITY, SHIPTOSTATE, SHIPTOZIP, SHIPTOCOUNTRY, SHIPTOPHONE, SHIPVIA, PO, TERMS, PAYMENTMETHOD, ITEMSTOTAL, TAXRATE, FREIGHT, AMOUNTPAID) VALUES (1296, 5412, '1995-01-08 00:00:00', '1995-01-08 00:00:00', 34, NULL, NULL, NULL, NULL, NULL, NULL, NULL, NULL, 'DHL', NULL, 'Net 30', 'MC', 7423, 0, 0, 7423.35);
INSERT INTO ORDERS (ORDERNO, CUSTNO, SALEDATE, SHIPDATE, EMPNO, SHIPTOCONTACT, SHIPTOADDR1, SHIPTOADDR2, SHIPTOCITY, SHIPTOSTATE, SHIPTOZIP, SHIPTOCOUNTRY, SHIPTOPHONE, SHIPVIA, PO, TERMS, PAYMENTMETHOD, ITEMSTOTAL, TAXRATE, FREIGHT, AMOUNTPAID) VALUES (1298, 2315, '1995-01-09 00:00:00', '1995-01-09 00:00:00', 11, NULL, NULL, NULL, NULL, NULL, NULL, NULL, NULL, 'UPS', NULL, 'Net 30', 'Credit', 9897, 0, 0, 9897);
INSERT INTO ORDERS (ORDERNO, CUSTNO, SALEDATE, SHIPDATE, EMPNO, SHIPTOCONTACT, SHIPTOADDR1, SHIPTOADDR2, SHIPTOCITY, SHIPTOSTATE, SHIPTOZIP, SHIPTOCOUNTRY, SHIPTOPHONE, SHIPVIA, PO, TERMS, PAYMENTMETHOD, ITEMSTOTAL, TAXRATE, FREIGHT, AMOUNTPAID) VALUES (1300, 1384, '1995-01-10 00:00:00', '1995-01-10 00:00:00', 28, NULL, NULL, NULL, NULL, NULL, NULL, NULL, NULL, 'UPS', NULL, 'FOB', 'Credit', 52729, 0, 0, 52729.25);
INSERT INTO ORDERS (ORDERNO, CUSTNO, SALEDATE, SHIPDATE, EMPNO, SHIPTOCONTACT, SHIPTOADDR1, SHIPTOADDR2, SHIPTOCITY, SHIPTOSTATE, SHIPTOZIP, SHIPTOCOUNTRY, SHIPTOPHONE, SHIPVIA, PO, TERMS, PAYMENTMETHOD, ITEMSTOTAL, TAXRATE, FREIGHT, AMOUNTPAID) VALUES (1302, 1231, '1995-01-16 00:00:00', '1995-01-16 00:00:00', 52, NULL, NULL, NULL, NULL, NULL, NULL, NULL, NULL, 'UPS', NULL, 'FOB', 'Credit', 24485, 0, 0, 24485);
INSERT INTO ORDERS (ORDERNO, CUSTNO, SALEDATE, SHIPDATE, EMPNO, SHIPTOCONTACT, SHIPTOADDR1, SHIPTOADDR2, SHIPTOCITY, SHIPTOSTATE, SHIPTOZIP, SHIPTOCOUNTRY, SHIPTOPHONE, SHIPVIA, PO, TERMS, PAYMENTMETHOD, ITEMSTOTAL, TAXRATE, FREIGHT, AMOUNTPAID) VALUES (1305, 1356, '1995-01-20 00:00:00', '1995-01-20 00:00:00', 65, NULL, NULL, NULL, NULL, NULL, NULL, NULL, NULL, 'UPS', NULL, 'FOB', 'Visa', 3065, 0, 0, 3065);
INSERT INTO ORDERS (ORDERNO, CUSTNO, SALEDATE, SHIPDATE, EMPNO, SHIPTOCONTACT, SHIPTOADDR1, SHIPTOADDR2, SHIPTOCITY, SHIPTOSTATE, SHIPTOZIP, SHIPTOCOUNTRY, SHIPTOPHONE, SHIPVIA, PO, TERMS, PAYMENTMETHOD, ITEMSTOTAL, TAXRATE, FREIGHT, AMOUNTPAID) VALUES (1309, 3615, '1995-01-22 00:00:00', '1995-01-22 00:00:00', 94, NULL, NULL, NULL, NULL, NULL, NULL, NULL, NULL, 'US Mail', NULL, 'Net 30', 'COD', 465, 0, 0, 465);
INSERT INTO ORDERS (ORDERNO, CUSTNO, SALEDATE, SHIPDATE, EMPNO, SHIPTOCONTACT, SHIPTOADDR1, SHIPTOADDR2, SHIPTOCITY, SHIPTOSTATE, SHIPTOZIP, SHIPTOCOUNTRY, SHIPTOPHONE, SHIPVIA, PO, TERMS, PAYMENTMETHOD, ITEMSTOTAL, TAXRATE, FREIGHT, AMOUNTPAID) VALUES (1315, 1651, '1995-01-26 00:00:00', '1995-01-26 00:00:00', 121, NULL, NULL, NULL, NULL, NULL, NULL, NULL, NULL, 'Emery', NULL, 'FOB', 'MC', 5037, 0, 0, 5037.1);
INSERT INTO ORDERS (ORDERNO, CUSTNO, SALEDATE, SHIPDATE, EMPNO, SHIPTOCONTACT, SHIPTOADDR1, SHIPTOADDR2, SHIPTOCITY, SHIPTOSTATE, SHIPTOZIP, SHIPTOCOUNTRY, SHIPTOPHONE, SHIPVIA, PO, TERMS, PAYMENTMETHOD, ITEMSTOTAL, TAXRATE, FREIGHT, AMOUNTPAID) VALUES (1317, 1984, '1995-02-01 00:00:00', '1995-02-01 00:00:00', 138, NULL, NULL, NULL, NULL, NULL, NULL, NULL, NULL, 'DHL', NULL, 'FOB', 'Check', 7572, 0, 0, 7572);
INSERT INTO ORDERS (ORDERNO, CUSTNO, SALEDATE, SHIPDATE, EMPNO, SHIPTOCONTACT, SHIPTOADDR1, SHIPTOADDR2, SHIPTOCITY, SHIPTOSTATE, SHIPTOZIP, SHIPTOCOUNTRY, SHIPTOPHONE, SHIPVIA, PO, TERMS, PAYMENTMETHOD, ITEMSTOTAL, TAXRATE, FREIGHT, AMOUNTPAID) VALUES (1350, 3052, '1995-02-02 00:00:00', '1995-02-02 00:00:00', 71, NULL, NULL, NULL, NULL, NULL, NULL, NULL, NULL, 'UPS', NULL, 'FOB', 'AmEx', 8940, 0, 0, 8939.6);
INSERT INTO ORDERS (ORDERNO, CUSTNO, SALEDATE, SHIPDATE, EMPNO, SHIPTOCONTACT, SHIPTOADDR1, SHIPTOADDR2, SHIPTOCITY, SHIPTOSTATE, SHIPTOZIP, SHIPTOCOUNTRY, SHIPTOPHONE, SHIPVIA, PO, TERMS, PAYMENTMETHOD, ITEMSTOTAL, TAXRATE, FREIGHT, AMOUNTPAID) VALUES (1355, 3053, '1995-02-05 00:00:00', '1995-02-05 00:00:00', 141, NULL, NULL, NULL, NULL, NULL, NULL, NULL, NULL, 'UPS', NULL, 'Net 30', 'Credit', 13908, 0, 0, 13908);
INSERT INTO ORDERS (ORDERNO, CUSTNO, SALEDATE, SHIPDATE, EMPNO, SHIPTOCONTACT, SHIPTOADDR1, SHIPTOADDR2, SHIPTOCITY, SHIPTOSTATE, SHIPTOZIP, SHIPTOCOUNTRY, SHIPTOPHONE, SHIPVIA, PO, TERMS, PAYMENTMETHOD, ITEMSTOTAL, TAXRATE, FREIGHT, AMOUNTPAID) VALUES (-1, 1351, '2001-01-01 00:00:00', NULL, 5, '<Пусто>', NULL, NULL, NULL, NULL, NULL, NULL, NULL, NULL, NULL, NULL, NULL, NULL, NULL, NULL, NULL);

COMMIT WORK;

INSERT INTO ORGANIZATIONS (OID, ORG_NAME, ORD, MAINORG) VALUES (1, 'Наша организация', NULL, 1);

COMMIT WORK;

INSERT INTO PARTS (PARTNO, VENDORNO, DESCRIPTION, ONHAND, ONORDER, COST, LISTPRICE) VALUES (900, 3820, 'Dive kayak', 24, 16, 8563, 3999.95);
INSERT INTO PARTS (PARTNO, VENDORNO, DESCRIPTION, ONHAND, ONORDER, COST, LISTPRICE) VALUES (912, 3820, 'Underwater Diver Vehicle', 5, 3, 504, 1680);
INSERT INTO PARTS (PARTNO, VENDORNO, DESCRIPTION, ONHAND, ONORDER, COST, LISTPRICE) VALUES (1313, 3511, 'Regulator System', 165, 216, 117.5, 250);
INSERT INTO PARTS (PARTNO, VENDORNO, DESCRIPTION, ONHAND, ONORDER, COST, LISTPRICE) VALUES (1314, 5641, 'Second Stage Regulator', 98, 88, 124.1, 365);
INSERT INTO PARTS (PARTNO, VENDORNO, DESCRIPTION, ONHAND, ONORDER, COST, LISTPRICE) VALUES (1316, 3511, 'Regulator System', 75, 70, 119.35, 341);
INSERT INTO PARTS (PARTNO, VENDORNO, DESCRIPTION, ONHAND, ONORDER, COST, LISTPRICE) VALUES (1320, 3511, 'Second Stage Regulator', 37, 35, 73.53, 171);
INSERT INTO PARTS (PARTNO, VENDORNO, DESCRIPTION, ONHAND, ONORDER, COST, LISTPRICE) VALUES (1328, 3511, 'Regulator System', 166, 100, 154.8, 430);
INSERT INTO PARTS (PARTNO, VENDORNO, DESCRIPTION, ONHAND, ONORDER, COST, LISTPRICE) VALUES (1330, 3511, 'Alternate Inflation Regulator', 47, 43, 85.8, 260);
INSERT INTO PARTS (PARTNO, VENDORNO, DESCRIPTION, ONHAND, ONORDER, COST, LISTPRICE) VALUES (1364, 3511, 'Second Stage Regulator', 128, 135, 99.9, 270);
INSERT INTO PARTS (PARTNO, VENDORNO, DESCRIPTION, ONHAND, ONORDER, COST, LISTPRICE) VALUES (1390, 3511, 'First Stage Regulator', 146, 140, 64.6, 170);
INSERT INTO PARTS (PARTNO, VENDORNO, DESCRIPTION, ONHAND, ONORDER, COST, LISTPRICE) VALUES (1946, 6588, 'Second Stage Regulator', 13, 10, 95.79, 309);
INSERT INTO PARTS (PARTNO, VENDORNO, DESCRIPTION, ONHAND, ONORDER, COST, LISTPRICE) VALUES (1986, 6588, 'Depth/Pressure Gauge Console', 25, 24, 73.32, 188);
INSERT INTO PARTS (PARTNO, VENDORNO, DESCRIPTION, ONHAND, ONORDER, COST, LISTPRICE) VALUES (2314, 3511, 'Electronic Console', 13, 12, 120.9, 390);
INSERT INTO PARTS (PARTNO, VENDORNO, DESCRIPTION, ONHAND, ONORDER, COST, LISTPRICE) VALUES (2341, 3511, 'Depth/Pressure Gauge', 226, 225, 48.3, 105);
INSERT INTO PARTS (PARTNO, VENDORNO, DESCRIPTION, ONHAND, ONORDER, COST, LISTPRICE) VALUES (2343, 3511, 'Personal Dive Sonar', 46, 45, 72.85, 235);
INSERT INTO PARTS (PARTNO, VENDORNO, DESCRIPTION, ONHAND, ONORDER, COST, LISTPRICE) VALUES (2350, 3511, 'Compass Console Mount', 211, 300, 10.15, 29);
INSERT INTO PARTS (PARTNO, VENDORNO, DESCRIPTION, ONHAND, ONORDER, COST, LISTPRICE) VALUES (2367, 3511, 'Compass (meter only)', 168, 183, 24.96, 52);
INSERT INTO PARTS (PARTNO, VENDORNO, DESCRIPTION, ONHAND, ONORDER, COST, LISTPRICE) VALUES (2383, 3511, 'Depth/Pressure Gauge', 128, 120, 76.22, 206);
INSERT INTO PARTS (PARTNO, VENDORNO, DESCRIPTION, ONHAND, ONORDER, COST, LISTPRICE) VALUES (2390, 3511, 'Electronic Console w/ options', 24, 23, 189, 420);
INSERT INTO PARTS (PARTNO, VENDORNO, DESCRIPTION, ONHAND, ONORDER, COST, LISTPRICE) VALUES (2612, 2014, 'Direct Sighting Compass', 15, 12, 12.582, 34.95);
INSERT INTO PARTS (PARTNO, VENDORNO, DESCRIPTION, ONHAND, ONORDER, COST, LISTPRICE) VALUES (2613, 2014, 'Dive Computer', 5, 2, 76.97, 179);
INSERT INTO PARTS (PARTNO, VENDORNO, DESCRIPTION, ONHAND, ONORDER, COST, LISTPRICE) VALUES (2619, 2014, 'Navigation Compass', 8, 20, 9.177, 19.95);
INSERT INTO PARTS (PARTNO, VENDORNO, DESCRIPTION, ONHAND, ONORDER, COST, LISTPRICE) VALUES (2630, 2014, 'Wrist Band Thermometer (F)', 6, 3, 7.92, 18);
INSERT INTO PARTS (PARTNO, VENDORNO, DESCRIPTION, ONHAND, ONORDER, COST, LISTPRICE) VALUES (2632, 2014, 'Depth/Pressure Gauge (Digital)', 12, 10, 53.64, 149);
INSERT INTO PARTS (PARTNO, VENDORNO, DESCRIPTION, ONHAND, ONORDER, COST, LISTPRICE) VALUES (2648, 2014, 'Depth/Pressure Gauge (Analog)', 16, 15, 39.27, 119);
INSERT INTO PARTS (PARTNO, VENDORNO, DESCRIPTION, ONHAND, ONORDER, COST, LISTPRICE) VALUES (2657, 2014, 'Wrist Band Thermometer (C)', 12, 10, 6.48, 18);
INSERT INTO PARTS (PARTNO, VENDORNO, DESCRIPTION, ONHAND, ONORDER, COST, LISTPRICE) VALUES (2954, 6588, 'Dive Computer', 45, 43, 253.5, 650);
INSERT INTO PARTS (PARTNO, VENDORNO, DESCRIPTION, ONHAND, ONORDER, COST, LISTPRICE) VALUES (3316, 3511, 'Stabilizing Vest', 56, 67, 146.2, 430);
INSERT INTO PARTS (PARTNO, VENDORNO, DESCRIPTION, ONHAND, ONORDER, COST, LISTPRICE) VALUES (3326, 3511, 'Front Clip Stabilizing Vest', 45, 56, 128.8, 280);
INSERT INTO PARTS (PARTNO, VENDORNO, DESCRIPTION, ONHAND, ONORDER, COST, LISTPRICE) VALUES (3340, 3511, 'Trim Fit Stabilizing Vest', 63, 61, 138.25, 395);
INSERT INTO PARTS (PARTNO, VENDORNO, DESCRIPTION, ONHAND, ONORDER, COST, LISTPRICE) VALUES (3386, 3511, 'Welded Seam Stabilizing Vest', 62, 60, 109.2, 280);
INSERT INTO PARTS (PARTNO, VENDORNO, DESCRIPTION, ONHAND, ONORDER, COST, LISTPRICE) VALUES (5313, 3511, 'Safety Knife', 16, 30, 13.12, 41);
INSERT INTO PARTS (PARTNO, VENDORNO, DESCRIPTION, ONHAND, ONORDER, COST, LISTPRICE) VALUES (5318, 5641, 'Medium Titanium Knife', 4, 3, 26.7665, 56.95);
INSERT INTO PARTS (PARTNO, VENDORNO, DESCRIPTION, ONHAND, ONORDER, COST, LISTPRICE) VALUES (5324, 3511, 'Chisel Point Knife', 14, 35, 14.35, 41);
INSERT INTO PARTS (PARTNO, VENDORNO, DESCRIPTION, ONHAND, ONORDER, COST, LISTPRICE) VALUES (5349, 3511, 'Flashlight', 28, 27, 29.25, 65);
INSERT INTO PARTS (PARTNO, VENDORNO, DESCRIPTION, ONHAND, ONORDER, COST, LISTPRICE) VALUES (5356, 3511, 'Medium Stainless Steel Knife', 30, 23, 34.3, 70);
INSERT INTO PARTS (PARTNO, VENDORNO, DESCRIPTION, ONHAND, ONORDER, COST, LISTPRICE) VALUES (5378, 3511, 'Divers Knife and Sheath', 24, 23, 27.3, 70);
INSERT INTO PARTS (PARTNO, VENDORNO, DESCRIPTION, ONHAND, ONORDER, COST, LISTPRICE) VALUES (5386, 3511, 'Large Stainless Steel Knife', 16, 15, 37.6, 80);
INSERT INTO PARTS (PARTNO, VENDORNO, DESCRIPTION, ONHAND, ONORDER, COST, LISTPRICE) VALUES (7612, 7382, 'Krypton Flashlight', 46, 76, 20.677, 44.95);
INSERT INTO PARTS (PARTNO, VENDORNO, DESCRIPTION, ONHAND, ONORDER, COST, LISTPRICE) VALUES (7619, 7382, 'Flashlight (Rechargeable)', 16, 36, 50.985, 169.95);
INSERT INTO PARTS (PARTNO, VENDORNO, DESCRIPTION, ONHAND, ONORDER, COST, LISTPRICE) VALUES (7654, 7382, 'Halogen Flashlight', 19, 18, 19.184, 59.95);
INSERT INTO PARTS (PARTNO, VENDORNO, DESCRIPTION, ONHAND, ONORDER, COST, LISTPRICE) VALUES (9312, 3511, '60.6 cu ft Tank', 8, 4, 57.28, 179);
INSERT INTO PARTS (PARTNO, VENDORNO, DESCRIPTION, ONHAND, ONORDER, COST, LISTPRICE) VALUES (9316, 3511, '95.1 cu ft Tank', 16, 14, 130, 325);
INSERT INTO PARTS (PARTNO, VENDORNO, DESCRIPTION, ONHAND, ONORDER, COST, LISTPRICE) VALUES (9318, 3511, '71.4 cu ft Tank', 102, 100, 58.5, 195);
INSERT INTO PARTS (PARTNO, VENDORNO, DESCRIPTION, ONHAND, ONORDER, COST, LISTPRICE) VALUES (9354, 3511, '75.8 cu ft Tank', 38, 31, 96.35, 235);
INSERT INTO PARTS (PARTNO, VENDORNO, DESCRIPTION, ONHAND, ONORDER, COST, LISTPRICE) VALUES (11221, 2674, 'Remotely Operated Video System', 13, 12, 710.7, 2369);
INSERT INTO PARTS (PARTNO, VENDORNO, DESCRIPTION, ONHAND, ONORDER, COST, LISTPRICE) VALUES (11238, 7382, 'Marine Super VHS Video Package', 3, 1, 1124.1, 2498);
INSERT INTO PARTS (PARTNO, VENDORNO, DESCRIPTION, ONHAND, ONORDER, COST, LISTPRICE) VALUES (11518, 4652, 'Towable Video Camera (B&W)', 12, 21, 859.57, 1999);
INSERT INTO PARTS (PARTNO, VENDORNO, DESCRIPTION, ONHAND, ONORDER, COST, LISTPRICE) VALUES (11564, 4652, 'Towable Video Camera (Color)', 16, 39, 1484.55, 3299);
INSERT INTO PARTS (PARTNO, VENDORNO, DESCRIPTION, ONHAND, ONORDER, COST, LISTPRICE) VALUES (11635, 7382, 'Camera and Case', 14, 12, 52.778, 119.95);
INSERT INTO PARTS (PARTNO, VENDORNO, DESCRIPTION, ONHAND, ONORDER, COST, LISTPRICE) VALUES (11652, 7382, 'Video Light', 5, 1, 147.5795, 359.95);
INSERT INTO PARTS (PARTNO, VENDORNO, DESCRIPTION, ONHAND, ONORDER, COST, LISTPRICE) VALUES (12301, 2674, 'Boat Towable Metal Detector', 13, 12, 203.66, 599);
INSERT INTO PARTS (PARTNO, VENDORNO, DESCRIPTION, ONHAND, ONORDER, COST, LISTPRICE) VALUES (12303, 2674, 'Boat Towable Metal Detector', 14, 11, 316.05, 735);
INSERT INTO PARTS (PARTNO, VENDORNO, DESCRIPTION, ONHAND, ONORDER, COST, LISTPRICE) VALUES (12306, 2674, 'Underwater Altimeter', 38, 34, 143.5, 350);
INSERT INTO PARTS (PARTNO, VENDORNO, DESCRIPTION, ONHAND, ONORDER, COST, LISTPRICE) VALUES (12310, 2674, 'Sonar System', 3, 120, 215.11, 439);
INSERT INTO PARTS (PARTNO, VENDORNO, DESCRIPTION, ONHAND, ONORDER, COST, LISTPRICE) VALUES (12316, 2674, 'Marine Magnetometer', 56, 55, 545.58, 1299);
INSERT INTO PARTS (PARTNO, VENDORNO, DESCRIPTION, ONHAND, ONORDER, COST, LISTPRICE) VALUES (12317, 2674, 'Underwater Metal Detector', 29, 24, 440.51, 899);
INSERT INTO PARTS (PARTNO, VENDORNO, DESCRIPTION, ONHAND, ONORDER, COST, LISTPRICE) VALUES (12386, 2674, 'Underwater Metal Detector', 45, 41, 338.3, 995);
INSERT INTO PARTS (PARTNO, VENDORNO, DESCRIPTION, ONHAND, ONORDER, COST, LISTPRICE) VALUES (13545, 4682, 'Air Compressor', 5, 2, 986.85, 2295);

COMMIT WORK;

INSERT INTO ROLES (ROLE_ID, ROLE_NAME, ROLEPASS, LONG_ROLE_NAME) VALUES (1, 'Admin', '000', 'Administrator');
INSERT INTO ROLES (ROLE_ID, ROLE_NAME, ROLEPASS, LONG_ROLE_NAME) VALUES (2, 'Boss', '000', 'Big Boss');

COMMIT WORK;

INSERT INTO ROLESMENU (RM_ID, ROLEID, ROLEMENUID) VALUES (9060, 2, 8);
INSERT INTO ROLESMENU (RM_ID, ROLEID, ROLEMENUID) VALUES (9061, 2, 12);
INSERT INTO ROLESMENU (RM_ID, ROLEID, ROLEMENUID) VALUES (9062, 2, 13);
INSERT INTO ROLESMENU (RM_ID, ROLEID, ROLEMENUID) VALUES (9063, 2, 15);
INSERT INTO ROLESMENU (RM_ID, ROLEID, ROLEMENUID) VALUES (9064, 2, 33);
INSERT INTO ROLESMENU (RM_ID, ROLEID, ROLEMENUID) VALUES (9065, 2, 17);
INSERT INTO ROLESMENU (RM_ID, ROLEID, ROLEMENUID) VALUES (9066, 2, 19);
INSERT INTO ROLESMENU (RM_ID, ROLEID, ROLEMENUID) VALUES (9067, 2, 20);
INSERT INTO ROLESMENU (RM_ID, ROLEID, ROLEMENUID) VALUES (9068, 2, 21);
INSERT INTO ROLESMENU (RM_ID, ROLEID, ROLEMENUID) VALUES (9069, 2, 22);
INSERT INTO ROLESMENU (RM_ID, ROLEID, ROLEMENUID) VALUES (9070, 2, 23);
INSERT INTO ROLESMENU (RM_ID, ROLEID, ROLEMENUID) VALUES (9071, 2, 24);
INSERT INTO ROLESMENU (RM_ID, ROLEID, ROLEMENUID) VALUES (9072, 2, 25);
INSERT INTO ROLESMENU (RM_ID, ROLEID, ROLEMENUID) VALUES (9073, 2, 26);
INSERT INTO ROLESMENU (RM_ID, ROLEID, ROLEMENUID) VALUES (9074, 2, 27);
INSERT INTO ROLESMENU (RM_ID, ROLEID, ROLEMENUID) VALUES (9075, 2, 28);
INSERT INTO ROLESMENU (RM_ID, ROLEID, ROLEMENUID) VALUES (9076, 2, 30);
INSERT INTO ROLESMENU (RM_ID, ROLEID, ROLEMENUID) VALUES (9077, 2, 31);
INSERT INTO ROLESMENU (RM_ID, ROLEID, ROLEMENUID) VALUES (9078, 2, 34);
INSERT INTO ROLESMENU (RM_ID, ROLEID, ROLEMENUID) VALUES (9079, 2, 36);
INSERT INTO ROLESMENU (RM_ID, ROLEID, ROLEMENUID) VALUES (9080, 2, 41);
INSERT INTO ROLESMENU (RM_ID, ROLEID, ROLEMENUID) VALUES (9081, 2, 38);
INSERT INTO ROLESMENU (RM_ID, ROLEID, ROLEMENUID) VALUES (9082, 2, 47);
INSERT INTO ROLESMENU (RM_ID, ROLEID, ROLEMENUID) VALUES (9083, 2, 46);
INSERT INTO ROLESMENU (RM_ID, ROLEID, ROLEMENUID) VALUES (9084, 1, 8);
INSERT INTO ROLESMENU (RM_ID, ROLEID, ROLEMENUID) VALUES (9085, 1, 12);
INSERT INTO ROLESMENU (RM_ID, ROLEID, ROLEMENUID) VALUES (9086, 1, 13);
INSERT INTO ROLESMENU (RM_ID, ROLEID, ROLEMENUID) VALUES (9087, 1, 15);
INSERT INTO ROLESMENU (RM_ID, ROLEID, ROLEMENUID) VALUES (9088, 1, 33);
INSERT INTO ROLESMENU (RM_ID, ROLEID, ROLEMENUID) VALUES (9089, 1, 17);
INSERT INTO ROLESMENU (RM_ID, ROLEID, ROLEMENUID) VALUES (9090, 1, 48);
INSERT INTO ROLESMENU (RM_ID, ROLEID, ROLEMENUID) VALUES (9091, 1, 20);
INSERT INTO ROLESMENU (RM_ID, ROLEID, ROLEMENUID) VALUES (9092, 1, 21);
INSERT INTO ROLESMENU (RM_ID, ROLEID, ROLEMENUID) VALUES (9093, 1, 22);
INSERT INTO ROLESMENU (RM_ID, ROLEID, ROLEMENUID) VALUES (9094, 1, 23);
INSERT INTO ROLESMENU (RM_ID, ROLEID, ROLEMENUID) VALUES (9095, 1, 24);
INSERT INTO ROLESMENU (RM_ID, ROLEID, ROLEMENUID) VALUES (9096, 1, 25);
INSERT INTO ROLESMENU (RM_ID, ROLEID, ROLEMENUID) VALUES (9097, 1, 26);
INSERT INTO ROLESMENU (RM_ID, ROLEID, ROLEMENUID) VALUES (9098, 1, 27);
INSERT INTO ROLESMENU (RM_ID, ROLEID, ROLEMENUID) VALUES (9099, 1, 28);
INSERT INTO ROLESMENU (RM_ID, ROLEID, ROLEMENUID) VALUES (9100, 1, 30);
INSERT INTO ROLESMENU (RM_ID, ROLEID, ROLEMENUID) VALUES (9101, 1, 31);
INSERT INTO ROLESMENU (RM_ID, ROLEID, ROLEMENUID) VALUES (9102, 1, 34);
INSERT INTO ROLESMENU (RM_ID, ROLEID, ROLEMENUID) VALUES (9103, 1, 36);
INSERT INTO ROLESMENU (RM_ID, ROLEID, ROLEMENUID) VALUES (9104, 1, 41);
INSERT INTO ROLESMENU (RM_ID, ROLEID, ROLEMENUID) VALUES (9105, 1, 38);
INSERT INTO ROLESMENU (RM_ID, ROLEID, ROLEMENUID) VALUES (9106, 1, 43);
INSERT INTO ROLESMENU (RM_ID, ROLEID, ROLEMENUID) VALUES (9107, 1, 46);
INSERT INTO ROLESMENU (RM_ID, ROLEID, ROLEMENUID) VALUES (9108, 1, 50);
INSERT INTO ROLESMENU (RM_ID, ROLEID, ROLEMENUID) VALUES (9109, 1, 51);
INSERT INTO ROLESMENU (RM_ID, ROLEID, ROLEMENUID) VALUES (9110, 1, 52);

COMMIT WORK;

INSERT INTO VENDORS (VENDORNO, VENDORNAME, ADDRESS1, ADDRESS2, CITY, STATE, ZIP, COUNTRY, PHONE, FAX, PREFERRED) VALUES (2014, 'Cacor Corporation', '161 Southfield Rd', NULL, 'Southfield', 'OH', '60093', 'U.S.A.', '708-555-9555', '708-555-7547', 1);
INSERT INTO VENDORS (VENDORNO, VENDORNAME, ADDRESS1, ADDRESS2, CITY, STATE, ZIP, COUNTRY, PHONE, FAX, PREFERRED) VALUES (2641, 'Underwater', '50 N 3rd Street', NULL, 'Indianapolis', 'IN', '46208', 'U.S.A.', '317-555-4523', NULL, 1);
INSERT INTO VENDORS (VENDORNO, VENDORNAME, ADDRESS1, ADDRESS2, CITY, STATE, ZIP, COUNTRY, PHONE, FAX, PREFERRED) VALUES (2674, 'J.W.  Luscher Mfg.', '65 Addams Street', NULL, 'Berkely', 'MA', '02779', 'U.S.A.', '800-555-4744', '508-555-8949', 0);
INSERT INTO VENDORS (VENDORNO, VENDORNAME, ADDRESS1, ADDRESS2, CITY, STATE, ZIP, COUNTRY, PHONE, FAX, PREFERRED) VALUES (3511, 'Scuba Professionals', '3105 East Brace', NULL, 'Rancho Dominguez', 'CA', '90221', 'U.S.A.', '213-555-7850', NULL, 1);
INSERT INTO VENDORS (VENDORNO, VENDORNAME, ADDRESS1, ADDRESS2, CITY, STATE, ZIP, COUNTRY, PHONE, FAX, PREFERRED) VALUES (3819, 'Divers''  Supply Shop', '5208 University Dr', NULL, 'Macon', 'GA', '20865', 'U.S.A.', '912-555-6790', '912-555-8474', 0);
INSERT INTO VENDORS (VENDORNO, VENDORNAME, ADDRESS1, ADDRESS2, CITY, STATE, ZIP, COUNTRY, PHONE, FAX, PREFERRED) VALUES (3820, 'Techniques', '52 Dolphin Drive', NULL, 'Redwood City', 'CA', '94065-1086', 'U.S.A.', '415-555-1410', '415-555-1276', 0);
INSERT INTO VENDORS (VENDORNO, VENDORNAME, ADDRESS1, ADDRESS2, CITY, STATE, ZIP, COUNTRY, PHONE, FAX, PREFERRED) VALUES (4521, 'Perry Scuba', '3443 James Ave', NULL, 'Hapeville', 'GA', '30354', 'U.S.A.', '800-555-6220', '404-555-8280', 1);
INSERT INTO VENDORS (VENDORNO, VENDORNAME, ADDRESS1, ADDRESS2, CITY, STATE, ZIP, COUNTRY, PHONE, FAX, PREFERRED) VALUES (4642, 'Beauchat, Inc.', '45900 SW 2nd Ave', NULL, 'Ft Lauderdale', 'FL', '33315', 'U.S.A.', '305-555-7242', '305-555-6739', 1);
INSERT INTO VENDORS (VENDORNO, VENDORNAME, ADDRESS1, ADDRESS2, CITY, STATE, ZIP, COUNTRY, PHONE, FAX, PREFERRED) VALUES (4651, 'Amor Aqua', '42 West 29th Street', NULL, 'New York', 'NY', '10011', 'U.S.A.', '800-555-6880', '212-555-7286', 1);
INSERT INTO VENDORS (VENDORNO, VENDORNAME, ADDRESS1, ADDRESS2, CITY, STATE, ZIP, COUNTRY, PHONE, FAX, PREFERRED) VALUES (4652, 'Aqua Research Corp.', 'P.O. Box 998', NULL, 'Cornish', 'NH', '03745', 'U.S.A.', '603-555-2254', NULL, 1);
INSERT INTO VENDORS (VENDORNO, VENDORNAME, ADDRESS1, ADDRESS2, CITY, STATE, ZIP, COUNTRY, PHONE, FAX, PREFERRED) VALUES (4655, 'B&K Undersea Photo', '116 W 7th Street', NULL, 'New York', 'NY', '10011', 'U.S.A.', '800-555-5662', '212-555-7474', 0);
INSERT INTO VENDORS (VENDORNO, VENDORNAME, ADDRESS1, ADDRESS2, CITY, STATE, ZIP, COUNTRY, PHONE, FAX, PREFERRED) VALUES (4681, 'Diving International Unlimited', '1148 David Drive', NULL, 'San Diego', 'DA', '92102', 'U.S.A.', '800-555-8439', NULL, 1);
INSERT INTO VENDORS (VENDORNO, VENDORNAME, ADDRESS1, ADDRESS2, CITY, STATE, ZIP, COUNTRY, PHONE, FAX, PREFERRED) VALUES (4682, 'Nautical Compressors', '65 NW 167 Street', NULL, 'Miami', 'FL', '33015', 'U.S.A.', '305-555-5554', '305-555-0268', 1);
INSERT INTO VENDORS (VENDORNO, VENDORNAME, ADDRESS1, ADDRESS2, CITY, STATE, ZIP, COUNTRY, PHONE, FAX, PREFERRED) VALUES (5385, 'Glen Specialties, Inc.', '17663 Campbell Lane', NULL, 'Huntington Beach', 'CA', '92647', 'U.S.A.', '714-555-5100', '714-555-6539', 1);
INSERT INTO VENDORS (VENDORNO, VENDORNAME, ADDRESS1, ADDRESS2, CITY, STATE, ZIP, COUNTRY, PHONE, FAX, PREFERRED) VALUES (5641, 'Dive Time', '20 Miramar Ave', NULL, 'Long Beach', 'CA', '90815', 'U.S.A.', '213-555-3708', '213-555-1390', 1);
INSERT INTO VENDORS (VENDORNO, VENDORNAME, ADDRESS1, ADDRESS2, CITY, STATE, ZIP, COUNTRY, PHONE, FAX, PREFERRED) VALUES (6415, 'Undersea Systems, Inc.', '18112 Gotham Street', NULL, 'Huntington Beach', 'CA', '92648', 'U.S.A.', '800-555-3483', NULL, 1);
INSERT INTO VENDORS (VENDORNO, VENDORNAME, ADDRESS1, ADDRESS2, CITY, STATE, ZIP, COUNTRY, PHONE, FAX, PREFERRED) VALUES (6451, 'Felix Diving', '310 S Michigan Ave', NULL, 'Chicago', 'IL', '60607', 'U.S.A.', '800-555-3549', '312-555-1586', 0);
INSERT INTO VENDORS (VENDORNO, VENDORNAME, ADDRESS1, ADDRESS2, CITY, STATE, ZIP, COUNTRY, PHONE, FAX, PREFERRED) VALUES (6452, 'Central Valley Skin Divers', '160 Jameston Ave', NULL, 'Jamaica', 'NY', '11432', 'U.S.A.', '718-555-5772', NULL, 0);
INSERT INTO VENDORS (VENDORNO, VENDORNAME, ADDRESS1, ADDRESS2, CITY, STATE, ZIP, COUNTRY, PHONE, FAX, PREFERRED) VALUES (6481, 'Parkway Dive Shop', '241 Kelly Street', NULL, 'South Amboy', 'NJ', '08879', 'U.S.A.', '908-555-5300', NULL, 1);
INSERT INTO VENDORS (VENDORNO, VENDORNAME, ADDRESS1, ADDRESS2, CITY, STATE, ZIP, COUNTRY, PHONE, FAX, PREFERRED) VALUES (6482, 'Marine Camera & Dive', '117 South Valley Rd', NULL, 'San Diego', 'CA', '92121', 'U.S.A.', '619-555-0604', '619-555-6499', 1);
INSERT INTO VENDORS (VENDORNO, VENDORNAME, ADDRESS1, ADDRESS2, CITY, STATE, ZIP, COUNTRY, PHONE, FAX, PREFERRED) VALUES (6588, 'Dive Canada', '275 W Ninth Ave', NULL, 'Vancouver', 'British Columbia', 'V6K 1P9', 'Canada', '604-555-2681', '604-555-3749', 1);
INSERT INTO VENDORS (VENDORNO, VENDORNAME, ADDRESS1, ADDRESS2, CITY, STATE, ZIP, COUNTRY, PHONE, FAX, PREFERRED) VALUES (7382, 'Dive & Surf', 'P.O. Box 20210', NULL, 'Indianapolis', 'IN', '46208', 'U.S.A.', '317-555-4523', NULL, 0);
INSERT INTO VENDORS (VENDORNO, VENDORNAME, ADDRESS1, ADDRESS2, CITY, STATE, ZIP, COUNTRY, PHONE, FAX, PREFERRED) VALUES (7685, 'Fish Research Labs', '29 Wilkins Rd Dept. SD', NULL, 'Los Banos', 'CA', '93635', 'U.S.A.', '209-555-3292', '203-555-0416', 1);

COMMIT WORK;



/******************************************************************************/
/***                           Unique Constraints                           ***/
/******************************************************************************/

ALTER TABLE DCL_GLOBAL_PARAMS ADD CONSTRAINT UNQ1_DCL_GLOBAL_PARAMS UNIQUE (PARAM_USERID, PARAM_NAME);
ALTER TABLE ORGANIZATIONS ADD CONSTRAINT UNQ1_ORGANIZATIONS UNIQUE (OID);


/******************************************************************************/
/***                              Primary Keys                              ***/
/******************************************************************************/

ALTER TABLE CLIENTS ADD CONSTRAINT PK_CLIENTS PRIMARY KEY (CLIENTS_ID);
ALTER TABLE CUSTOMER ADD CONSTRAINT PK_CUSTOMER PRIMARY KEY (CUSTNO);
ALTER TABLE DCL_ACTIVE_USERS ADD CONSTRAINT PK_DCL_ACTIVE_USERS PRIMARY KEY (AU_ID);
ALTER TABLE DCL_INI_PROFILES ADD CONSTRAINT PK_INI_PROFILES PRIMARY KEY (INI_ID);
ALTER TABLE DCL_NOTIFYCATIONS ADD CONSTRAINT PK_DCL_NOTIFYCATIONS PRIMARY KEY (NOTIFY_ID);
ALTER TABLE DCL_ROLES ADD CONSTRAINT PK_DCL_ROLES PRIMARY KEY (ROLESID);
ALTER TABLE DCL_ROLESMENU ADD CONSTRAINT PK_DCL_ROLESMENU PRIMARY KEY (RM_ID);
ALTER TABLE DCL_SCRIPTS ADD CONSTRAINT PK_DCL_SCRIPTS PRIMARY KEY (NUMSEQ);
ALTER TABLE DCL_USERS ADD CONSTRAINT PK_DCL_USERS PRIMARY KEY (UID);
ALTER TABLE DCL_USER_LOGIN_HISTORY ADD CONSTRAINT PK_DCL_USER_LOGIN_HISTORY PRIMARY KEY (UL_ID);
ALTER TABLE EMPLOYEE ADD CONSTRAINT PK_EMPLOYEE PRIMARY KEY (EMPNO);
ALTER TABLE IMAGES ADD CONSTRAINT PK_IMAGES PRIMARY KEY (IMG_ID);
ALTER TABLE ORDERS ADD CONSTRAINT PK_ORDERS PRIMARY KEY (ORDERNO);
ALTER TABLE PARTS ADD CONSTRAINT PK_PARTS PRIMARY KEY (PARTNO);
ALTER TABLE ROLES ADD CONSTRAINT PK_ROLES PRIMARY KEY (ROLE_ID);
ALTER TABLE ROLESMENU ADD CONSTRAINT PK_ROLESMENU PRIMARY KEY (RM_ID);
ALTER TABLE VENDORS ADD CONSTRAINT PK_VENDORS PRIMARY KEY (VENDORNO);


/******************************************************************************/
/***                              Foreign Keys                              ***/
/******************************************************************************/

ALTER TABLE DCL_ACTIVE_USERS ADD CONSTRAINT FK_DCL_ACTIVE_USERS_1 FOREIGN KEY (ACTIVE_USER_ID) REFERENCES DCL_USERS (UID) ON DELETE CASCADE ON UPDATE CASCADE;
ALTER TABLE DCL_INI_PROFILES ADD CONSTRAINT FK_DCL_INI_PROFILES_1 FOREIGN KEY (INI_USER_ID) REFERENCES DCL_USERS (UID) ON DELETE CASCADE ON UPDATE CASCADE;
ALTER TABLE DCL_NOTIFYCATIONS ADD CONSTRAINT FK_DCL_NOTIFYCATIONS_1 FOREIGN KEY (USER_ID) REFERENCES DCL_USERS (UID);
ALTER TABLE DCL_ROLESMENU ADD CONSTRAINT FK_DCL_ROLESMENU_1 FOREIGN KEY (MENUITEMID) REFERENCES DCL_SCRIPTS (NUMSEQ) ON DELETE CASCADE ON UPDATE CASCADE;
ALTER TABLE DCL_ROLESMENU ADD CONSTRAINT FK_DCL_ROLESMENU_2 FOREIGN KEY (ROLEID) REFERENCES DCL_ROLES (ROLESID) ON DELETE CASCADE ON UPDATE CASCADE;
ALTER TABLE DCL_USERS ADD CONSTRAINT FK_DCL_USERS_1 FOREIGN KEY (DCL_ROLE) REFERENCES DCL_ROLES (ROLESID) ON DELETE CASCADE ON UPDATE CASCADE;
ALTER TABLE DCL_USER_LOGIN_HISTORY ADD CONSTRAINT FK_DCL_USER_LOGIN_HISTORY_1 FOREIGN KEY (UL_USER_ID) REFERENCES DCL_USERS (UID) ON DELETE CASCADE ON UPDATE CASCADE;


/******************************************************************************/
/***                                Indices                                 ***/
/******************************************************************************/

CREATE INDEX DCL_ROLESMENU_IDX1 ON DCL_ROLESMENU (ROLEID, MENUITEMID);


/******************************************************************************/
/***                                Triggers                                ***/
/******************************************************************************/


SET TERM ^ ;



/******************************************************************************/
/***                          Triggers for tables                           ***/
/******************************************************************************/



/* Trigger: CLIENTS_BI */
CREATE OR ALTER TRIGGER CLIENTS_BI FOR CLIENTS
ACTIVE BEFORE INSERT POSITION 0
AS
BEGIN
  IF (NEW.CLIENTS_ID IS NULL) THEN
    NEW.CLIENTS_ID = GEN_ID(GET_NEXT_NUM,1);
END
^

/* Trigger: CUST_ORDERS_BI */
CREATE OR ALTER TRIGGER CUST_ORDERS_BI FOR CUST_ORDERS
ACTIVE BEFORE INSERT POSITION 0
AS
BEGIN
  IF (NEW.ORDER_NO IS NULL) THEN
    NEW.ORDER_NO = GEN_ID(GET_NEXT_NUM,1);
END
^

/* Trigger: DCL_ACTIVE_USERS_BI */
CREATE OR ALTER TRIGGER DCL_ACTIVE_USERS_BI FOR DCL_ACTIVE_USERS
ACTIVE BEFORE INSERT POSITION 0
as
begin
  if (new.au_id is null) then
    new.au_id = gen_id(gen_dcl_active_users_id,1);
  if (inserting) then
    if (new.active_user_login_time is null) then
      new.active_user_login_time='now';
end
^

/* Trigger: DCL_GLOBAL_PARAMS_BI */
CREATE OR ALTER TRIGGER DCL_GLOBAL_PARAMS_BI FOR DCL_GLOBAL_PARAMS
ACTIVE BEFORE INSERT POSITION 0
as
begin
  if (new.param_id is null) then
    new.param_id = gen_id(main_generator_id,1);
end
^

/* Trigger: DCL_NOTIFYCATIONS_BI0 */
CREATE OR ALTER TRIGGER DCL_NOTIFYCATIONS_BI0 FOR DCL_NOTIFYCATIONS
ACTIVE BEFORE INSERT POSITION 0
as
begin
  if (new.NOTIFY_ID is null) then
    new.NOTIFY_ID = gen_id(MAIN_GENERATOR_ID, 1);
  if (inserting) then
    new.add_date = 'now';
end
^

/* Trigger: DCL_ROLESMENU_BI */
CREATE OR ALTER TRIGGER DCL_ROLESMENU_BI FOR DCL_ROLESMENU
ACTIVE BEFORE INSERT POSITION 0
as
begin
  if (new.rm_id is null) then
    new.rm_id = gen_id(main_generator_id,1);
end
^

/* Trigger: DCL_ROLES_BI */
CREATE OR ALTER TRIGGER DCL_ROLES_BI FOR DCL_ROLES
ACTIVE BEFORE INSERT POSITION 0
as
begin
  if (new.rolesid is null) then
    new.rolesid = gen_id(main_generator_id,1);
end
^

/* Trigger: DCL_SCRIPTS_BI */
CREATE OR ALTER TRIGGER DCL_SCRIPTS_BI FOR DCL_SCRIPTS
ACTIVE BEFORE INSERT POSITION 0
as
begin
  if (new.numseq is null) then new.numseq = gen_id(gen_demo_id,1);
end
^

/* Trigger: DCL_TEMPLATES_BI */
CREATE OR ALTER TRIGGER DCL_TEMPLATES_BI FOR DCL_TEMPLATES
ACTIVE BEFORE INSERT POSITION 0
as
begin
  if (new.id is null) then
    new.id = gen_id(get_next_num,1);
end
^

/* Trigger: DCL_USERS_BI */
CREATE OR ALTER TRIGGER DCL_USERS_BI FOR DCL_USERS
ACTIVE BEFORE INSERT POSITION 0
as
begin
  if (new.uid is null) then
    new.uid = gen_id(main_generator_id,1);
end
^

/* Trigger: DCL_USER_LOGIN_HISTORY_BI */
CREATE OR ALTER TRIGGER DCL_USER_LOGIN_HISTORY_BI FOR DCL_USER_LOGIN_HISTORY
ACTIVE BEFORE INSERT POSITION 0
as
begin
  if (new.UL_ID is null) then
    new.UL_ID = gen_id(GEN_DCL_USER_LOGIN_HISTORY_ID, 1);
end
^

/* Trigger: EMPLOYEE_BI */
CREATE OR ALTER TRIGGER EMPLOYEE_BI FOR EMPLOYEE
ACTIVE BEFORE INSERT POSITION 0
AS
BEGIN
  IF (NEW.EMPNO IS NULL) THEN
    NEW.EMPNO = GEN_ID(GET_NEXT_NUM,1);
END
^

/* Trigger: IMAGES_BI */
CREATE OR ALTER TRIGGER IMAGES_BI FOR IMAGES
ACTIVE BEFORE INSERT POSITION 0
as
begin
  if (new.img_id is null) then
    new.img_id = gen_id(get_next_num,1);
end
^

/* Trigger: INI_PROFILES_BI */
CREATE OR ALTER TRIGGER INI_PROFILES_BI FOR DCL_INI_PROFILES
ACTIVE BEFORE INSERT POSITION 0
as
begin
  if (new.ini_id is null) then
    new.ini_id = gen_id(gen_ini_profiles_id,1);
end
^

/* Trigger: ORDERS_BI */
CREATE OR ALTER TRIGGER ORDERS_BI FOR ORDERS
ACTIVE BEFORE INSERT POSITION 0
AS
BEGIN
  IF (NEW.ORDERNO IS NULL) THEN
    NEW.ORDERNO = GEN_ID(GET_NEXT_NUM,1);
END
^

/* Trigger: ORGANIZATIONS_BI */
CREATE OR ALTER TRIGGER ORGANIZATIONS_BI FOR ORGANIZATIONS
ACTIVE BEFORE INSERT POSITION 0
as
begin
  if (new.oid is null) then
    new.oid = gen_id(main_generator_id,1);
end
^

/* Trigger: PARTS_BI */
CREATE OR ALTER TRIGGER PARTS_BI FOR PARTS
ACTIVE BEFORE INSERT POSITION 0
AS
BEGIN
  IF (NEW.PARTNO IS NULL) THEN
    NEW.PARTNO = GEN_ID(GET_NEXT_NUM,1);
END
^

/* Trigger: ROLESMENU_BI */
CREATE OR ALTER TRIGGER ROLESMENU_BI FOR ROLESMENU
ACTIVE BEFORE INSERT POSITION 0
as
begin
  if (new.rm_id is null) then
    new.rm_id = gen_id(get_next_num,1);
end
^

/* Trigger: VENDORS_BI */
CREATE OR ALTER TRIGGER VENDORS_BI FOR VENDORS
ACTIVE BEFORE INSERT POSITION 0
AS
BEGIN
  IF (NEW.VENDORNO IS NULL) THEN
    NEW.VENDORNO = GEN_ID(GET_NEXT_NUM,1);
END
^

SET TERM ; ^



/******************************************************************************/
/***                           Stored Procedures                            ***/
/******************************************************************************/


SET TERM ^ ;

CREATE OR ALTER PROCEDURE ADD_MENU_ITEM_TO_ROLE (
    ROLEID INTEGER,
    MENUITEMID INTEGER)
RETURNS (
    ISAPPEND INTEGER)
AS
declare variable TMP1 integer;
begin
  select count(R.ROLEID)
  from DCL_ROLESMENU R
  where R.ROLEID = :ROLEID and
        R.MENUITEMID = :MENUITEMID
  into TMP1;
  if (:TMP1 = 0) then
  begin
    insert into DCL_ROLESMENU (ROLEID, MENUITEMID)
    values (:ROLEID, :MENUITEMID);
    ISAPPEND = 1;
    suspend;
  end
  else
  begin
    ISAPPEND = 0;
    suspend;
  end
end^


CREATE OR ALTER PROCEDURE COPY_ROLE (
    ROLEIDFROM INTEGER,
    ROLEIDTO INTEGER)
AS
begin
  insert into DCL_ROLESMENU(ROLEID, MENUITEMID)
  select :ROLEIDTO, MENUITEMID
  from DCL_ROLESMENU R
  where R.ROLEID = :ROLEIDFROM;
end^


CREATE OR ALTER PROCEDURE DEL_ROLE_AND_MENU (
    ROLEID INTEGER)
AS
begin
  delete from DCL_rolesmenu r where r.roleid=:roleid and r.roleid not in (select u1.dcl_role from dcl_users u1);
  Delete from DCL_roles r where r.rolesid=:roleid and r.rolesid not in (select u1.dcl_role from dcl_users u1);
end^


CREATE OR ALTER PROCEDURE DEL_ROLE_MENU (
    ROLEID INTEGER)
AS
begin
    delete from DCL_rolesmenu r where r.roleid=:roleid and r.roleid not in (select u1.dcl_role from dcl_users u1);
end^


CREATE OR ALTER PROCEDURE FIRST_DAY_OF_MONTH (
    ADATE DATE)
RETURNS (
    RESULT DATE)
AS
begin
if (:adate is null) then adate='now';
Result=ADate-EXTRACT(DAY FROM ADate) + 1;
  suspend;
end^


CREATE OR ALTER PROCEDURE IS_NUMBER (
    A_VALUE VARCHAR(32) CHARACTER SET WIN1251)
RETURNS (
    RESULT INTEGER)
AS
declare variable I integer;
declare variable J integer;
begin
  result = 0;
  a_value = trim(a_value);
  IF (a_value IS NULL OR char_length(a_value) = 0) then begin
    suspend;
    exit;
  end
  i = 1;
  j = CHAR_LENGTH(a_value);
  while (i <= j) do begin
    IF (substring(a_value FROM i FOR 1) BETWEEN '0' AND '9'
     OR (i =1 AND substring(a_value FROM 1 FOR 1) IN ('-', '+')
       AND CHAR_LENGTH(a_value) > 1 )) then
      result = 1;
    else begin
      result = 0;
      Break;
    end
    i = i + 1;
  end
  suspend;
end^


CREATE OR ALTER PROCEDURE ROLESMENU_IS_CORRECT
RETURNS (
    NUMSEQ INTEGER,
    DCLNAME CHAR(50) CHARACTER SET WIN1251,
    IDENT INTEGER,
    ROLE_ID INTEGER,
    ROLE_NAME VARCHAR(50) CHARACTER SET WIN1251)
AS
declare variable HEAD_EXISTS integer;
declare variable PARENT integer;
begin
for select r.rolesid, r.longrolename from DCL_roles r order by r.longrolename into :role_id, :role_name do
for select d.numseq, d.ident, d.parent from DCL_RolesMenu rm, DCL_Roles r, DCL_SCRIPTS d where r.rolesid=rm.roleid and rm.MENUITEMID=d.numseq and r.rolesid=:role_id into :numseq, :ident, :parent do
begin
    select count(*) from DCL_RolesMenu rm, DCL_Roles r, DCL_SCRIPTS d where r.rolesid=rm.roleid and rm.MENUITEMID=d.numseq and d.ident=:parent and r.rolesid=:role_id into :head_exists;
    if (:head_exists=0) then
    begin
        for select s.numseq, s.dclname, s.ident from DCL_scripts s where s.ident=:parent into :numseq, :dclname, :ident do suspend;
    end
end
end^



SET TERM ; ^


/******************************************************************************/
/***                              Descriptions                              ***/
/******************************************************************************/

DESCRIBE TABLE DCL_GLOBAL_PARAMS
'Параметры запуска системы';

DESCRIBE TABLE DCL_ROLESMENU
'Меню ролей';

DESCRIBE TABLE ORGANIZATIONS
'Организации';



/******************************************************************************/
/***                              Descriptions                              ***/
/******************************************************************************/

DESCRIBE PROCEDURE ADD_MENU_ITEM_TO_ROLE
'Добавление пункта меню к роли';

DESCRIBE PROCEDURE COPY_ROLE
'Копирование роли';

DESCRIBE PROCEDURE FIRST_DAY_OF_MONTH
'Первый день месяца';

DESCRIBE PROCEDURE IS_NUMBER
'Проверка является ли строка числом';

DESCRIBE PROCEDURE ROLESMENU_IS_CORRECT
'Проверка корректности меню ролей';



/******************************************************************************/
/***                              Descriptions                              ***/
/******************************************************************************/

DESCRIBE GENERATOR MAIN_GENERATOR_ID
'Один счётчик на всех';



/******************************************************************************/
/***                          Fields descriptions                           ***/
/******************************************************************************/

DESCRIBE FIELD ROLEID TABLE DCL_ROLESMENU
'ID роли';

DESCRIBE FIELD MENUITEMID TABLE DCL_ROLESMENU
'ID элемента меню к роли';

