SET NAMES UTF8;
/******************************************************************************/
/***      Following SET SQL DIALECT is just for the Database Comparer       ***/
/******************************************************************************/
SET SQL DIALECT 3;

/******************************************************************************/
/***                                Domains                                 ***/
/******************************************************************************/

CREATE DOMAIN CURRENCY AS
NUMERIC(18,2);

CREATE DOMAIN D_NAMES AS
VARCHAR(50);

CREATE DOMAIN LONG_NAME AS
VARCHAR(150);

/******************************************************************************/
/***                               Generators                               ***/
/******************************************************************************/

CREATE GENERATOR GEN_DCL_ACTIVE_USERS_ID;
CREATE GENERATOR GEN_DCL_USER_LOGIN_HISTORY_ID;
CREATE GENERATOR GEN_INI_PROFILES_ID;
CREATE GENERATOR GEN_SEQNUM_REF_ID;
CREATE GENERATOR MAIN_GENERATOR_ID;
CREATE GENERATOR SCRYPTS_NUM;

/******************************************************************************/
/***                               Exceptions                               ***/
/******************************************************************************/

SET NAMES NONE;
RECONNECT;

CREATE EXCEPTION ALRADY_EXISTS 'Такая запись уже существует';

SET NAMES UTF8;
RECONNECT;

SET NAMES NONE;
RECONNECT;

CREATE EXCEPTION DEPENDS_ELEMENTS 'Невозможно удалить, есть подчинённые элементы.';

SET NAMES UTF8;
RECONNECT;

SET NAMES NONE;
RECONNECT;

CREATE EXCEPTION FULL_PROOF 'Здесь сработала защита от дурака, следовательно я дурак';

SET NAMES UTF8;
RECONNECT;

/******************************************************************************/
/***                           Stored procedures                            ***/
/******************************************************************************/

SET TERM ^ ;

CREATE OR ALTER PROCEDURE ADD_EMPL (
    FULL_NAME VARCHAR(45),
    CLASS SMALLINT,
    DEP_CODE INTEGER,
    TARIF_SUM NUMERIC(9,2),
    TYPE_CODE SMALLINT)
AS
BEGIN
  EXIT;
END^


CREATE OR ALTER PROCEDURE ADD_MENU_ITEM_TO_ROLE (
    ROLEID INTEGER,
    MENUITEMID INTEGER)
RETURNS (
    ISAPPEND INTEGER)
AS
BEGIN
  SUSPEND;
END^


CREATE OR ALTER PROCEDURE ADD_WORK (
    WORK_DATE DATE,
    DRIVER_ID INTEGER,
    MASHINE_ID INTEGER,
    TARIF_ID INTEGER,
    TARIF_RATE NUMERIC(9,2),
    OBJECT_ID INTEGER,
    STENDBY_TIME NUMERIC(9,2),
    EMPL_ID INTEGER)
AS
BEGIN
  EXIT;
END^


CREATE OR ALTER PROCEDURE CALC_ITOG (
    CBEGWORKDATE DATE,
    CENDWORKDATE DATE,
    ORGCODE INTEGER,
    EM_TYPE INTEGER,
    FILTERVALUE VARCHAR(150))
RETURNS (
    TOTAL NUMERIC(9,2))
AS
BEGIN
  SUSPEND;
END^


CREATE OR ALTER PROCEDURE COPY_ROLE (
    ROLEIDFROM INTEGER,
    ROLEIDTO INTEGER)
AS
BEGIN
  EXIT;
END^


CREATE OR ALTER PROCEDURE DAY_NUMB (
    ADATE DATE)
RETURNS (
    RESULT INTEGER)
AS
BEGIN
  SUSPEND;
END^


CREATE OR ALTER PROCEDURE DAY_OF_WEEK (
    ADATE DATE)
RETURNS (
    RESULT INTEGER)
AS
BEGIN
  SUSPEND;
END^


CREATE OR ALTER PROCEDURE DAYS_OF_YEAR (
    ADATE DATE)
RETURNS (
    RESULT INTEGER)
AS
BEGIN
  SUSPEND;
END^


CREATE OR ALTER PROCEDURE DECODE (
    IVALUE VARCHAR(20),
    CONDITION VARCHAR(20),
    CONDITION2 VARCHAR(20),
    RETURNV VARCHAR(20),
    ELSE_RETURN VARCHAR(20),
    DEFAULTV VARCHAR(20))
RETURNS (
    RESULT VARCHAR(20))
AS
BEGIN
  SUSPEND;
END^


CREATE OR ALTER PROCEDURE DEL_EMPL (
    EMPL_ID INTEGER)
AS
BEGIN
  EXIT;
END^


CREATE OR ALTER PROCEDURE DEL_EMPL_CASCADE (
    EMPL_ID INTEGER)
AS
BEGIN
  EXIT;
END^


CREATE OR ALTER PROCEDURE DEL_MASHINE (
    MASHINE_ID INTEGER)
AS
BEGIN
  EXIT;
END^


CREATE OR ALTER PROCEDURE DEL_ROLE_AND_MENU (
    ROLEID INTEGER)
AS
BEGIN
  EXIT;
END^


CREATE OR ALTER PROCEDURE DEL_ROLE_MENU (
    ROLEID INTEGER)
AS
BEGIN
  EXIT;
END^


CREATE OR ALTER PROCEDURE DEL_WORK (
    WORK_ID INTEGER)
AS
BEGIN
  EXIT;
END^


CREATE OR ALTER PROCEDURE DISTANCE_OF_DATES (
    ADATE_BEG DATE,
    ADATE_END DATE)
RETURNS (
    RESULT INTEGER)
AS
BEGIN
  SUSPEND;
END^


CREATE OR ALTER PROCEDURE EXTRACT_MONTH (
    ADATE DATE)
RETURNS (
    MONTH_NUM INTEGER)
AS
BEGIN
  SUSPEND;
END^


CREATE OR ALTER PROCEDURE EXTRACT_YEAR (
    ADATE DATE)
RETURNS (
    YEAR_NUM INTEGER)
AS
BEGIN
  SUSPEND;
END^


CREATE OR ALTER PROCEDURE FIRST_DAY_OF_MONTH (
    ADATE DATE)
RETURNS (
    RESULT DATE)
AS
BEGIN
  SUSPEND;
END^


CREATE OR ALTER PROCEDURE FIRST_DAY_OF_NEXT_MONTH (
    ADATE DATE)
RETURNS (
    RESULT DATE)
AS
BEGIN
  SUSPEND;
END^


CREATE OR ALTER PROCEDURE LAST_DAY_OF_MONTH (
    ADATE DATE)
RETURNS (
    RESULT DATE)
AS
BEGIN
  SUSPEND;
END^


CREATE OR ALTER PROCEDURE MONTH_LENGTH (
    ADATE DATE)
RETURNS (
    RESULT INTEGER)
AS
BEGIN
  SUSPEND;
END^


CREATE OR ALTER PROCEDURE MONTH_NUM (
    ADATE DATE)
RETURNS (
    MONTH_NUM INTEGER)
AS
BEGIN
  SUSPEND;
END^


CREATE OR ALTER PROCEDURE REPLASE_EMPLOYER_ORG (
    EMP_ID INTEGER,
    NEW_ORG_CODE INTEGER)
AS
BEGIN
  EXIT;
END^


CREATE OR ALTER PROCEDURE REPLASE_EMPLOYER_TYPE (
    EMP_ID INTEGER,
    NEW_TYPE_CODE INTEGER)
AS
BEGIN
  EXIT;
END^


CREATE OR ALTER PROCEDURE REPORT_WITH_PARAMS (
    ORG INTEGER,
    EMPLID INTEGER,
    EM_TYPE INTEGER,
    BEG_DATE DATE,
    END_DATE DATE)
RETURNS (
    WORK_DATE DATE,
    DRIVER_ID INTEGER,
    MASHINE_ID INTEGER,
    TARIF_ID INTEGER,
    ADD_NAME VARCHAR(45),
    TARIF_RATE NUMERIC(9,2),
    MAIN_REC INTEGER,
    MAIN_NUM INTEGER,
    EMP_ID INTEGER,
    FULL_NAME VARCHAR(150),
    CLASS SMALLINT,
    CLASS_RATE SMALLINT,
    CLASS_SUM NUMERIC(9,2),
    SALARY NUMERIC(9,2),
    M_NAME VARCHAR(150),
    GOS_NOM VARCHAR(15),
    HOUR_TARIF_RATE NUMERIC(9,2),
    OBJ_ID INTEGER,
    O_NAME VARCHAR(150),
    TARIF_SUM NUMERIC(9,2),
    AD_RATE NUMERIC(9,2),
    CALC_TYPE VARCHAR(150),
    STENDBY_TIME NUMERIC(9,2),
    ORDER_F INTEGER,
    EMPL_TYPE INTEGER,
    EMPL_T_NAME VARCHAR(45),
    REC_TYPE SMALLINT,
    ADD2ALL_HOURS SMALLINT,
    ADD2ALL SMALLINT,
    DEPEND_ADD INTEGER,
    DEP_CODE INTEGER)
AS
BEGIN
  SUSPEND;
END^


CREATE OR ALTER PROCEDURE ROLESMENU_IS_CORRECT
RETURNS (
    NUMSEQ INTEGER,
    DCLNAME CHAR(50),
    IDENT INTEGER,
    ROLE_ID INTEGER,
    ROLE_NAME VARCHAR(50))
AS
BEGIN
  SUSPEND;
END^


CREATE OR ALTER PROCEDURE TARIFS_SEL (
    ACTUALY_DATE DATE)
RETURNS (
    TARIF_ID INTEGER,
    TARIF_NAME VARCHAR(50),
    TREF_SUM NUMERIC(9,2),
    TARIFGROUP SMALLINT,
    TARIF_BEG DATE,
    TARIF_END DATE,
    GRUP SMALLINT,
    M_NAME VARCHAR(50),
    GOS_NOM VARCHAR(50),
    DRIVER_ID INTEGER,
    DELFLGM SMALLINT,
    HTARIF INTEGER,
    CAR_ID INTEGER)
AS
BEGIN
  SUSPEND;
END^


CREATE OR ALTER PROCEDURE UNCORRECTLY_TARIFS
RETURNS (
    TARIF_ID INTEGER,
    TARIF_NAME VARCHAR(50),
    TARIF_SUM NUMERIC(9,2),
    TARIFGROUP INTEGER,
    TARIF_BEG DATE,
    TARIF_END DATE,
    GRUP INTEGER,
    KONFLICT VARCHAR(50),
    TARIF_BEG_DATE DATE,
    TARIF_END_DATE DATE)
AS
BEGIN
  SUSPEND;
END^


CREATE OR ALTER PROCEDURE WEEK_NUMBER (
    ADATE DATE)
RETURNS (
    RESULT INTEGER)
AS
BEGIN
  SUSPEND;
END^


CREATE OR ALTER PROCEDURE WORKLIST_CONSOLIDATE (
    BEG_DATE DATE,
    END_DATE DATE)
RETURNS (
    WL_ID INTEGER,
    WORK_DATE DATE,
    DRIVER_ID INTEGER,
    MASHINE_ID INTEGER,
    TARIF_ID INTEGER,
    ADD_NAME VARCHAR(45),
    TARIF_RATE NUMERIC(9,2),
    MAIN_REC INTEGER,
    MAIN_NUM INTEGER,
    EMP_ID INTEGER,
    FULL_NAME VARCHAR(150),
    CLASS SMALLINT,
    CLASS_RATE SMALLINT,
    CLASS_SUM NUMERIC(9,2),
    SALARY NUMERIC(9,2),
    M_NAME VARCHAR(150),
    GOS_NOM VARCHAR(15),
    HOUR_TARIF_RATE NUMERIC(9,2),
    OBJ_ID INTEGER,
    O_NAME VARCHAR(150),
    TARIF_SUM NUMERIC(9,2),
    AD_RATE NUMERIC(9,2),
    CALC_TYPE VARCHAR(150),
    STENDBY_TIME NUMERIC(9,2),
    ORDER_F INTEGER,
    EMPL_TYPE INTEGER,
    EMPL_T_NAME VARCHAR(45),
    REC_TYPE SMALLINT,
    ADD2ALL_HOURS SMALLINT,
    ADD2ALL SMALLINT,
    DEPEND_ADD INTEGER,
    DEP_CODE INTEGER)
AS
BEGIN
  SUSPEND;
END^


SET TERM ; ^

/******************************************************************************/
/***                                 Tables                                 ***/
/******************************************************************************/


CREATE TABLE ACTIVE_USERS (
    UID          INTEGER,
    USER_NAME    D_NAMES,
    ATIME        TIMESTAMP,
    ACTION_TYPE  VARCHAR(25)
);

CREATE TABLE ADDONS_REF (
    AD_ID     INTEGER NOT NULL,
    ADD_NAME  VARCHAR(40),
    ADD_SUM   CURRENCY,
    RATE      CURRENCY,
    ADD2ALL   SMALLINT,
    ADD2FRV   SMALLINT,
    MASTER    SMALLINT,
    SLAVE     SMALLINT
);

CREATE TABLE DCL_ACTIVE_USERS (
    AU_ID                   INTEGER NOT NULL,
    ACTIVE_USER_ID          INTEGER,
    ACTIVE_USER_HOST        VARCHAR(50),
    ACTIVE_USER_IP          VARCHAR(15),
    ACTIVE_USER_DCL_VER     VARCHAR(12),
    ACTIVE_USER_LOGIN_TIME  TIMESTAMP
);

CREATE TABLE DCL_GLOBAL_PARAMS (
    PARAM_ID      INTEGER NOT NULL,
    PARAM_NAME    VARCHAR(50) NOT NULL,
    PARAM_VALUE   VARCHAR(255),
    PARAM_ROLEID  INTEGER
);

CREATE TABLE DCL_INI_PROFILES (
    INI_ID           INTEGER NOT NULL,
    INI_USER_ID      INTEGER,
    INI_DIALOG_NAME  VARCHAR(50),
    INI_PARAM_VALUE  VARCHAR(1100)
);

CREATE TABLE DCL_NOTIFYCATIONS (
    NOTIFY_ID      INTEGER NOT NULL,
    NOTIFY_TIME    TIMESTAMP,
    NOTIFY_ACTION  INTEGER,
    NOTIFY_STATE   INTEGER DEFAULT 0,
    USER_ID        INTEGER,
    NOTIFY_TEXT    VARCHAR(255),
    ADD_DATE       TIMESTAMP
);

CREATE TABLE DCL_ROLES (
    ROLESID       INTEGER NOT NULL,
    ROLENAME      VARCHAR(20),
    LONGROLENAME  VARCHAR(30),
    SHOWINLIST    SMALLINT,
    ROLEADMIN     SMALLINT
);

CREATE TABLE DCL_ROLESMENU (
    ROLEID      INTEGER NOT NULL,
    MENUITEMID  INTEGER,
    RM_ID       INTEGER NOT NULL
);

CREATE TABLE DCL_SCRIPTS (
    NUMSEQ   INTEGER NOT NULL,
    DCLNAME  VARCHAR(50),
    DCLTEXT  BLOB SUB_TYPE 1 SEGMENT SIZE 80,
    COMMAND  VARCHAR(80),
    IDENT    INTEGER,
    PARENT   INTEGER,
    UPDATES  TIMESTAMP,
    ACTINON  CHAR(1)
);

CREATE TABLE DCL_USER_LOGIN_HISTORY (
    UL_ID           INTEGER NOT NULL,
    UL_USER_ID      INTEGER,
    UL_LOGIN_TIME   TIMESTAMP,
    UL_LOGOFF_TIME  TIMESTAMP,
    UL_HOST_NAME    VARCHAR(50),
    UL_HOST_IP      VARCHAR(15),
    UL_DCL_VER      VARCHAR(12)
);

CREATE TABLE DCL_USERS (
    UID                 INTEGER NOT NULL,
    DCL_USER_NAME       VARCHAR(20),
    DCL_LONG_USER_NAME  VARCHAR(30),
    DCL_USER_PASS       VARCHAR(25),
    DCL_ROLE            INTEGER,
    SHOWINLIST          SMALLINT,
    ACCESSLEVEL         SMALLINT
);

CREATE TABLE DEPS (
    DEP_ID    INTEGER NOT NULL,
    DEP_NAME  D_NAMES
);

CREATE TABLE DUAL (
    X  D_NAMES
);

CREATE TABLE EMPL (
    EMP_ID     INTEGER NOT NULL,
    FULL_NAME  D_NAMES,
    SUBDCODE   INTEGER,
    DELFLG     SMALLINT,
    CLASS      SMALLINT,
    SALARY     CURRENCY,
    EMPLTYPE   INTEGER
);

CREATE TABLE EMPL_TYPES (
    TYPE_ID        INTEGER NOT NULL,
    TYPE_NAME      D_NAMES,
    DEF            SMALLINT,
    ADD2ALL_HOURS  SMALLINT,
    NO_CLASS       SMALLINT
);

CREATE TABLE GLOBAL_PARAMS (
    PARAM_ID      INTEGER,
    PARAMCAPTION  VARCHAR(30),
    PARAMNAME     VARCHAR(15),
    PARAMVALUE    VARCHAR(54)
);

CREATE TABLE MASHINS (
    CAR_ID     INTEGER NOT NULL,
    M_NAME     D_NAMES,
    GOS_NOM    D_NAMES,
    DRIVER_ID  INTEGER,
    DELFLGM    SMALLINT,
    HTARIF     INTEGER
);

CREATE TABLE OBJECTS (
    OBJ_ID  INTEGER NOT NULL,
    O_NAME  D_NAMES
);

CREATE TABLE TARIFS (
    TARIF_ID    INTEGER NOT NULL,
    TARIF_NAME  D_NAMES,
    TREF_SUM    CURRENCY,
    TARIFGROUP  SMALLINT,
    TARIF_BEG   DATE,
    TARIF_END   DATE,
    GRUP        SMALLINT
);

CREATE TABLE WORKS_LIST (
    WL_ID         INTEGER NOT NULL,
    WORK_DATE     DATE,
    MASHINE_ID    INTEGER NOT NULL,
    DRIVER_ID     INTEGER NOT NULL,
    TARIF_ID      INTEGER NOT NULL,
    OBJECT_ID     INTEGER NOT NULL,
    MAIN_REC      SMALLINT,
    MAIN_NUM      SMALLINT,
    TARIF_RATE    CURRENCY,
    STENDBY_TIME  CURRENCY,
    EMPL_ID       INTEGER
);

/******************************************************************************/
/***                                 Views                                  ***/
/******************************************************************************/


/* View: ROLESTOMENU */
CREATE VIEW ROLESTOMENU(
    ROLEID,
    ROLENAME,
    LONGROLENAME,
    DCL_USER_NAME,
    DCL_LONG_USER_NAME,
    MENUITEMID,
    DCLNAME)
AS
select r.rolesid roleid, r.rolename, r.longrolename, u.dcl_user_name, u.dcl_long_user_name, rm.MENUITEMID, d.dclname from DCL_RolesMenu rm, DCL_Roles r, dcl_users u, DCL_SCRIPTS d
where r.rolesid=rm.roleid and rm.MENUITEMID=d.numseq and u.dcl_role=r.rolesid;


INSERT INTO ADDONS_REF (AD_ID, ADD_NAME, ADD_SUM, RATE, ADD2ALL, ADD2FRV, MASTER, SLAVE) VALUES (-1, '<Пусто>', 0, 0, 0, NULL, NULL, NULL);
INSERT INTO ADDONS_REF (AD_ID, ADD_NAME, ADD_SUM, RATE, ADD2ALL, ADD2FRV, MASTER, SLAVE) VALUES (75, 'Ненормированный рабочий день', 0, 0, 0, 0, NULL, NULL);
INSERT INTO ADDONS_REF (AD_ID, ADD_NAME, ADD_SUM, RATE, ADD2ALL, ADD2FRV, MASTER, SLAVE) VALUES (76, 'Мобильность', 0, 0, 0, 0, NULL, NULL);
INSERT INTO ADDONS_REF (AD_ID, ADD_NAME, ADD_SUM, RATE, ADD2ALL, ADD2FRV, MASTER, SLAVE) VALUES (77, 'Перевозка АБС, АБЗ', 0, 0, 0, NULL, NULL, NULL);
INSERT INTO ADDONS_REF (AD_ID, ADD_NAME, ADD_SUM, RATE, ADD2ALL, ADD2FRV, MASTER, SLAVE) VALUES (72, 'За экспедирование', 0, 0, 0, NULL, NULL, NULL);
INSERT INTO ADDONS_REF (AD_ID, ADD_NAME, ADD_SUM, RATE, ADD2ALL, ADD2FRV, MASTER, SLAVE) VALUES (74, 'Слесарь по ремонту', 0, 0, 0, NULL, NULL, 1);
INSERT INTO ADDONS_REF (AD_ID, ADD_NAME, ADD_SUM, RATE, ADD2ALL, ADD2FRV, MASTER, SLAVE) VALUES (78, 'Перевозка камня', 0, 0, 0, NULL, NULL, NULL);
INSERT INTO ADDONS_REF (AD_ID, ADD_NAME, ADD_SUM, RATE, ADD2ALL, ADD2FRV, MASTER, SLAVE) VALUES (79, 'Прицеп', 0, 10, 0, NULL, NULL, NULL);
INSERT INTO ADDONS_REF (AD_ID, ADD_NAME, ADD_SUM, RATE, ADD2ALL, ADD2FRV, MASTER, SLAVE) VALUES (80, 'Проф мастерство (по разрядам)', 0, 0, 0, NULL, NULL, NULL);
INSERT INTO ADDONS_REF (AD_ID, ADD_NAME, ADD_SUM, RATE, ADD2ALL, ADD2FRV, MASTER, SLAVE) VALUES (81, 'Тяжёлые и вредные условия', 0, 0, 0, NULL, NULL, NULL);
INSERT INTO ADDONS_REF (AD_ID, ADD_NAME, ADD_SUM, RATE, ADD2ALL, ADD2FRV, MASTER, SLAVE) VALUES (82, 'Простои', 0, 66.66, 0, 0, NULL, NULL);
INSERT INTO ADDONS_REF (AD_ID, ADD_NAME, ADD_SUM, RATE, ADD2ALL, ADD2FRV, MASTER, SLAVE) VALUES (229, 'Ремонт', 0, 66.66, 0, 1, 1, NULL);

COMMIT WORK;

INSERT INTO DCL_GLOBAL_PARAMS (PARAM_ID, PARAM_NAME, PARAM_VALUE, PARAM_ROLEID) VALUES (2, 'DisableLogOnWithoutUser', '1', NULL);

COMMIT WORK;

INSERT INTO DCL_USERS (UID, DCL_USER_NAME, DCL_LONG_USER_NAME, DCL_USER_PASS, DCL_ROLE, SHOWINLIST, ACCESSLEVEL) VALUES (1, 'Seljuk', 'Селюк И.В.', '12', 1, 1, 3);
INSERT INTO DCL_USERS (UID, DCL_USER_NAME, DCL_LONG_USER_NAME, DCL_USER_PASS, DCL_ROLE, SHOWINLIST, ACCESSLEVEL) VALUES (52, 'Admin', 'Admin', 'qwerty', 52, NULL, 4);
INSERT INTO DCL_USERS (UID, DCL_USER_NAME, DCL_LONG_USER_NAME, DCL_USER_PASS, DCL_ROLE, SHOWINLIST, ACCESSLEVEL) VALUES (146, 'Finance', 'ЭстонцыФины', '56', 146, 1, 3);
INSERT INTO DCL_USERS (UID, DCL_USER_NAME, DCL_LONG_USER_NAME, DCL_USER_PASS, DCL_ROLE, SHOWINLIST, ACCESSLEVEL) VALUES (767, 'Shapavalova', 'Шапавалова В.В.', '45', 1, 1, 3);

COMMIT WORK;

INSERT INTO DCL_ROLES (ROLESID, ROLENAME, LONGROLENAME, SHOWINLIST, ROLEADMIN) VALUES (1, 'Admin', 'Admin', 1, NULL);
INSERT INTO DCL_ROLES (ROLESID, ROLENAME, LONGROLENAME, SHOWINLIST, ROLEADMIN) VALUES (52, 'Finance', 'ЭстонцыФины', 1, NULL);
INSERT INTO DCL_ROLES (ROLESID, ROLENAME, LONGROLENAME, SHOWINLIST, ROLEADMIN) VALUES (146, 'Oper', 'Оператор', 1, NULL);

COMMIT WORK;

INSERT INTO DCL_ROLESMENU (ROLEID, MENUITEMID, RM_ID) VALUES (1, 21, 58);
INSERT INTO DCL_ROLESMENU (ROLEID, MENUITEMID, RM_ID) VALUES (1, 13, 59);
INSERT INTO DCL_ROLESMENU (ROLEID, MENUITEMID, RM_ID) VALUES (1, 30, 60);
INSERT INTO DCL_ROLESMENU (ROLEID, MENUITEMID, RM_ID) VALUES (1, 3, 61);
INSERT INTO DCL_ROLESMENU (ROLEID, MENUITEMID, RM_ID) VALUES (1, 29, 62);
INSERT INTO DCL_ROLESMENU (ROLEID, MENUITEMID, RM_ID) VALUES (1, 1, 63);
INSERT INTO DCL_ROLESMENU (ROLEID, MENUITEMID, RM_ID) VALUES (1, 0, 64);
INSERT INTO DCL_ROLESMENU (ROLEID, MENUITEMID, RM_ID) VALUES (1, 147, 65);
INSERT INTO DCL_ROLESMENU (ROLEID, MENUITEMID, RM_ID) VALUES (1, 162, 66);
INSERT INTO DCL_ROLESMENU (ROLEID, MENUITEMID, RM_ID) VALUES (146, 147, 67);
INSERT INTO DCL_ROLESMENU (ROLEID, MENUITEMID, RM_ID) VALUES (146, 162, 68);
INSERT INTO DCL_ROLESMENU (ROLEID, MENUITEMID, RM_ID) VALUES (52, 21, 69);
INSERT INTO DCL_ROLESMENU (ROLEID, MENUITEMID, RM_ID) VALUES (52, 13, 70);
INSERT INTO DCL_ROLESMENU (ROLEID, MENUITEMID, RM_ID) VALUES (52, 30, 71);
INSERT INTO DCL_ROLESMENU (ROLEID, MENUITEMID, RM_ID) VALUES (52, 3, 72);
INSERT INTO DCL_ROLESMENU (ROLEID, MENUITEMID, RM_ID) VALUES (52, 29, 73);
INSERT INTO DCL_ROLESMENU (ROLEID, MENUITEMID, RM_ID) VALUES (52, 1, 74);
INSERT INTO DCL_ROLESMENU (ROLEID, MENUITEMID, RM_ID) VALUES (52, 0, 75);
INSERT INTO DCL_ROLESMENU (ROLEID, MENUITEMID, RM_ID) VALUES (52, 147, 76);
INSERT INTO DCL_ROLESMENU (ROLEID, MENUITEMID, RM_ID) VALUES (52, 162, 77);
INSERT INTO DCL_ROLESMENU (ROLEID, MENUITEMID, RM_ID) VALUES (52, 7, 78);
INSERT INTO DCL_ROLESMENU (ROLEID, MENUITEMID, RM_ID) VALUES (1, 7, 79);
INSERT INTO DCL_ROLESMENU (ROLEID, MENUITEMID, RM_ID) VALUES (1, 51, 80);
INSERT INTO DCL_ROLESMENU (ROLEID, MENUITEMID, RM_ID) VALUES (1, 2, 81);
INSERT INTO DCL_ROLESMENU (ROLEID, MENUITEMID, RM_ID) VALUES (1, 66, 82);
INSERT INTO DCL_ROLESMENU (ROLEID, MENUITEMID, RM_ID) VALUES (1, 70, 83);
INSERT INTO DCL_ROLESMENU (ROLEID, MENUITEMID, RM_ID) VALUES (1, 89, 84);
INSERT INTO DCL_ROLESMENU (ROLEID, MENUITEMID, RM_ID) VALUES (1, 103, 85);
INSERT INTO DCL_ROLESMENU (ROLEID, MENUITEMID, RM_ID) VALUES (1, 145, 86);
INSERT INTO DCL_ROLESMENU (ROLEID, MENUITEMID, RM_ID) VALUES (146, 21, 87);
INSERT INTO DCL_ROLESMENU (ROLEID, MENUITEMID, RM_ID) VALUES (146, 13, 88);
INSERT INTO DCL_ROLESMENU (ROLEID, MENUITEMID, RM_ID) VALUES (146, 30, 89);
INSERT INTO DCL_ROLESMENU (ROLEID, MENUITEMID, RM_ID) VALUES (146, 3, 90);
INSERT INTO DCL_ROLESMENU (ROLEID, MENUITEMID, RM_ID) VALUES (146, 29, 91);
INSERT INTO DCL_ROLESMENU (ROLEID, MENUITEMID, RM_ID) VALUES (146, 1, 92);
INSERT INTO DCL_ROLESMENU (ROLEID, MENUITEMID, RM_ID) VALUES (146, 0, 93);
INSERT INTO DCL_ROLESMENU (ROLEID, MENUITEMID, RM_ID) VALUES (146, 7, 94);
INSERT INTO DCL_ROLESMENU (ROLEID, MENUITEMID, RM_ID) VALUES (146, 51, 95);
INSERT INTO DCL_ROLESMENU (ROLEID, MENUITEMID, RM_ID) VALUES (146, 2, 96);
INSERT INTO DCL_ROLESMENU (ROLEID, MENUITEMID, RM_ID) VALUES (146, 66, 97);
INSERT INTO DCL_ROLESMENU (ROLEID, MENUITEMID, RM_ID) VALUES (146, 70, 98);
INSERT INTO DCL_ROLESMENU (ROLEID, MENUITEMID, RM_ID) VALUES (146, 89, 99);
INSERT INTO DCL_ROLESMENU (ROLEID, MENUITEMID, RM_ID) VALUES (146, 103, 100);
INSERT INTO DCL_ROLESMENU (ROLEID, MENUITEMID, RM_ID) VALUES (52, 51, 101);
INSERT INTO DCL_ROLESMENU (ROLEID, MENUITEMID, RM_ID) VALUES (52, 2, 102);
INSERT INTO DCL_ROLESMENU (ROLEID, MENUITEMID, RM_ID) VALUES (52, 66, 103);
INSERT INTO DCL_ROLESMENU (ROLEID, MENUITEMID, RM_ID) VALUES (52, 70, 104);
INSERT INTO DCL_ROLESMENU (ROLEID, MENUITEMID, RM_ID) VALUES (52, 89, 105);
INSERT INTO DCL_ROLESMENU (ROLEID, MENUITEMID, RM_ID) VALUES (52, 103, 106);
INSERT INTO DCL_ROLESMENU (ROLEID, MENUITEMID, RM_ID) VALUES (52, 145, 107);
INSERT INTO DCL_ROLESMENU (ROLEID, MENUITEMID, RM_ID) VALUES (52, 37, 108);
INSERT INTO DCL_ROLESMENU (ROLEID, MENUITEMID, RM_ID) VALUES (52, 38, 109);
INSERT INTO DCL_ROLESMENU (ROLEID, MENUITEMID, RM_ID) VALUES (52, 39, 110);
INSERT INTO DCL_ROLESMENU (ROLEID, MENUITEMID, RM_ID) VALUES (1, 344, 111);
INSERT INTO DCL_ROLESMENU (ROLEID, MENUITEMID, RM_ID) VALUES (1, 794, 130);
INSERT INTO DCL_ROLESMENU (ROLEID, MENUITEMID, RM_ID) VALUES (146, 794, 132);
INSERT INTO DCL_ROLESMENU (ROLEID, MENUITEMID, RM_ID) VALUES (52, 794, 133);
INSERT INTO DCL_ROLESMENU (ROLEID, MENUITEMID, RM_ID) VALUES (52, 807, 134);
INSERT INTO DCL_ROLESMENU (ROLEID, MENUITEMID, RM_ID) VALUES (1, 807, 135);
INSERT INTO DCL_ROLESMENU (ROLEID, MENUITEMID, RM_ID) VALUES (146, 807, 137);
INSERT INTO DCL_ROLESMENU (ROLEID, MENUITEMID, RM_ID) VALUES (1, 1245, 138);
INSERT INTO DCL_ROLESMENU (ROLEID, MENUITEMID, RM_ID) VALUES (1, 37, 140);

COMMIT WORK;


SET BLOBFILE 'SallaryDB.lob';

INSERT INTO DCL_SCRIPTS (NUMSEQ, DCLNAME, DCLTEXT, COMMAND, IDENT, PARENT, UPDATES, ACTINON) VALUES (5, 'Employers', :h0_633, NULL, NULL, NULL, '2013-08-12 10:12:09', 'U');
INSERT INTO DCL_SCRIPTS (NUMSEQ, DCLNAME, DCLTEXT, COMMAND, IDENT, PARENT, UPDATES, ACTINON) VALUES (29, 'Настройки', NULL, '', 900, NULL, '2012-11-21 17:22:08', 'I');
INSERT INTO DCL_SCRIPTS (NUMSEQ, DCLNAME, DCLTEXT, COMMAND, IDENT, PARENT, UPDATES, ACTINON) VALUES (119, 'PrintConsolidateToExcel_Mash', :h633_1CB, NULL, NULL, NULL, '2012-11-21 17:22:08', 'I');
INSERT INTO DCL_SCRIPTS (NUMSEQ, DCLNAME, DCLTEXT, COMMAND, IDENT, PARENT, UPDATES, ACTINON) VALUES (6, 'Deps', :h7FE_19B, NULL, NULL, NULL, '2013-08-12 10:10:44', 'U');
INSERT INTO DCL_SCRIPTS (NUMSEQ, DCLNAME, DCLTEXT, COMMAND, IDENT, PARENT, UPDATES, ACTINON) VALUES (7, '', NULL, NULL, 20001, NULL, '2012-11-21 17:22:08', 'I');
INSERT INTO DCL_SCRIPTS (NUMSEQ, DCLNAME, DCLTEXT, COMMAND, IDENT, PARENT, UPDATES, ACTINON) VALUES (8, 'AddOns_Ref', :h999_309, NULL, NULL, NULL, '2013-08-12 10:02:15', 'U');
INSERT INTO DCL_SCRIPTS (NUMSEQ, DCLNAME, DCLTEXT, COMMAND, IDENT, PARENT, UPDATES, ACTINON) VALUES (272, 'Add_Empl_Scr2', :hCA2_5C, NULL, NULL, NULL, '2012-11-21 17:22:08', 'I');
INSERT INTO DCL_SCRIPTS (NUMSEQ, DCLNAME, DCLTEXT, COMMAND, IDENT, PARENT, UPDATES, ACTINON) VALUES (89, 'Объекты', NULL, 'Objects', 2009, 1, '2012-11-21 17:22:08', 'I');
INSERT INTO DCL_SCRIPTS (NUMSEQ, DCLNAME, DCLTEXT, COMMAND, IDENT, PARENT, UPDATES, ACTINON) VALUES (0, 'Расчёт зарплаты', NULL, NULL, 0, NULL, '2012-11-21 17:22:08', 'I');
INSERT INTO DCL_SCRIPTS (NUMSEQ, DCLNAME, DCLTEXT, COMMAND, IDENT, PARENT, UPDATES, ACTINON) VALUES (10, 'Mashins', :hCFE_60C, NULL, NULL, NULL, '2013-08-12 10:13:30', 'U');
INSERT INTO DCL_SCRIPTS (NUMSEQ, DCLNAME, DCLTEXT, COMMAND, IDENT, PARENT, UPDATES, ACTINON) VALUES (37, 'Права доступа', NULL, '', 800, NULL, '2012-11-21 17:22:08', 'I');
INSERT INTO DCL_SCRIPTS (NUMSEQ, DCLNAME, DCLTEXT, COMMAND, IDENT, PARENT, UPDATES, ACTINON) VALUES (93, 'WL_Append_Scr', :h130A_1B2, NULL, NULL, NULL, '2012-11-21 17:22:08', 'I');
INSERT INTO DCL_SCRIPTS (NUMSEQ, DCLNAME, DCLTEXT, COMMAND, IDENT, PARENT, UPDATES, ACTINON) VALUES (11, 'Edit_Mashin_Dlg', :h14BC_32E, NULL, NULL, NULL, '2013-08-12 10:11:22', 'U');
INSERT INTO DCL_SCRIPTS (NUMSEQ, DCLNAME, DCLTEXT, COMMAND, IDENT, PARENT, UPDATES, ACTINON) VALUES (30, 'Версия...', :h17EA_8, '', 9001, 900, '2012-11-21 17:22:08', 'I');
INSERT INTO DCL_SCRIPTS (NUMSEQ, DCLNAME, DCLTEXT, COMMAND, IDENT, PARENT, UPDATES, ACTINON) VALUES (87, 'WorkList', :h17F2_841, '', NULL, NULL, '2013-08-12 10:17:42', 'U');
INSERT INTO DCL_SCRIPTS (NUMSEQ, DCLNAME, DCLTEXT, COMMAND, IDENT, PARENT, UPDATES, ACTINON) VALUES (2, 'Начисление', NULL, '', 2, NULL, '2012-11-21 17:22:08', 'I');
INSERT INTO DCL_SCRIPTS (NUMSEQ, DCLNAME, DCLTEXT, COMMAND, IDENT, PARENT, UPDATES, ACTINON) VALUES (105, 'Add_Object', :h2033_C8, NULL, NULL, NULL, '2012-11-21 17:22:08', 'I');
INSERT INTO DCL_SCRIPTS (NUMSEQ, DCLNAME, DCLTEXT, COMMAND, IDENT, PARENT, UPDATES, ACTINON) VALUES (106, 'Add_Object_Scr', :h20FB_23, NULL, NULL, NULL, '2012-11-21 17:22:08', 'I');
INSERT INTO DCL_SCRIPTS (NUMSEQ, DCLNAME, DCLTEXT, COMMAND, IDENT, PARENT, UPDATES, ACTINON) VALUES (66, 'Водители', NULL, 'Employers', 2007, 1, '2012-11-21 17:22:08', 'I');
INSERT INTO DCL_SCRIPTS (NUMSEQ, DCLNAME, DCLTEXT, COMMAND, IDENT, PARENT, UPDATES, ACTINON) VALUES (38, 'Роли', NULL, 'Roles', 2005, 800, '2012-11-21 17:22:08', 'I');
INSERT INTO DCL_SCRIPTS (NUMSEQ, DCLNAME, DCLTEXT, COMMAND, IDENT, PARENT, UPDATES, ACTINON) VALUES (39, 'Меню ролей', NULL, 'RolesMenu', 2006, 800, '2012-11-21 17:22:08', 'I');
INSERT INTO DCL_SCRIPTS (NUMSEQ, DCLNAME, DCLTEXT, COMMAND, IDENT, PARENT, UPDATES, ACTINON) VALUES (107, 'Edit_Object_Scr', :h211E_1A, NULL, NULL, NULL, '2012-11-21 17:22:08', 'I');
INSERT INTO DCL_SCRIPTS (NUMSEQ, DCLNAME, DCLTEXT, COMMAND, IDENT, PARENT, UPDATES, ACTINON) VALUES (40, 'CallDialog', :h2138_1B, NULL, NULL, NULL, '2012-11-21 17:22:08', 'I');
INSERT INTO DCL_SCRIPTS (NUMSEQ, DCLNAME, DCLTEXT, COMMAND, IDENT, PARENT, UPDATES, ACTINON) VALUES (113, 'Add_Empl', :h2153_336, NULL, NULL, NULL, '2013-08-09 18:05:32', 'U');
INSERT INTO DCL_SCRIPTS (NUMSEQ, DCLNAME, DCLTEXT, COMMAND, IDENT, PARENT, UPDATES, ACTINON) VALUES (41, 'AddMenuItem', :h2489_1FD, NULL, NULL, NULL, '2013-08-09 18:04:35', 'U');
INSERT INTO DCL_SCRIPTS (NUMSEQ, DCLNAME, DCLTEXT, COMMAND, IDENT, PARENT, UPDATES, ACTINON) VALUES (34, 'Del_Mashin_Scr', :h2686_EB, NULL, NULL, NULL, '2012-11-21 17:22:08', 'I');
INSERT INTO DCL_SCRIPTS (NUMSEQ, DCLNAME, DCLTEXT, COMMAND, IDENT, PARENT, UPDATES, ACTINON) VALUES (50, 'AddExec', :h2771_125, NULL, NULL, NULL, '2012-11-21 17:22:08', 'I');
INSERT INTO DCL_SCRIPTS (NUMSEQ, DCLNAME, DCLTEXT, COMMAND, IDENT, PARENT, UPDATES, ACTINON) VALUES (21, 'Лист работ', NULL, 'WorkList', 1003, 2, '2012-11-21 17:22:08', 'I');
INSERT INTO DCL_SCRIPTS (NUMSEQ, DCLNAME, DCLTEXT, COMMAND, IDENT, PARENT, UPDATES, ACTINON) VALUES (42, 'CopyExec', :h2896_6A, NULL, NULL, NULL, '2012-11-21 17:22:08', 'I');
INSERT INTO DCL_SCRIPTS (NUMSEQ, DCLNAME, DCLTEXT, COMMAND, IDENT, PARENT, UPDATES, ACTINON) VALUES (24, 'WorkList_F_Add_Dlg', :h2900_202, NULL, NULL, NULL, '2013-08-12 10:22:13', 'U');
INSERT INTO DCL_SCRIPTS (NUMSEQ, DCLNAME, DCLTEXT, COMMAND, IDENT, PARENT, UPDATES, ACTINON) VALUES (43, 'CopyRole', :h2B02_1EB, NULL, NULL, NULL, '2013-08-09 18:07:47', 'U');
INSERT INTO DCL_SCRIPTS (NUMSEQ, DCLNAME, DCLTEXT, COMMAND, IDENT, PARENT, UPDATES, ACTINON) VALUES (70, 'Надбавки', NULL, 'AddOns_Ref', 2008, 1, '2012-11-21 17:22:08', 'I');
INSERT INTO DCL_SCRIPTS (NUMSEQ, DCLNAME, DCLTEXT, COMMAND, IDENT, PARENT, UPDATES, ACTINON) VALUES (25, 'WorkList_App_Scr', :h2CED_160, NULL, NULL, NULL, '2012-11-21 17:22:08', 'I');
INSERT INTO DCL_SCRIPTS (NUMSEQ, DCLNAME, DCLTEXT, COMMAND, IDENT, PARENT, UPDATES, ACTINON) VALUES (18, 'Add_Machin', :h2E4D_27, NULL, NULL, NULL, '2012-11-21 17:22:08', 'I');
INSERT INTO DCL_SCRIPTS (NUMSEQ, DCLNAME, DCLTEXT, COMMAND, IDENT, PARENT, UPDATES, ACTINON) VALUES (35, 'Roles', :h2E74_CB, NULL, NULL, NULL, '2013-08-12 10:14:51', 'U');
INSERT INTO DCL_SCRIPTS (NUMSEQ, DCLNAME, DCLTEXT, COMMAND, IDENT, PARENT, UPDATES, ACTINON) VALUES (44, 'CopyRole_Call', :h2F3F_18, NULL, NULL, NULL, '2012-11-21 17:22:08', 'I');
INSERT INTO DCL_SCRIPTS (NUMSEQ, DCLNAME, DCLTEXT, COMMAND, IDENT, PARENT, UPDATES, ACTINON) VALUES (45, 'DelRole', :h2F57_D6, NULL, NULL, NULL, '2012-11-21 17:22:08', 'I');
INSERT INTO DCL_SCRIPTS (NUMSEQ, DCLNAME, DCLTEXT, COMMAND, IDENT, PARENT, UPDATES, ACTINON) VALUES (46, 'DelRoleExec', :h302D_58, NULL, NULL, NULL, '2012-11-21 17:22:08', 'I');
INSERT INTO DCL_SCRIPTS (NUMSEQ, DCLNAME, DCLTEXT, COMMAND, IDENT, PARENT, UPDATES, ACTINON) VALUES (47, 'DelRoleMenuItem', :h3085_EF, NULL, NULL, NULL, '2012-11-21 17:22:08', 'I');
INSERT INTO DCL_SCRIPTS (NUMSEQ, DCLNAME, DCLTEXT, COMMAND, IDENT, PARENT, UPDATES, ACTINON) VALUES (17, 'ReFres_Scr', :h3174_49, NULL, NULL, NULL, '2012-11-21 17:22:08', 'I');
INSERT INTO DCL_SCRIPTS (NUMSEQ, DCLNAME, DCLTEXT, COMMAND, IDENT, PARENT, UPDATES, ACTINON) VALUES (166, 'Clear_Mashine', :h31BD_50, NULL, NULL, NULL, '2012-11-21 17:22:08', 'I');
INSERT INTO DCL_SCRIPTS (NUMSEQ, DCLNAME, DCLTEXT, COMMAND, IDENT, PARENT, UPDATES, ACTINON) VALUES (103, 'InitApp', :h320D_13F, '', 40001, NULL, '2012-11-21 17:22:08', 'I');
INSERT INTO DCL_SCRIPTS (NUMSEQ, DCLNAME, DCLTEXT, COMMAND, IDENT, PARENT, UPDATES, ACTINON) VALUES (143, 'WL_Del', :h334C_C7, NULL, NULL, NULL, '2012-11-21 17:22:08', 'I');
INSERT INTO DCL_SCRIPTS (NUMSEQ, DCLNAME, DCLTEXT, COMMAND, IDENT, PARENT, UPDATES, ACTINON) VALUES (312, 'ReportParams', :h3413_368, NULL, NULL, NULL, '2013-08-09 18:11:54', 'U');
INSERT INTO DCL_SCRIPTS (NUMSEQ, DCLNAME, DCLTEXT, COMMAND, IDENT, PARENT, UPDATES, ACTINON) VALUES (221, 'AddOns_Append', :h377B_28, NULL, NULL, NULL, '2012-11-21 17:22:08', 'I');
INSERT INTO DCL_SCRIPTS (NUMSEQ, DCLNAME, DCLTEXT, COMMAND, IDENT, PARENT, UPDATES, ACTINON) VALUES (168, 'Del_Empl_Scr', :h37A3_C8, NULL, NULL, NULL, '2012-11-21 17:22:08', 'I');
INSERT INTO DCL_SCRIPTS (NUMSEQ, DCLNAME, DCLTEXT, COMMAND, IDENT, PARENT, UPDATES, ACTINON) VALUES (1276, 'Test_Tarifs_Scr', :h386B_FC, NULL, NULL, NULL, '2012-11-21 17:22:08', 'I');
INSERT INTO DCL_SCRIPTS (NUMSEQ, DCLNAME, DCLTEXT, COMMAND, IDENT, PARENT, UPDATES, ACTINON) VALUES (423, 'Vedomost_All', :h3967_144, NULL, NULL, NULL, '2012-11-21 17:22:08', 'I');
INSERT INTO DCL_SCRIPTS (NUMSEQ, DCLNAME, DCLTEXT, COMMAND, IDENT, PARENT, UPDATES, ACTINON) VALUES (424, 'RePlaseEmplOrg', :h3AAB_142, NULL, NULL, NULL, '2013-08-09 18:11:09', 'U');
INSERT INTO DCL_SCRIPTS (NUMSEQ, DCLNAME, DCLTEXT, COMMAND, IDENT, PARENT, UPDATES, ACTINON) VALUES (111, 'Consolidate', :h3BED_A27, NULL, NULL, NULL, '2013-08-12 10:09:31', 'U');
INSERT INTO DCL_SCRIPTS (NUMSEQ, DCLNAME, DCLTEXT, COMMAND, IDENT, PARENT, UPDATES, ACTINON) VALUES (320, 'MashinsAndObjectsToExcel', :h4614_19A, NULL, NULL, NULL, '2012-11-21 17:22:08', 'I');
INSERT INTO DCL_SCRIPTS (NUMSEQ, DCLNAME, DCLTEXT, COMMAND, IDENT, PARENT, UPDATES, ACTINON) VALUES (219, 'AddOns_Edit_Dlg', :h47AE_1FC, NULL, NULL, NULL, '2013-08-12 09:55:53', 'U');
INSERT INTO DCL_SCRIPTS (NUMSEQ, DCLNAME, DCLTEXT, COMMAND, IDENT, PARENT, UPDATES, ACTINON) VALUES (121, 'GlobalParams', :h49AA_255, NULL, NULL, NULL, '2013-08-12 10:12:46', 'U');
INSERT INTO DCL_SCRIPTS (NUMSEQ, DCLNAME, DCLTEXT, COMMAND, IDENT, PARENT, UPDATES, ACTINON) VALUES (122, 'RunAddGlbParam', :h4BFF_1E, NULL, NULL, NULL, '2012-11-21 17:22:08', 'I');
INSERT INTO DCL_SCRIPTS (NUMSEQ, DCLNAME, DCLTEXT, COMMAND, IDENT, PARENT, UPDATES, ACTINON) VALUES (112, 'Call_Cons', :h4C1D_13, NULL, NULL, NULL, '2012-11-21 17:22:08', 'I');
INSERT INTO DCL_SCRIPTS (NUMSEQ, DCLNAME, DCLTEXT, COMMAND, IDENT, PARENT, UPDATES, ACTINON) VALUES (123, 'AddGlbParamDlg', :h4C30_1BB, NULL, NULL, NULL, '2012-11-21 17:22:08', 'I');
INSERT INTO DCL_SCRIPTS (NUMSEQ, DCLNAME, DCLTEXT, COMMAND, IDENT, PARENT, UPDATES, ACTINON) VALUES (124, 'RunEditGlbParam', :h4DEB_1B, NULL, NULL, NULL, '2012-11-21 17:22:08', 'I');
INSERT INTO DCL_SCRIPTS (NUMSEQ, DCLNAME, DCLTEXT, COMMAND, IDENT, PARENT, UPDATES, ACTINON) VALUES (125, 'EditGlbParam', :h4E06_D1, NULL, NULL, NULL, '2012-11-21 17:22:08', 'I');
INSERT INTO DCL_SCRIPTS (NUMSEQ, DCLNAME, DCLTEXT, COMMAND, IDENT, PARENT, UPDATES, ACTINON) VALUES (126, 'DeleteConf', NULL, NULL, NULL, NULL, '2012-11-21 17:22:08', 'I');
INSERT INTO DCL_SCRIPTS (NUMSEQ, DCLNAME, DCLTEXT, COMMAND, IDENT, PARENT, UPDATES, ACTINON) VALUES (127, 'Параметры', NULL, 'GlobalParams', 2010, 900, '2012-11-21 17:22:08', 'I');
INSERT INTO DCL_SCRIPTS (NUMSEQ, DCLNAME, DCLTEXT, COMMAND, IDENT, PARENT, UPDATES, ACTINON) VALUES (36, 'RolesMenu', :h4ED7_526, NULL, NULL, NULL, '2013-08-12 10:15:26', 'U');
INSERT INTO DCL_SCRIPTS (NUMSEQ, DCLNAME, DCLTEXT, COMMAND, IDENT, PARENT, UPDATES, ACTINON) VALUES (48, 'DelRolesMenuItem', :h53FD_135, NULL, NULL, NULL, '2013-08-09 18:08:08', 'U');
INSERT INTO DCL_SCRIPTS (NUMSEQ, DCLNAME, DCLTEXT, COMMAND, IDENT, PARENT, UPDATES, ACTINON) VALUES (1, 'Справочники', NULL, '', 1, NULL, '2012-11-21 17:22:08', 'I');
INSERT INTO DCL_SCRIPTS (NUMSEQ, DCLNAME, DCLTEXT, COMMAND, IDENT, PARENT, UPDATES, ACTINON) VALUES (3, 'Машины и механизмы', NULL, 'Mashins', 1001, 1, '2012-11-21 17:22:08', 'I');
INSERT INTO DCL_SCRIPTS (NUMSEQ, DCLNAME, DCLTEXT, COMMAND, IDENT, PARENT, UPDATES, ACTINON) VALUES (31, 'Edit_Machin', :h5532_26, '', NULL, NULL, '2012-11-21 17:22:08', 'I');
INSERT INTO DCL_SCRIPTS (NUMSEQ, DCLNAME, DCLTEXT, COMMAND, IDENT, PARENT, UPDATES, ACTINON) VALUES (220, 'AddOns_Edit', :h5558_21, NULL, NULL, NULL, '2012-11-21 17:22:08', 'I');
INSERT INTO DCL_SCRIPTS (NUMSEQ, DCLNAME, DCLTEXT, COMMAND, IDENT, PARENT, UPDATES, ACTINON) VALUES (49, 'DelRolesMenuItem_Call', :h5579_20, NULL, NULL, NULL, '2012-11-21 17:22:08', 'I');
INSERT INTO DCL_SCRIPTS (NUMSEQ, DCLNAME, DCLTEXT, COMMAND, IDENT, PARENT, UPDATES, ACTINON) VALUES (51, NULL, :h5599_63, NULL, 20002, NULL, '2012-11-21 17:53:09', 'U');
INSERT INTO DCL_SCRIPTS (NUMSEQ, DCLNAME, DCLTEXT, COMMAND, IDENT, PARENT, UPDATES, ACTINON) VALUES (33, 'Add_Mashin_Dlg', :h55FC_34A, NULL, NULL, NULL, '2013-08-12 10:08:15', 'U');
INSERT INTO DCL_SCRIPTS (NUMSEQ, DCLNAME, DCLTEXT, COMMAND, IDENT, PARENT, UPDATES, ACTINON) VALUES (145, 'Подразделения', NULL, 'Deps', 9002, 1, '2012-11-21 17:22:08', 'I');
INSERT INTO DCL_SCRIPTS (NUMSEQ, DCLNAME, DCLTEXT, COMMAND, IDENT, PARENT, UPDATES, ACTINON) VALUES (310, 'productversion', NULL, '1.8.7', NULL, NULL, '2012-11-21 17:22:08', 'I');
INSERT INTO DCL_SCRIPTS (NUMSEQ, DCLNAME, DCLTEXT, COMMAND, IDENT, PARENT, UPDATES, ACTINON) VALUES (114, 'Add_Empl_Scr', :h5946_A5, NULL, NULL, NULL, '2012-11-21 17:22:08', 'I');
INSERT INTO DCL_SCRIPTS (NUMSEQ, DCLNAME, DCLTEXT, COMMAND, IDENT, PARENT, UPDATES, ACTINON) VALUES (144, 'FreeVariables', :h59EB_1EC, NULL, NULL, NULL, '2012-11-21 17:22:08', 'I');
INSERT INTO DCL_SCRIPTS (NUMSEQ, DCLNAME, DCLTEXT, COMMAND, IDENT, PARENT, UPDATES, ACTINON) VALUES (436, 'Call_Dialog_ReplaseEmpl_Org', :h5BD7_2F, NULL, NULL, NULL, '2012-11-21 17:22:08', 'I');
INSERT INTO DCL_SCRIPTS (NUMSEQ, DCLNAME, DCLTEXT, COMMAND, IDENT, PARENT, UPDATES, ACTINON) VALUES (425, 'RePlaseEmplType', :h5C06_144, NULL, NULL, NULL, '2013-08-09 18:11:23', 'U');
INSERT INTO DCL_SCRIPTS (NUMSEQ, DCLNAME, DCLTEXT, COMMAND, IDENT, PARENT, UPDATES, ACTINON) VALUES (343, 'Calc', :h5D4A_21, NULL, NULL, NULL, '2012-11-21 17:22:08', 'I');
INSERT INTO DCL_SCRIPTS (NUMSEQ, DCLNAME, DCLTEXT, COMMAND, IDENT, PARENT, UPDATES, ACTINON) VALUES (344, 'Калькулятор', NULL, 'Calc', 901, NULL, '2012-11-21 17:22:08', 'I');
INSERT INTO DCL_SCRIPTS (NUMSEQ, DCLNAME, DCLTEXT, COMMAND, IDENT, PARENT, UPDATES, ACTINON) VALUES (1236, 'ExportInto1C', :h5D6B_4D0, NULL, NULL, NULL, '2012-11-21 17:22:08', 'I');
INSERT INTO DCL_SCRIPTS (NUMSEQ, DCLNAME, DCLTEXT, COMMAND, IDENT, PARENT, UPDATES, ACTINON) VALUES (812, 'ActiveUsers', :h623B_1BA, NULL, NULL, NULL, '2012-11-21 17:22:08', 'I');
INSERT INTO DCL_SCRIPTS (NUMSEQ, DCLNAME, DCLTEXT, COMMAND, IDENT, PARENT, UPDATES, ACTINON) VALUES (437, 'Call_Dialog_ReplaseEmpl_Type', :h63F5_30, NULL, NULL, NULL, '2012-11-21 17:22:08', 'I');
INSERT INTO DCL_SCRIPTS (NUMSEQ, DCLNAME, DCLTEXT, COMMAND, IDENT, PARENT, UPDATES, ACTINON) VALUES (813, 'Активные пользователи', NULL, 'ActiveUsers', 9005, 800, '2012-11-21 17:22:08', 'I');
INSERT INTO DCL_SCRIPTS (NUMSEQ, DCLNAME, DCLTEXT, COMMAND, IDENT, PARENT, UPDATES, ACTINON) VALUES (1274, 'Mashins2Tarifs_Run', :h6425_18, NULL, NULL, NULL, '2012-11-21 17:22:08', 'I');
INSERT INTO DCL_SCRIPTS (NUMSEQ, DCLNAME, DCLTEXT, COMMAND, IDENT, PARENT, UPDATES, ACTINON) VALUES (314, 'Call_RepParams_Dialog', :h643D_14, NULL, NULL, NULL, '2012-11-21 17:22:08', 'I');
INSERT INTO DCL_SCRIPTS (NUMSEQ, DCLNAME, DCLTEXT, COMMAND, IDENT, PARENT, UPDATES, ACTINON) VALUES (13, 'SQL Monitor', :h6451_7, '', 9000, 900, '2012-11-21 17:22:08', 'I');
INSERT INTO DCL_SCRIPTS (NUMSEQ, DCLNAME, DCLTEXT, COMMAND, IDENT, PARENT, UPDATES, ACTINON) VALUES (1244, 'Audit', :h6458_362, NULL, NULL, NULL, '2013-08-12 10:09:13', 'U');
INSERT INTO DCL_SCRIPTS (NUMSEQ, DCLNAME, DCLTEXT, COMMAND, IDENT, PARENT, UPDATES, ACTINON) VALUES (1271, 'Uncorrectly_Tarifs', :h67BA_19F, NULL, NULL, NULL, '2013-08-12 10:17:11', 'U');
INSERT INTO DCL_SCRIPTS (NUMSEQ, DCLNAME, DCLTEXT, COMMAND, IDENT, PARENT, UPDATES, ACTINON) VALUES (1245, 'Аудит', NULL, 'Audit', 9006, 800, '2012-11-21 17:22:08', 'I');
INSERT INTO DCL_SCRIPTS (NUMSEQ, DCLNAME, DCLTEXT, COMMAND, IDENT, PARENT, UPDATES, ACTINON) VALUES (1273, 'Mashins2Tarifs', :h6959_276, NULL, NULL, NULL, '2013-08-12 10:13:51', 'U');
INSERT INTO DCL_SCRIPTS (NUMSEQ, DCLNAME, DCLTEXT, COMMAND, IDENT, PARENT, UPDATES, ACTINON) VALUES (438, 'RePlaseToOrg_Scr', :h6BCF_66, NULL, NULL, NULL, '2012-11-21 17:22:08', 'I');
INSERT INTO DCL_SCRIPTS (NUMSEQ, DCLNAME, DCLTEXT, COMMAND, IDENT, PARENT, UPDATES, ACTINON) VALUES (115, 'Call_Add_Empl', :h6C35_22, NULL, NULL, NULL, '2012-11-21 17:22:08', 'I');
INSERT INTO DCL_SCRIPTS (NUMSEQ, DCLNAME, DCLTEXT, COMMAND, IDENT, PARENT, UPDATES, ACTINON) VALUES (1258, 'Edit_Tarifs', :h6C57_18E, NULL, NULL, NULL, '2013-08-12 10:11:37', 'U');
INSERT INTO DCL_SCRIPTS (NUMSEQ, DCLNAME, DCLTEXT, COMMAND, IDENT, PARENT, UPDATES, ACTINON) VALUES (116, 'Refresh_CloseD', :h6DE5_15, NULL, NULL, NULL, '2012-11-21 17:22:08', 'I');
INSERT INTO DCL_SCRIPTS (NUMSEQ, DCLNAME, DCLTEXT, COMMAND, IDENT, PARENT, UPDATES, ACTINON) VALUES (1173, 'CalcList', :h6DFA_42B, NULL, 30001, NULL, '2012-11-21 17:22:08', 'I');
INSERT INTO DCL_SCRIPTS (NUMSEQ, DCLNAME, DCLTEXT, COMMAND, IDENT, PARENT, UPDATES, ACTINON) VALUES (1208, 'Run_CalcList', :h7225_D6, NULL, NULL, NULL, '2012-11-21 17:22:08', 'I');
INSERT INTO DCL_SCRIPTS (NUMSEQ, DCLNAME, DCLTEXT, COMMAND, IDENT, PARENT, UPDATES, ACTINON) VALUES (1279, 'Test_RolesMenu', :h72FB_153, NULL, NULL, NULL, '2013-08-12 10:16:51', 'U');
INSERT INTO DCL_SCRIPTS (NUMSEQ, DCLNAME, DCLTEXT, COMMAND, IDENT, PARENT, UPDATES, ACTINON) VALUES (1267, 'Append_Tarifs', :h744E_1F5, '', NULL, NULL, '2013-08-12 10:08:34', 'U');
INSERT INTO DCL_SCRIPTS (NUMSEQ, DCLNAME, DCLTEXT, COMMAND, IDENT, PARENT, UPDATES, ACTINON) VALUES (1275, 'PrintConsolidateToExcel', :h7643_1B5, '', NULL, NULL, '2012-11-21 17:22:08', 'I');
INSERT INTO DCL_SCRIPTS (NUMSEQ, DCLNAME, DCLTEXT, COMMAND, IDENT, PARENT, UPDATES, ACTINON) VALUES (26, 'Objects', :h77F8_1F6, NULL, NULL, NULL, '2013-08-12 10:14:17', 'U');
INSERT INTO DCL_SCRIPTS (NUMSEQ, DCLNAME, DCLTEXT, COMMAND, IDENT, PARENT, UPDATES, ACTINON) VALUES (1259, 'Append_Tarif_Scr', :h79EE_26, NULL, NULL, NULL, '2012-11-21 17:22:08', 'I');
INSERT INTO DCL_SCRIPTS (NUMSEQ, DCLNAME, DCLTEXT, COMMAND, IDENT, PARENT, UPDATES, ACTINON) VALUES (439, 'RePlaseToType_Scr', :h7A14_6D, NULL, NULL, NULL, '2012-11-21 17:22:08', 'I');
INSERT INTO DCL_SCRIPTS (NUMSEQ, DCLNAME, DCLTEXT, COMMAND, IDENT, PARENT, UPDATES, ACTINON) VALUES (1272, 'Uncorrectly_Tar_Scr', :h7A81_1C, NULL, NULL, NULL, '2012-11-21 17:22:08', 'I');
INSERT INTO DCL_SCRIPTS (NUMSEQ, DCLNAME, DCLTEXT, COMMAND, IDENT, PARENT, UPDATES, ACTINON) VALUES (1280, 'Run_Test_RolesMenu', :h7A9D_18, NULL, NULL, NULL, '2012-11-21 17:22:08', 'I');
INSERT INTO DCL_SCRIPTS (NUMSEQ, DCLNAME, DCLTEXT, COMMAND, IDENT, PARENT, UPDATES, ACTINON) VALUES (1262, 'Edit_Tarif_Scr', :h7AB5_1D, '', NULL, NULL, '2012-11-21 17:22:08', 'I');
INSERT INTO DCL_SCRIPTS (NUMSEQ, DCLNAME, DCLTEXT, COMMAND, IDENT, PARENT, UPDATES, ACTINON) VALUES (117, 'Edit_Empl', :h7AD2_198, NULL, NULL, NULL, '2013-08-12 10:11:13', 'U');
INSERT INTO DCL_SCRIPTS (NUMSEQ, DCLNAME, DCLTEXT, COMMAND, IDENT, PARENT, UPDATES, ACTINON) VALUES (118, 'Edit_Empl_Scr', :h7C6A_19, NULL, NULL, NULL, '2012-11-21 17:22:08', 'I');
INSERT INTO DCL_SCRIPTS (NUMSEQ, DCLNAME, DCLTEXT, COMMAND, IDENT, PARENT, UPDATES, ACTINON) VALUES (96, 'WorkList_Add_Dlg', :h7C83_266, NULL, NULL, NULL, '2013-08-09 18:14:01', 'U');
INSERT INTO DCL_SCRIPTS (NUMSEQ, DCLNAME, DCLTEXT, COMMAND, IDENT, PARENT, UPDATES, ACTINON) VALUES (147, 'Сводная', NULL, 'Consolidate', 9003, 2, '2012-11-21 17:22:08', 'I');
INSERT INTO DCL_SCRIPTS (NUMSEQ, DCLNAME, DCLTEXT, COMMAND, IDENT, PARENT, UPDATES, ACTINON) VALUES (27, 'WorkList_Edit_Scr', :h7EE9_46, '', NULL, NULL, '2012-11-21 17:22:08', 'I');
INSERT INTO DCL_SCRIPTS (NUMSEQ, DCLNAME, DCLTEXT, COMMAND, IDENT, PARENT, UPDATES, ACTINON) VALUES (28, 'WorkList_Edit_Dlg', :h7F2F_501, '', NULL, NULL, '2013-08-12 10:22:02', 'U');
INSERT INTO DCL_SCRIPTS (NUMSEQ, DCLNAME, DCLTEXT, COMMAND, IDENT, PARENT, UPDATES, ACTINON) VALUES (422, 'Consolidate_AfterOpen', :h8430_121, NULL, NULL, NULL, '2012-11-21 17:22:08', 'I');
INSERT INTO DCL_SCRIPTS (NUMSEQ, DCLNAME, DCLTEXT, COMMAND, IDENT, PARENT, UPDATES, ACTINON) VALUES (156, 'Dialog_Close', :h8551_7, NULL, NULL, NULL, '2012-11-21 17:22:08', 'I');
INSERT INTO DCL_SCRIPTS (NUMSEQ, DCLNAME, DCLTEXT, COMMAND, IDENT, PARENT, UPDATES, ACTINON) VALUES (97, 'WorkList_Add_Main_Dlg', :h8558_5F7, NULL, NULL, NULL, '2013-08-12 10:21:48', 'U');
INSERT INTO DCL_SCRIPTS (NUMSEQ, DCLNAME, DCLTEXT, COMMAND, IDENT, PARENT, UPDATES, ACTINON) VALUES (158, 'Tarifs', :h8B4F_3F3, NULL, NULL, NULL, '2013-08-12 10:15:58', 'U');
INSERT INTO DCL_SCRIPTS (NUMSEQ, DCLNAME, DCLTEXT, COMMAND, IDENT, PARENT, UPDATES, ACTINON) VALUES (98, 'WL_CallDialog', :h8F42_19B, NULL, NULL, NULL, '2012-11-21 17:22:08', 'I');
INSERT INTO DCL_SCRIPTS (NUMSEQ, DCLNAME, DCLTEXT, COMMAND, IDENT, PARENT, UPDATES, ACTINON) VALUES (162, 'Тарифные ставки', NULL, 'Tarifs', 9004, 1, '2012-11-21 17:22:08', 'I');
INSERT INTO DCL_SCRIPTS (NUMSEQ, DCLNAME, DCLTEXT, COMMAND, IDENT, PARENT, UPDATES, ACTINON) VALUES (163, 'Rep_Drivers', :h90DD_1C6, NULL, NULL, NULL, '2012-11-21 17:22:08', 'I');
INSERT INTO DCL_SCRIPTS (NUMSEQ, DCLNAME, DCLTEXT, COMMAND, IDENT, PARENT, UPDATES, ACTINON) VALUES (164, 'ReportsBForm', :h92A3_105, NULL, NULL, NULL, '2012-11-21 17:22:08', 'I');
INSERT INTO DCL_SCRIPTS (NUMSEQ, DCLNAME, DCLTEXT, COMMAND, IDENT, PARENT, UPDATES, ACTINON) VALUES (165, 'Call_RepForm', :h93A8_14, NULL, NULL, NULL, '2012-11-21 17:22:08', 'I');

COMMIT WORK;

INSERT INTO DEPS (DEP_ID, DEP_NAME) VALUES (1, 'ООО Строй');
INSERT INTO DEPS (DEP_ID, DEP_NAME) VALUES (2, 'ООО Ломай');
INSERT INTO DEPS (DEP_ID, DEP_NAME) VALUES (3, 'ООО Чини');
INSERT INTO DEPS (DEP_ID, DEP_NAME) VALUES (-1, '<Пусто>');

COMMIT WORK;

INSERT INTO EMPL (EMP_ID, FULL_NAME, SUBDCODE, DELFLG, CLASS, SALARY, EMPLTYPE) VALUES (207, 'VWTNLWJBBBFFQW', 2, NULL, 3, 23419, 174);
INSERT INTO EMPL (EMP_ID, FULL_NAME, SUBDCODE, DELFLG, CLASS, SALARY, EMPLTYPE) VALUES (208, 'XXUGXDIVLGNWI', 2, NULL, 1, 46975, 174);
INSERT INTO EMPL (EMP_ID, FULL_NAME, SUBDCODE, DELFLG, CLASS, SALARY, EMPLTYPE) VALUES (209, 'FGWYEHNMNZVY', 1, NULL, 3, 2406, 174);
INSERT INTO EMPL (EMP_ID, FULL_NAME, SUBDCODE, DELFLG, CLASS, SALARY, EMPLTYPE) VALUES (210, 'CYDGSNTFIX', 1, NULL, 0, 45022, 173);
INSERT INTO EMPL (EMP_ID, FULL_NAME, SUBDCODE, DELFLG, CLASS, SALARY, EMPLTYPE) VALUES (211, 'RZZCEAVELHC', 1, NULL, 3, 62259, 174);
INSERT INTO EMPL (EMP_ID, FULL_NAME, SUBDCODE, DELFLG, CLASS, SALARY, EMPLTYPE) VALUES (212, 'ZSAQFMKNFFFYQ', 3, NULL, 2, 73460, 174);
INSERT INTO EMPL (EMP_ID, FULL_NAME, SUBDCODE, DELFLG, CLASS, SALARY, EMPLTYPE) VALUES (214, 'CCYWVJFXGOY', 2, NULL, 2, 26134, 174);
INSERT INTO EMPL (EMP_ID, FULL_NAME, SUBDCODE, DELFLG, CLASS, SALARY, EMPLTYPE) VALUES (216, 'JMJGQFFPZWI', 1, NULL, 3, 32983, 174);
INSERT INTO EMPL (EMP_ID, FULL_NAME, SUBDCODE, DELFLG, CLASS, SALARY, EMPLTYPE) VALUES (220, 'KWAJVPWHPJMRICD', 3, NULL, 1, 56660, 173);
INSERT INTO EMPL (EMP_ID, FULL_NAME, SUBDCODE, DELFLG, CLASS, SALARY, EMPLTYPE) VALUES (221, 'RCDLLEZNJI', 1, NULL, 1, 67210, 173);
INSERT INTO EMPL (EMP_ID, FULL_NAME, SUBDCODE, DELFLG, CLASS, SALARY, EMPLTYPE) VALUES (223, 'ZYZBHDTNDSDT', 1, NULL, 3, 14691, 174);
INSERT INTO EMPL (EMP_ID, FULL_NAME, SUBDCODE, DELFLG, CLASS, SALARY, EMPLTYPE) VALUES (224, 'TXGWWOEJSOCEOWA', 1, NULL, 0, 13284, 173);
INSERT INTO EMPL (EMP_ID, FULL_NAME, SUBDCODE, DELFLG, CLASS, SALARY, EMPLTYPE) VALUES (225, 'NJJFBGPPHGIY', 1, NULL, 1, 92763, 173);
INSERT INTO EMPL (EMP_ID, FULL_NAME, SUBDCODE, DELFLG, CLASS, SALARY, EMPLTYPE) VALUES (226, 'VNWHTKLEMC', 2, NULL, 0, 82632, 173);
INSERT INTO EMPL (EMP_ID, FULL_NAME, SUBDCODE, DELFLG, CLASS, SALARY, EMPLTYPE) VALUES (228, 'AJWYCKPVFDT', 3, NULL, 2, 25977, 173);
INSERT INTO EMPL (EMP_ID, FULL_NAME, SUBDCODE, DELFLG, CLASS, SALARY, EMPLTYPE) VALUES (229, 'XYMIVVMOBPJBC', 2, NULL, 2, 24154, 173);
INSERT INTO EMPL (EMP_ID, FULL_NAME, SUBDCODE, DELFLG, CLASS, SALARY, EMPLTYPE) VALUES (231, 'EJOPPPAZGOG', 3, NULL, 3, 9928, 173);
INSERT INTO EMPL (EMP_ID, FULL_NAME, SUBDCODE, DELFLG, CLASS, SALARY, EMPLTYPE) VALUES (232, 'RRYODFFVVVQ', 1, NULL, 0, 23708, 174);
INSERT INTO EMPL (EMP_ID, FULL_NAME, SUBDCODE, DELFLG, CLASS, SALARY, EMPLTYPE) VALUES (233, 'XURKSFNXIOA', 3, NULL, 2, 13721, 173);
INSERT INTO EMPL (EMP_ID, FULL_NAME, SUBDCODE, DELFLG, CLASS, SALARY, EMPLTYPE) VALUES (235, 'WEYZDJECDWFYGYE', 3, NULL, 0, 64718, 173);
INSERT INTO EMPL (EMP_ID, FULL_NAME, SUBDCODE, DELFLG, CLASS, SALARY, EMPLTYPE) VALUES (236, 'RFQSQCBRAVNRODK', 2, NULL, 0, 78460, 174);
INSERT INTO EMPL (EMP_ID, FULL_NAME, SUBDCODE, DELFLG, CLASS, SALARY, EMPLTYPE) VALUES (237, 'VVHYJJHRFCVM', 2, NULL, 1, 17824, 174);
INSERT INTO EMPL (EMP_ID, FULL_NAME, SUBDCODE, DELFLG, CLASS, SALARY, EMPLTYPE) VALUES (240, 'VJWUOFNQELKVEVX', 3, NULL, 2, 37704, 174);
INSERT INTO EMPL (EMP_ID, FULL_NAME, SUBDCODE, DELFLG, CLASS, SALARY, EMPLTYPE) VALUES (241, 'AUZWHEMXJKZQIX', 1, NULL, 0, 36569, 173);
INSERT INTO EMPL (EMP_ID, FULL_NAME, SUBDCODE, DELFLG, CLASS, SALARY, EMPLTYPE) VALUES (242, 'YSHDXNXJBOA', 3, NULL, 1, 64942, 174);
INSERT INTO EMPL (EMP_ID, FULL_NAME, SUBDCODE, DELFLG, CLASS, SALARY, EMPLTYPE) VALUES (243, 'YQOESCSFYKRDFI', 3, NULL, 3, 22976, 174);
INSERT INTO EMPL (EMP_ID, FULL_NAME, SUBDCODE, DELFLG, CLASS, SALARY, EMPLTYPE) VALUES (244, 'CZRRBSTPYK', 3, NULL, 1, 95888, 174);
INSERT INTO EMPL (EMP_ID, FULL_NAME, SUBDCODE, DELFLG, CLASS, SALARY, EMPLTYPE) VALUES (245, 'JXICZFPLHDN', 3, NULL, 0, 28607, 173);
INSERT INTO EMPL (EMP_ID, FULL_NAME, SUBDCODE, DELFLG, CLASS, SALARY, EMPLTYPE) VALUES (246, 'WPXQHUYMADIEM', 1, NULL, 3, 57280, 173);
INSERT INTO EMPL (EMP_ID, FULL_NAME, SUBDCODE, DELFLG, CLASS, SALARY, EMPLTYPE) VALUES (247, 'UHJDXDNOIXERFWW', 2, NULL, 1, 81154, 173);
INSERT INTO EMPL (EMP_ID, FULL_NAME, SUBDCODE, DELFLG, CLASS, SALARY, EMPLTYPE) VALUES (248, 'QGGVZNNFQMDJZB', 1, NULL, 2, 87312, 173);
INSERT INTO EMPL (EMP_ID, FULL_NAME, SUBDCODE, DELFLG, CLASS, SALARY, EMPLTYPE) VALUES (249, 'XKLCKKDCCA', 1, NULL, 0, 14620, 173);
INSERT INTO EMPL (EMP_ID, FULL_NAME, SUBDCODE, DELFLG, CLASS, SALARY, EMPLTYPE) VALUES (250, 'IWPVQHCSMMSGWEE', 1, NULL, 2, 72714, 173);
INSERT INTO EMPL (EMP_ID, FULL_NAME, SUBDCODE, DELFLG, CLASS, SALARY, EMPLTYPE) VALUES (251, 'RRTCYPHRFZIDEBW', 1, NULL, 3, 8407, 174);
INSERT INTO EMPL (EMP_ID, FULL_NAME, SUBDCODE, DELFLG, CLASS, SALARY, EMPLTYPE) VALUES (252, 'WKQDLICXBRSKN', 2, NULL, 1, 26462, 173);
INSERT INTO EMPL (EMP_ID, FULL_NAME, SUBDCODE, DELFLG, CLASS, SALARY, EMPLTYPE) VALUES (253, 'OMMGKHVJUVXGN', 2, NULL, 0, 80074, 173);
INSERT INTO EMPL (EMP_ID, FULL_NAME, SUBDCODE, DELFLG, CLASS, SALARY, EMPLTYPE) VALUES (254, 'AMNZBMNNZGHWV', 1, NULL, 0, 64463, 173);
INSERT INTO EMPL (EMP_ID, FULL_NAME, SUBDCODE, DELFLG, CLASS, SALARY, EMPLTYPE) VALUES (255, 'CPJTVOIFNZBW', 2, NULL, 2, 94931, 173);
INSERT INTO EMPL (EMP_ID, FULL_NAME, SUBDCODE, DELFLG, CLASS, SALARY, EMPLTYPE) VALUES (256, 'BKYTCFZFVH', 1, NULL, 0, 89686, 173);
INSERT INTO EMPL (EMP_ID, FULL_NAME, SUBDCODE, DELFLG, CLASS, SALARY, EMPLTYPE) VALUES (257, 'NQTJUNJFHS', 2, NULL, 1, 92270, 174);
INSERT INTO EMPL (EMP_ID, FULL_NAME, SUBDCODE, DELFLG, CLASS, SALARY, EMPLTYPE) VALUES (258, 'LUCXXGUCYPSHRQJ', 1, NULL, 2, 42199, 173);
INSERT INTO EMPL (EMP_ID, FULL_NAME, SUBDCODE, DELFLG, CLASS, SALARY, EMPLTYPE) VALUES (260, 'JJCHKMDYTY', 3, NULL, 2, 19929, 173);
INSERT INTO EMPL (EMP_ID, FULL_NAME, SUBDCODE, DELFLG, CLASS, SALARY, EMPLTYPE) VALUES (263, 'HXMGLPUSTK', 2, NULL, 1, 49149, 174);
INSERT INTO EMPL (EMP_ID, FULL_NAME, SUBDCODE, DELFLG, CLASS, SALARY, EMPLTYPE) VALUES (265, 'XXHISOPLRVNC', 1, NULL, 1, 6485, 173);
INSERT INTO EMPL (EMP_ID, FULL_NAME, SUBDCODE, DELFLG, CLASS, SALARY, EMPLTYPE) VALUES (266, 'NRFNFDHWTQPX', 1, NULL, 2, 6540, 173);
INSERT INTO EMPL (EMP_ID, FULL_NAME, SUBDCODE, DELFLG, CLASS, SALARY, EMPLTYPE) VALUES (267, 'NSGRXNWPTAXHYW', 2, NULL, 3, 49471, 174);
INSERT INTO EMPL (EMP_ID, FULL_NAME, SUBDCODE, DELFLG, CLASS, SALARY, EMPLTYPE) VALUES (268, 'ZBTVCPGIABD', 1, NULL, 2, 10512, 173);
INSERT INTO EMPL (EMP_ID, FULL_NAME, SUBDCODE, DELFLG, CLASS, SALARY, EMPLTYPE) VALUES (270, 'YYZIZEGHJSU', 2, NULL, 2, 62245, 174);
INSERT INTO EMPL (EMP_ID, FULL_NAME, SUBDCODE, DELFLG, CLASS, SALARY, EMPLTYPE) VALUES (271, 'HMZTDLQMHD', 3, NULL, 2, 45458, 174);
INSERT INTO EMPL (EMP_ID, FULL_NAME, SUBDCODE, DELFLG, CLASS, SALARY, EMPLTYPE) VALUES (272, 'OPPDEGBBBIULO', 1, NULL, 3, 1269, 173);
INSERT INTO EMPL (EMP_ID, FULL_NAME, SUBDCODE, DELFLG, CLASS, SALARY, EMPLTYPE) VALUES (274, 'TLTDXKTFLXKDKAJ', 1, NULL, 3, 78885, 173);
INSERT INTO EMPL (EMP_ID, FULL_NAME, SUBDCODE, DELFLG, CLASS, SALARY, EMPLTYPE) VALUES (276, 'DAMQQBFRGQNTATD', 1, NULL, 2, 66720, 174);
INSERT INTO EMPL (EMP_ID, FULL_NAME, SUBDCODE, DELFLG, CLASS, SALARY, EMPLTYPE) VALUES (277, 'ZOJSIILKAY', 2, NULL, 1, 19252, 173);
INSERT INTO EMPL (EMP_ID, FULL_NAME, SUBDCODE, DELFLG, CLASS, SALARY, EMPLTYPE) VALUES (279, 'JFFHLNPHNJKQ', 2, NULL, 0, 17491, 173);
INSERT INTO EMPL (EMP_ID, FULL_NAME, SUBDCODE, DELFLG, CLASS, SALARY, EMPLTYPE) VALUES (281, 'FKHBDTOVVOHOSDG', 3, NULL, 1, 5625, 174);
INSERT INTO EMPL (EMP_ID, FULL_NAME, SUBDCODE, DELFLG, CLASS, SALARY, EMPLTYPE) VALUES (282, 'HPUGQXVHENWPKQ', 1, NULL, 2, 6658, 173);
INSERT INTO EMPL (EMP_ID, FULL_NAME, SUBDCODE, DELFLG, CLASS, SALARY, EMPLTYPE) VALUES (284, 'PCGWROJRBSFD', 2, NULL, 3, 97829, 174);
INSERT INTO EMPL (EMP_ID, FULL_NAME, SUBDCODE, DELFLG, CLASS, SALARY, EMPLTYPE) VALUES (286, 'EWGVXTNVNZ', 2, NULL, 2, 84760, 173);
INSERT INTO EMPL (EMP_ID, FULL_NAME, SUBDCODE, DELFLG, CLASS, SALARY, EMPLTYPE) VALUES (287, 'JWDGDURHIPJUST', 3, NULL, 3, 8358, 174);
INSERT INTO EMPL (EMP_ID, FULL_NAME, SUBDCODE, DELFLG, CLASS, SALARY, EMPLTYPE) VALUES (288, 'IWPDUKHGDCZTMVH', 1, NULL, 0, 37653, 174);
INSERT INTO EMPL (EMP_ID, FULL_NAME, SUBDCODE, DELFLG, CLASS, SALARY, EMPLTYPE) VALUES (289, 'VWCNCRQOZBV', 2, NULL, 2, 4019, 173);
INSERT INTO EMPL (EMP_ID, FULL_NAME, SUBDCODE, DELFLG, CLASS, SALARY, EMPLTYPE) VALUES (290, 'RUYTMPKIUDIS', 1, NULL, 1, 21528, 174);
INSERT INTO EMPL (EMP_ID, FULL_NAME, SUBDCODE, DELFLG, CLASS, SALARY, EMPLTYPE) VALUES (291, 'BXUVGTHZWWMMQ', 1, NULL, 0, 31434, 173);
INSERT INTO EMPL (EMP_ID, FULL_NAME, SUBDCODE, DELFLG, CLASS, SALARY, EMPLTYPE) VALUES (292, 'NTONQVITVIG', 3, NULL, 0, 8943, 173);
INSERT INTO EMPL (EMP_ID, FULL_NAME, SUBDCODE, DELFLG, CLASS, SALARY, EMPLTYPE) VALUES (293, 'NKEFAAJJLWRYZQ', 3, NULL, 2, 82474, 174);
INSERT INTO EMPL (EMP_ID, FULL_NAME, SUBDCODE, DELFLG, CLASS, SALARY, EMPLTYPE) VALUES (294, 'RIGMEIMIQRHWL', 2, NULL, 3, 34360, 173);
INSERT INTO EMPL (EMP_ID, FULL_NAME, SUBDCODE, DELFLG, CLASS, SALARY, EMPLTYPE) VALUES (295, 'QHPHFUKPNXY', 2, NULL, 2, 37886, 173);
INSERT INTO EMPL (EMP_ID, FULL_NAME, SUBDCODE, DELFLG, CLASS, SALARY, EMPLTYPE) VALUES (296, 'COZWEZTXIJL', 3, NULL, 3, 96337, 174);
INSERT INTO EMPL (EMP_ID, FULL_NAME, SUBDCODE, DELFLG, CLASS, SALARY, EMPLTYPE) VALUES (297, 'UKNWAKVMSXDAX', 1, NULL, 2, 94025, 174);
INSERT INTO EMPL (EMP_ID, FULL_NAME, SUBDCODE, DELFLG, CLASS, SALARY, EMPLTYPE) VALUES (298, 'GZIFLKDHCONJX', 2, NULL, 3, 38180, 174);
INSERT INTO EMPL (EMP_ID, FULL_NAME, SUBDCODE, DELFLG, CLASS, SALARY, EMPLTYPE) VALUES (301, 'TTKVXCXBSOXUW', 2, NULL, 0, 35530, 173);
INSERT INTO EMPL (EMP_ID, FULL_NAME, SUBDCODE, DELFLG, CLASS, SALARY, EMPLTYPE) VALUES (302, 'LVZFVGIVHNORKDF', 3, NULL, 2, 3183, 173);
INSERT INTO EMPL (EMP_ID, FULL_NAME, SUBDCODE, DELFLG, CLASS, SALARY, EMPLTYPE) VALUES (303, 'BOPQVMUUFCP', 2, NULL, 3, 17879, 174);
INSERT INTO EMPL (EMP_ID, FULL_NAME, SUBDCODE, DELFLG, CLASS, SALARY, EMPLTYPE) VALUES (304, 'YEKTLCBKVZLQHG', 1, NULL, 3, 20963, 173);
INSERT INTO EMPL (EMP_ID, FULL_NAME, SUBDCODE, DELFLG, CLASS, SALARY, EMPLTYPE) VALUES (305, 'JOHGHLJMGSXBPV', 2, NULL, 2, 82136, 174);
INSERT INTO EMPL (EMP_ID, FULL_NAME, SUBDCODE, DELFLG, CLASS, SALARY, EMPLTYPE) VALUES (306, 'OKPGJKVYEJMBSR', 3, NULL, 2, 79937, 174);
INSERT INTO EMPL (EMP_ID, FULL_NAME, SUBDCODE, DELFLG, CLASS, SALARY, EMPLTYPE) VALUES (307, 'MTHBOVEMDH', 3, NULL, 0, 92184, 174);
INSERT INTO EMPL (EMP_ID, FULL_NAME, SUBDCODE, DELFLG, CLASS, SALARY, EMPLTYPE) VALUES (308, 'RCKHGCGJEE', 2, NULL, 1, 65616, 173);
INSERT INTO EMPL (EMP_ID, FULL_NAME, SUBDCODE, DELFLG, CLASS, SALARY, EMPLTYPE) VALUES (309, 'LJURQHFTSYEXL', 2, NULL, 3, 59055, 173);

COMMIT WORK;

INSERT INTO EMPL_TYPES (TYPE_ID, TYPE_NAME, DEF, ADD2ALL_HOURS, NO_CLASS) VALUES (-1, '<Пусто>', NULL, 0, 0);
INSERT INTO EMPL_TYPES (TYPE_ID, TYPE_NAME, DEF, ADD2ALL_HOURS, NO_CLASS) VALUES (173, 'Водитель', 1, 0, 0);
INSERT INTO EMPL_TYPES (TYPE_ID, TYPE_NAME, DEF, ADD2ALL_HOURS, NO_CLASS) VALUES (174, 'Механизатор', NULL, 1, 1);

COMMIT WORK;

INSERT INTO TARIFS (TARIF_ID, TARIF_NAME, TREF_SUM, TARIFGROUP, TARIF_BEG, TARIF_END, GRUP) VALUES (159, '1 группа водители', 47.54, 173, '2007-01-01', '2007-06-30', 1);
INSERT INTO TARIFS (TARIF_ID, TARIF_NAME, TREF_SUM, TARIFGROUP, TARIF_BEG, TARIF_END, GRUP) VALUES (160, '2 группа водители', 49.05, 173, '2007-01-01', '2007-06-30', 2);
INSERT INTO TARIFS (TARIF_ID, TARIF_NAME, TREF_SUM, TARIFGROUP, TARIF_BEG, TARIF_END, GRUP) VALUES (179, '3 группа водители', 56.59, 173, '2007-01-01', '2007-06-30', 3);
INSERT INTO TARIFS (TARIF_ID, TARIF_NAME, TREF_SUM, TARIFGROUP, TARIF_BEG, TARIF_END, GRUP) VALUES (211, '1 Механизаторы', 48.34, 174, '2007-01-01', '2007-06-30', 1);
INSERT INTO TARIFS (TARIF_ID, TARIF_NAME, TREF_SUM, TARIFGROUP, TARIF_BEG, TARIF_END, GRUP) VALUES (1307, '6 механизаторы2', 61.39, 174, '2007-07-01', '2007-12-31', 2);
INSERT INTO TARIFS (TARIF_ID, TARIF_NAME, TREF_SUM, TARIFGROUP, TARIF_BEG, TARIF_END, GRUP) VALUES (275, '3 Механизаторы', 61.39, 174, '2007-01-01', '2007-06-30', 3);
INSERT INTO TARIFS (TARIF_ID, TARIF_NAME, TREF_SUM, TARIFGROUP, TARIF_BEG, TARIF_END, GRUP) VALUES (276, '4 Механизаторы', 70.33, 174, '2007-01-01', '2007-06-30', 4);
INSERT INTO TARIFS (TARIF_ID, TARIF_NAME, TREF_SUM, TARIFGROUP, TARIF_BEG, TARIF_END, GRUP) VALUES (180, '4 группа водители', 59.61, 173, '2007-01-01', '2007-06-30', 4);
INSERT INTO TARIFS (TARIF_ID, TARIF_NAME, TREF_SUM, TARIFGROUP, TARIF_BEG, TARIF_END, GRUP) VALUES (181, '5 группа водители', 64.14, 173, '2007-01-01', '2007-06-30', 5);
INSERT INTO TARIFS (TARIF_ID, TARIF_NAME, TREF_SUM, TARIFGROUP, TARIF_BEG, TARIF_END, GRUP) VALUES (182, '6 группа водители', 70.93, 173, '2007-01-01', '2007-06-30', 6);
INSERT INTO TARIFS (TARIF_ID, TARIF_NAME, TREF_SUM, TARIFGROUP, TARIF_BEG, TARIF_END, GRUP) VALUES (277, '2 Механизаторы', 54.86, 174, '2007-01-01', '2007-06-30', 2);
INSERT INTO TARIFS (TARIF_ID, TARIF_NAME, TREF_SUM, TARIFGROUP, TARIF_BEG, TARIF_END, GRUP) VALUES (1277, '5 Механизаторы', 70.33, 174, '2007-06-01', '2007-06-30', 5);
INSERT INTO TARIFS (TARIF_ID, TARIF_NAME, TREF_SUM, TARIFGROUP, TARIF_BEG, TARIF_END, GRUP) VALUES (1308, '6 механизаторы1', 61.39, 174, '2007-07-01', '2007-12-31', 11);
INSERT INTO TARIFS (TARIF_ID, TARIF_NAME, TREF_SUM, TARIFGROUP, TARIF_BEG, TARIF_END, GRUP) VALUES (1279, '9 Механизаторы4', 70.33, 174, '2007-06-01', '2007-06-30', 42);
INSERT INTO TARIFS (TARIF_ID, TARIF_NAME, TREF_SUM, TARIFGROUP, TARIF_BEG, TARIF_END, GRUP) VALUES (1280, '8 Механизаторы4', 79.03, 174, '2007-07-01', '2007-12-31', 41);
INSERT INTO TARIFS (TARIF_ID, TARIF_NAME, TREF_SUM, TARIFGROUP, TARIF_BEG, TARIF_END, GRUP) VALUES (1318, '6 механизаторы2', NULL, NULL, NULL, NULL, 21);
INSERT INTO TARIFS (TARIF_ID, TARIF_NAME, TREF_SUM, TARIFGROUP, TARIF_BEG, TARIF_END, GRUP) VALUES (1319, '5 механизаторы2', 54.86, 174, '2007-07-01', '2007-12-31', 21);
INSERT INTO TARIFS (TARIF_ID, TARIF_NAME, TREF_SUM, TARIFGROUP, TARIF_BEG, TARIF_END, GRUP) VALUES (1313, '6 механизаторы2', NULL, NULL, NULL, NULL, 2);
INSERT INTO TARIFS (TARIF_ID, TARIF_NAME, TREF_SUM, TARIFGROUP, TARIF_BEG, TARIF_END, GRUP) VALUES (1314, '5 механизаторы2', NULL, NULL, NULL, NULL, NULL);
INSERT INTO TARIFS (TARIF_ID, TARIF_NAME, TREF_SUM, TARIFGROUP, TARIF_BEG, TARIF_END, GRUP) VALUES (1321, '7механизаторы 3', 70.33, 174, '2007-07-01', '2007-12-31', 31);
INSERT INTO TARIFS (TARIF_ID, TARIF_NAME, TREF_SUM, TARIFGROUP, TARIF_BEG, TARIF_END, GRUP) VALUES (1352, '7группа водители', 51.34, 173, '2007-07-01', '2007-12-31', 7);
INSERT INTO TARIFS (TARIF_ID, TARIF_NAME, TREF_SUM, TARIFGROUP, TARIF_BEG, TARIF_END, GRUP) VALUES (1370, '8 механизаторы 5', 70.33, 174, '2007-06-01', '2007-06-30', 41);
INSERT INTO TARIFS (TARIF_ID, TARIF_NAME, TREF_SUM, TARIFGROUP, TARIF_BEG, TARIF_END, GRUP) VALUES (1371, '44 Механизаторы 1', 61.39, 174, '2007-06-01', '2007-06-30', 44);
INSERT INTO TARIFS (TARIF_ID, TARIF_NAME, TREF_SUM, TARIFGROUP, TARIF_BEG, TARIF_END, GRUP) VALUES (1372, '44 Механиз 2', 70.33, 174, '2007-07-01', '2007-12-31', 44);
INSERT INTO TARIFS (TARIF_ID, TARIF_NAME, TREF_SUM, TARIFGROUP, TARIF_BEG, TARIF_END, GRUP) VALUES (1297, '5 механизаторы1', 54.86, 174, '2007-07-01', '2007-12-31', 1);
INSERT INTO TARIFS (TARIF_ID, TARIF_NAME, TREF_SUM, TARIFGROUP, TARIF_BEG, TARIF_END, GRUP) VALUES (1298, '6 механизаторы3', 61.39, 174, '2007-07-01', '2007-12-31', 3);
INSERT INTO TARIFS (TARIF_ID, TARIF_NAME, TREF_SUM, TARIFGROUP, TARIF_BEG, TARIF_END, GRUP) VALUES (1299, '7 механизаторы4', 70.33, 174, '2007-07-01', '2007-12-31', 4);
INSERT INTO TARIFS (TARIF_ID, TARIF_NAME, TREF_SUM, TARIFGROUP, TARIF_BEG, TARIF_END, GRUP) VALUES (1373, '6 Механизаторы 0', 48.34, 174, '2007-06-01', '2007-06-30', 11);
INSERT INTO TARIFS (TARIF_ID, TARIF_NAME, TREF_SUM, TARIFGROUP, TARIF_BEG, TARIF_END, GRUP) VALUES (1376, '9 Механизаторы 5', 88.94, 174, '2007-07-01', '2007-12-31', 42);
INSERT INTO TARIFS (TARIF_ID, TARIF_NAME, TREF_SUM, TARIFGROUP, TARIF_BEG, TARIF_END, GRUP) VALUES (2972, 'Камаз 108 1', 70.93, 173, '2007-09-01', '2007-12-31', 111);
INSERT INTO TARIFS (TARIF_ID, TARIF_NAME, TREF_SUM, TARIFGROUP, TARIF_BEG, TARIF_END, GRUP) VALUES (2973, 'Камаз 108 2', 64.14, 173, '2007-01-01', '2007-08-31', 111);

COMMIT WORK;

INSERT INTO MASHINS (CAR_ID, M_NAME, GOS_NOM, DRIVER_ID, DELFLGM, HTARIF) VALUES (400, 'EBFCBCE', '6874', 211, NULL, 182);
INSERT INTO MASHINS (CAR_ID, M_NAME, GOS_NOM, DRIVER_ID, DELFLGM, HTARIF) VALUES (401, 'BBFEDEDA', '4065', 228, NULL, 1299);
INSERT INTO MASHINS (CAR_ID, M_NAME, GOS_NOM, DRIVER_ID, DELFLGM, HTARIF) VALUES (404, 'EFBBCBBB', '3843', 247, NULL, 1297);
INSERT INTO MASHINS (CAR_ID, M_NAME, GOS_NOM, DRIVER_ID, DELFLGM, HTARIF) VALUES (406, 'ADFFEDD', '6585', 228, NULL, 160);
INSERT INTO MASHINS (CAR_ID, M_NAME, GOS_NOM, DRIVER_ID, DELFLGM, HTARIF) VALUES (407, 'FDCCCA', '0781', 272, NULL, 1318);
INSERT INTO MASHINS (CAR_ID, M_NAME, GOS_NOM, DRIVER_ID, DELFLGM, HTARIF) VALUES (408, 'CBBACEBBCEDFA', '8946', 297, NULL, 1308);
INSERT INTO MASHINS (CAR_ID, M_NAME, GOS_NOM, DRIVER_ID, DELFLGM, HTARIF) VALUES (411, 'BFEDFD', '9654', 266, NULL, 1299);
INSERT INTO MASHINS (CAR_ID, M_NAME, GOS_NOM, DRIVER_ID, DELFLGM, HTARIF) VALUES (413, 'FFDCCFDDBDBEC', '6120', 254, NULL, 1371);
INSERT INTO MASHINS (CAR_ID, M_NAME, GOS_NOM, DRIVER_ID, DELFLGM, HTARIF) VALUES (414, 'AEFCAFAEBECE', '0302', NULL, NULL, 276);
INSERT INTO MASHINS (CAR_ID, M_NAME, GOS_NOM, DRIVER_ID, DELFLGM, HTARIF) VALUES (417, 'BDFAAEF', '7730', 229, NULL, 1313);
INSERT INTO MASHINS (CAR_ID, M_NAME, GOS_NOM, DRIVER_ID, DELFLGM, HTARIF) VALUES (418, 'BCDDABFEC', '8662', 209, NULL, 211);
INSERT INTO MASHINS (CAR_ID, M_NAME, GOS_NOM, DRIVER_ID, DELFLGM, HTARIF) VALUES (419, 'DFCF', '2646', 281, NULL, 160);
INSERT INTO MASHINS (CAR_ID, M_NAME, GOS_NOM, DRIVER_ID, DELFLGM, HTARIF) VALUES (420, 'BCCCA', '1133', 249, NULL, 1372);
INSERT INTO MASHINS (CAR_ID, M_NAME, GOS_NOM, DRIVER_ID, DELFLGM, HTARIF) VALUES (421, 'FEEEE', '9654', 220, NULL, 1277);
INSERT INTO MASHINS (CAR_ID, M_NAME, GOS_NOM, DRIVER_ID, DELFLGM, HTARIF) VALUES (422, 'AFECED', '3673', 248, NULL, 1298);
INSERT INTO MASHINS (CAR_ID, M_NAME, GOS_NOM, DRIVER_ID, DELFLGM, HTARIF) VALUES (423, 'FFFACBBBFBEB', '7488', 208, NULL, 1318);
INSERT INTO MASHINS (CAR_ID, M_NAME, GOS_NOM, DRIVER_ID, DELFLGM, HTARIF) VALUES (424, 'FEFFBACC', '3017', 296, NULL, 159);
INSERT INTO MASHINS (CAR_ID, M_NAME, GOS_NOM, DRIVER_ID, DELFLGM, HTARIF) VALUES (425, 'FCEBA', '4636', 301, NULL, 1307);
INSERT INTO MASHINS (CAR_ID, M_NAME, GOS_NOM, DRIVER_ID, DELFLGM, HTARIF) VALUES (426, 'CBBDA', '1766', 229, NULL, 277);
INSERT INTO MASHINS (CAR_ID, M_NAME, GOS_NOM, DRIVER_ID, DELFLGM, HTARIF) VALUES (427, 'CFEBBAFF', '3097', 214, NULL, 1318);
INSERT INTO MASHINS (CAR_ID, M_NAME, GOS_NOM, DRIVER_ID, DELFLGM, HTARIF) VALUES (429, 'CEDC', '3452', 250, NULL, 1298);
INSERT INTO MASHINS (CAR_ID, M_NAME, GOS_NOM, DRIVER_ID, DELFLGM, HTARIF) VALUES (430, 'BDAADBAA', '9771', 266, NULL, 159);
INSERT INTO MASHINS (CAR_ID, M_NAME, GOS_NOM, DRIVER_ID, DELFLGM, HTARIF) VALUES (431, 'EEAECAA', '2782', 231, NULL, 1298);
INSERT INTO MASHINS (CAR_ID, M_NAME, GOS_NOM, DRIVER_ID, DELFLGM, HTARIF) VALUES (432, 'DCACDB', '3875', 281, NULL, 1313);
INSERT INTO MASHINS (CAR_ID, M_NAME, GOS_NOM, DRIVER_ID, DELFLGM, HTARIF) VALUES (433, 'DDACBFCEBDACA', '6473', 265, NULL, 180);
INSERT INTO MASHINS (CAR_ID, M_NAME, GOS_NOM, DRIVER_ID, DELFLGM, HTARIF) VALUES (435, 'FCFCCFACAF', '7249', 294, NULL, 181);
INSERT INTO MASHINS (CAR_ID, M_NAME, GOS_NOM, DRIVER_ID, DELFLGM, HTARIF) VALUES (436, 'FFFFADEEBDE', '3822', 291, NULL, 1370);
INSERT INTO MASHINS (CAR_ID, M_NAME, GOS_NOM, DRIVER_ID, DELFLGM, HTARIF) VALUES (437, 'FAAFDAEC', '3039', 247, NULL, 160);
INSERT INTO MASHINS (CAR_ID, M_NAME, GOS_NOM, DRIVER_ID, DELFLGM, HTARIF) VALUES (439, 'DDBFFBEF', '1443', 220, NULL, 1319);
INSERT INTO MASHINS (CAR_ID, M_NAME, GOS_NOM, DRIVER_ID, DELFLGM, HTARIF) VALUES (440, 'EEAA', '6607', 305, NULL, 1376);
INSERT INTO MASHINS (CAR_ID, M_NAME, GOS_NOM, DRIVER_ID, DELFLGM, HTARIF) VALUES (441, 'EBAEADACE', '1216', 257, NULL, 180);
INSERT INTO MASHINS (CAR_ID, M_NAME, GOS_NOM, DRIVER_ID, DELFLGM, HTARIF) VALUES (442, 'AAFBDC', '7731', 258, NULL, 1373);
INSERT INTO MASHINS (CAR_ID, M_NAME, GOS_NOM, DRIVER_ID, DELFLGM, HTARIF) VALUES (443, 'ABBEFEB', '9220', 249, NULL, 1370);
INSERT INTO MASHINS (CAR_ID, M_NAME, GOS_NOM, DRIVER_ID, DELFLGM, HTARIF) VALUES (444, 'CAFDBCBF', '0907', 212, NULL, 1279);
INSERT INTO MASHINS (CAR_ID, M_NAME, GOS_NOM, DRIVER_ID, DELFLGM, HTARIF) VALUES (445, 'FDFABAEBB', '7380', 293, NULL, 1299);
INSERT INTO MASHINS (CAR_ID, M_NAME, GOS_NOM, DRIVER_ID, DELFLGM, HTARIF) VALUES (446, 'FCACFAA', '7477', 263, NULL, 181);
INSERT INTO MASHINS (CAR_ID, M_NAME, GOS_NOM, DRIVER_ID, DELFLGM, HTARIF) VALUES (447, 'FDAA', '4579', 240, NULL, 1279);
INSERT INTO MASHINS (CAR_ID, M_NAME, GOS_NOM, DRIVER_ID, DELFLGM, HTARIF) VALUES (448, 'CDFEBDABCDD', '8826', 304, NULL, 1376);
INSERT INTO MASHINS (CAR_ID, M_NAME, GOS_NOM, DRIVER_ID, DELFLGM, HTARIF) VALUES (449, 'DABCCCF', '4073', 281, NULL, 1318);
INSERT INTO MASHINS (CAR_ID, M_NAME, GOS_NOM, DRIVER_ID, DELFLGM, HTARIF) VALUES (451, 'CEBECDB', '9739', 257, NULL, 1352);
INSERT INTO MASHINS (CAR_ID, M_NAME, GOS_NOM, DRIVER_ID, DELFLGM, HTARIF) VALUES (452, 'DDCEBEBCEFB', '4837', 221, NULL, 1298);
INSERT INTO MASHINS (CAR_ID, M_NAME, GOS_NOM, DRIVER_ID, DELFLGM, HTARIF) VALUES (453, 'FBBFCDDAF', '4516', 305, NULL, 211);
INSERT INTO MASHINS (CAR_ID, M_NAME, GOS_NOM, DRIVER_ID, DELFLGM, HTARIF) VALUES (454, 'ABAB', '0672', NULL, NULL, 277);
INSERT INTO MASHINS (CAR_ID, M_NAME, GOS_NOM, DRIVER_ID, DELFLGM, HTARIF) VALUES (455, 'FBCFFDECA', '2751', 250, NULL, 1318);
INSERT INTO MASHINS (CAR_ID, M_NAME, GOS_NOM, DRIVER_ID, DELFLGM, HTARIF) VALUES (457, 'EFBB', '3415', 229, NULL, 159);
INSERT INTO MASHINS (CAR_ID, M_NAME, GOS_NOM, DRIVER_ID, DELFLGM, HTARIF) VALUES (460, 'BDEAFFBDECDEF', '6305', 235, NULL, 276);
INSERT INTO MASHINS (CAR_ID, M_NAME, GOS_NOM, DRIVER_ID, DELFLGM, HTARIF) VALUES (461, 'EDDACBBCD', '1154', 209, NULL, 1277);
INSERT INTO MASHINS (CAR_ID, M_NAME, GOS_NOM, DRIVER_ID, DELFLGM, HTARIF) VALUES (462, 'ECBBACF', '8780', 256, NULL, 1370);
INSERT INTO MASHINS (CAR_ID, M_NAME, GOS_NOM, DRIVER_ID, DELFLGM, HTARIF) VALUES (463, 'FFDC', '9461', 267, NULL, 211);
INSERT INTO MASHINS (CAR_ID, M_NAME, GOS_NOM, DRIVER_ID, DELFLGM, HTARIF) VALUES (464, 'FBBCBBBD', '9014', 265, NULL, 159);
INSERT INTO MASHINS (CAR_ID, M_NAME, GOS_NOM, DRIVER_ID, DELFLGM, HTARIF) VALUES (465, 'BBABFEE', '5008', 263, NULL, 1314);
INSERT INTO MASHINS (CAR_ID, M_NAME, GOS_NOM, DRIVER_ID, DELFLGM, HTARIF) VALUES (467, 'CFCEADFF', '5585', 235, NULL, 1313);
INSERT INTO MASHINS (CAR_ID, M_NAME, GOS_NOM, DRIVER_ID, DELFLGM, HTARIF) VALUES (468, 'ECCBACBFECEDD', '2762', 297, NULL, 1280);
INSERT INTO MASHINS (CAR_ID, M_NAME, GOS_NOM, DRIVER_ID, DELFLGM, HTARIF) VALUES (469, 'BFCFEBCCDBFBC', '2332', 236, NULL, 181);
INSERT INTO MASHINS (CAR_ID, M_NAME, GOS_NOM, DRIVER_ID, DELFLGM, HTARIF) VALUES (470, 'FACBFDD', '4454', 212, NULL, 211);
INSERT INTO MASHINS (CAR_ID, M_NAME, GOS_NOM, DRIVER_ID, DELFLGM, HTARIF) VALUES (473, 'ACFCEFDE', '3966', 293, NULL, 1318);
INSERT INTO MASHINS (CAR_ID, M_NAME, GOS_NOM, DRIVER_ID, DELFLGM, HTARIF) VALUES (474, 'DCBEBDEABD', '3948', 292, NULL, 1280);
INSERT INTO MASHINS (CAR_ID, M_NAME, GOS_NOM, DRIVER_ID, DELFLGM, HTARIF) VALUES (475, 'CAECDEC', '4595', 242, NULL, 160);
INSERT INTO MASHINS (CAR_ID, M_NAME, GOS_NOM, DRIVER_ID, DELFLGM, HTARIF) VALUES (477, 'ACCEBBBDDABFD', '6079', 211, NULL, 275);
INSERT INTO MASHINS (CAR_ID, M_NAME, GOS_NOM, DRIVER_ID, DELFLGM, HTARIF) VALUES (479, 'FFDFFBED', '2551', 256, NULL, 1352);
INSERT INTO MASHINS (CAR_ID, M_NAME, GOS_NOM, DRIVER_ID, DELFLGM, HTARIF) VALUES (480, 'BADFAEBACC', '3497', 255, NULL, 1280);
INSERT INTO MASHINS (CAR_ID, M_NAME, GOS_NOM, DRIVER_ID, DELFLGM, HTARIF) VALUES (481, 'ACDCAAFEFEFBC', '7984', 250, NULL, 1308);
INSERT INTO MASHINS (CAR_ID, M_NAME, GOS_NOM, DRIVER_ID, DELFLGM, HTARIF) VALUES (484, 'ACBCFDBACEF', '4305', 294, NULL, 1299);
INSERT INTO MASHINS (CAR_ID, M_NAME, GOS_NOM, DRIVER_ID, DELFLGM, HTARIF) VALUES (485, 'ADBADFABBD', '6009', 253, NULL, 1279);
INSERT INTO MASHINS (CAR_ID, M_NAME, GOS_NOM, DRIVER_ID, DELFLGM, HTARIF) VALUES (487, 'EBDCCFDBBE', '4812', 287, NULL, 180);
INSERT INTO MASHINS (CAR_ID, M_NAME, GOS_NOM, DRIVER_ID, DELFLGM, HTARIF) VALUES (488, 'DBEEECBAFFAD', '2656', 288, NULL, 1376);

COMMIT WORK;

INSERT INTO OBJECTS (OBJ_ID, O_NAME) VALUES (490, 'pzvthclptm');
INSERT INTO OBJECTS (OBJ_ID, O_NAME) VALUES (491, 'jswdhoydtbjelfrwcno');
INSERT INTO OBJECTS (OBJ_ID, O_NAME) VALUES (492, 'zanxyjwvdeqakpvggkr');
INSERT INTO OBJECTS (OBJ_ID, O_NAME) VALUES (493, 'gwwcki');
INSERT INTO OBJECTS (OBJ_ID, O_NAME) VALUES (494, 'kkbffjvgdypuwgw');
INSERT INTO OBJECTS (OBJ_ID, O_NAME) VALUES (495, 'kurcmqlxnzfizjjdlf');
INSERT INTO OBJECTS (OBJ_ID, O_NAME) VALUES (496, 'lbunasmehzqiepqvw');
INSERT INTO OBJECTS (OBJ_ID, O_NAME) VALUES (497, 'lrvqeboqnbjhxgmjn');
INSERT INTO OBJECTS (OBJ_ID, O_NAME) VALUES (498, 'aivoz');
INSERT INTO OBJECTS (OBJ_ID, O_NAME) VALUES (499, 'mbozcvxqqnzwsuiv');
INSERT INTO OBJECTS (OBJ_ID, O_NAME) VALUES (500, 'djxytcrqvqvz');
INSERT INTO OBJECTS (OBJ_ID, O_NAME) VALUES (501, 'jthorskyldz');
INSERT INTO OBJECTS (OBJ_ID, O_NAME) VALUES (502, 'fbdvnndhxdyfnedsml');
INSERT INTO OBJECTS (OBJ_ID, O_NAME) VALUES (503, 'matyfwubjfyea');
INSERT INTO OBJECTS (OBJ_ID, O_NAME) VALUES (504, 'kpxwrxeqrrjmn');
INSERT INTO OBJECTS (OBJ_ID, O_NAME) VALUES (505, 'apuqxontklbqumiuvgjy');
INSERT INTO OBJECTS (OBJ_ID, O_NAME) VALUES (506, 'fkmkuabpizuncthwnx');
INSERT INTO OBJECTS (OBJ_ID, O_NAME) VALUES (507, 'kgfvscaimyu');
INSERT INTO OBJECTS (OBJ_ID, O_NAME) VALUES (508, 'vmwzlmnbyvmjk');
INSERT INTO OBJECTS (OBJ_ID, O_NAME) VALUES (509, 'nxvowznctniin');
INSERT INTO OBJECTS (OBJ_ID, O_NAME) VALUES (510, 'rntmcn');
INSERT INTO OBJECTS (OBJ_ID, O_NAME) VALUES (511, 'awpiyfgj');
INSERT INTO OBJECTS (OBJ_ID, O_NAME) VALUES (512, 'jpsrlikz');
INSERT INTO OBJECTS (OBJ_ID, O_NAME) VALUES (513, 'lysnztkpcuofewlbtkax');
INSERT INTO OBJECTS (OBJ_ID, O_NAME) VALUES (514, 'svogfkpkqeyna');
INSERT INTO OBJECTS (OBJ_ID, O_NAME) VALUES (515, 'xkhkvzrcukdom');
INSERT INTO OBJECTS (OBJ_ID, O_NAME) VALUES (516, 'psfwcmnvdn');
INSERT INTO OBJECTS (OBJ_ID, O_NAME) VALUES (517, 'msxojyhum');
INSERT INTO OBJECTS (OBJ_ID, O_NAME) VALUES (518, 'clxncvbm');
INSERT INTO OBJECTS (OBJ_ID, O_NAME) VALUES (519, 'lloqbf');

COMMIT WORK;

INSERT INTO WORKS_LIST (WL_ID, WORK_DATE, MASHINE_ID, DRIVER_ID, TARIF_ID, OBJECT_ID, MAIN_REC, MAIN_NUM, TARIF_RATE, STENDBY_TIME, EMPL_ID) VALUES (576, '2013-07-29', 441, 276, -1, 508, 1, NULL, 1280, 0.82, 146);
INSERT INTO WORKS_LIST (WL_ID, WORK_DATE, MASHINE_ID, DRIVER_ID, TARIF_ID, OBJECT_ID, MAIN_REC, MAIN_NUM, TARIF_RATE, STENDBY_TIME, EMPL_ID) VALUES (577, '2013-08-30', 463, 258, 79, 506, 1, NULL, 1298, 0.58, 146);
INSERT INTO WORKS_LIST (WL_ID, WORK_DATE, MASHINE_ID, DRIVER_ID, TARIF_ID, OBJECT_ID, MAIN_REC, MAIN_NUM, TARIF_RATE, STENDBY_TIME, EMPL_ID) VALUES (578, '2013-08-31', 439, 295, 229, 511, 1, NULL, 1280, 0.07, 767);
INSERT INTO WORKS_LIST (WL_ID, WORK_DATE, MASHINE_ID, DRIVER_ID, TARIF_ID, OBJECT_ID, MAIN_REC, MAIN_NUM, TARIF_RATE, STENDBY_TIME, EMPL_ID) VALUES (579, '2013-07-23', 475, 284, 77, 509, 0, NULL, 1298, 0.51, 52);
INSERT INTO WORKS_LIST (WL_ID, WORK_DATE, MASHINE_ID, DRIVER_ID, TARIF_ID, OBJECT_ID, MAIN_REC, MAIN_NUM, TARIF_RATE, STENDBY_TIME, EMPL_ID) VALUES (580, '2013-08-11', 411, 291, 76, 519, 1, NULL, 1373, 0.59, 767);
INSERT INTO WORKS_LIST (WL_ID, WORK_DATE, MASHINE_ID, DRIVER_ID, TARIF_ID, OBJECT_ID, MAIN_REC, MAIN_NUM, TARIF_RATE, STENDBY_TIME, EMPL_ID) VALUES (581, '2013-07-18', 425, 268, 82, 498, 0, NULL, 1279, 0.64, 52);
INSERT INTO WORKS_LIST (WL_ID, WORK_DATE, MASHINE_ID, DRIVER_ID, TARIF_ID, OBJECT_ID, MAIN_REC, MAIN_NUM, TARIF_RATE, STENDBY_TIME, EMPL_ID) VALUES (582, '2013-08-24', 423, 258, 74, 502, 1, NULL, 1319, 0.46, 1);
INSERT INTO WORKS_LIST (WL_ID, WORK_DATE, MASHINE_ID, DRIVER_ID, TARIF_ID, OBJECT_ID, MAIN_REC, MAIN_NUM, TARIF_RATE, STENDBY_TIME, EMPL_ID) VALUES (583, '2013-07-26', 453, 307, -1, 502, 0, NULL, 1277, 0.99, 767);
INSERT INTO WORKS_LIST (WL_ID, WORK_DATE, MASHINE_ID, DRIVER_ID, TARIF_ID, OBJECT_ID, MAIN_REC, MAIN_NUM, TARIF_RATE, STENDBY_TIME, EMPL_ID) VALUES (584, '2013-07-26', 485, 286, 79, 509, 0, NULL, 179, 0.35, 146);
INSERT INTO WORKS_LIST (WL_ID, WORK_DATE, MASHINE_ID, DRIVER_ID, TARIF_ID, OBJECT_ID, MAIN_REC, MAIN_NUM, TARIF_RATE, STENDBY_TIME, EMPL_ID) VALUES (585, '2013-08-07', 461, 226, 78, 512, 1, NULL, 277, 0.79, 52);
INSERT INTO WORKS_LIST (WL_ID, WORK_DATE, MASHINE_ID, DRIVER_ID, TARIF_ID, OBJECT_ID, MAIN_REC, MAIN_NUM, TARIF_RATE, STENDBY_TIME, EMPL_ID) VALUES (586, '2013-08-30', 414, 216, 82, 495, 1, NULL, 182, 0.23, 767);
INSERT INTO WORKS_LIST (WL_ID, WORK_DATE, MASHINE_ID, DRIVER_ID, TARIF_ID, OBJECT_ID, MAIN_REC, MAIN_NUM, TARIF_RATE, STENDBY_TIME, EMPL_ID) VALUES (587, '2013-07-22', 422, 293, -1, 514, 0, NULL, 1297, 0.67, 1);
INSERT INTO WORKS_LIST (WL_ID, WORK_DATE, MASHINE_ID, DRIVER_ID, TARIF_ID, OBJECT_ID, MAIN_REC, MAIN_NUM, TARIF_RATE, STENDBY_TIME, EMPL_ID) VALUES (588, '2013-07-21', 420, 266, 74, 498, 0, NULL, 2973, 0.14, 767);
INSERT INTO WORKS_LIST (WL_ID, WORK_DATE, MASHINE_ID, DRIVER_ID, TARIF_ID, OBJECT_ID, MAIN_REC, MAIN_NUM, TARIF_RATE, STENDBY_TIME, EMPL_ID) VALUES (589, '2013-07-30', 451, 268, 76, 501, 1, NULL, 1319, 0.34, 1);
INSERT INTO WORKS_LIST (WL_ID, WORK_DATE, MASHINE_ID, DRIVER_ID, TARIF_ID, OBJECT_ID, MAIN_REC, MAIN_NUM, TARIF_RATE, STENDBY_TIME, EMPL_ID) VALUES (590, '2013-09-05', 408, 302, 78, 499, 0, NULL, 276, 0.78, 146);
INSERT INTO WORKS_LIST (WL_ID, WORK_DATE, MASHINE_ID, DRIVER_ID, TARIF_ID, OBJECT_ID, MAIN_REC, MAIN_NUM, TARIF_RATE, STENDBY_TIME, EMPL_ID) VALUES (591, '2013-08-27', 432, 224, 229, 507, 0, NULL, 1372, 0.78, 52);
INSERT INTO WORKS_LIST (WL_ID, WORK_DATE, MASHINE_ID, DRIVER_ID, TARIF_ID, OBJECT_ID, MAIN_REC, MAIN_NUM, TARIF_RATE, STENDBY_TIME, EMPL_ID) VALUES (592, '2013-09-06', 406, 223, 82, 514, 0, NULL, 1372, 0.35, 52);
INSERT INTO WORKS_LIST (WL_ID, WORK_DATE, MASHINE_ID, DRIVER_ID, TARIF_ID, OBJECT_ID, MAIN_REC, MAIN_NUM, TARIF_RATE, STENDBY_TIME, EMPL_ID) VALUES (593, '2013-08-17', 480, 270, 79, 500, 1, NULL, 211, 0.26, 146);
INSERT INTO WORKS_LIST (WL_ID, WORK_DATE, MASHINE_ID, DRIVER_ID, TARIF_ID, OBJECT_ID, MAIN_REC, MAIN_NUM, TARIF_RATE, STENDBY_TIME, EMPL_ID) VALUES (594, '2013-08-14', 443, 295, 75, 515, 0, NULL, 1307, 0.21, 52);
INSERT INTO WORKS_LIST (WL_ID, WORK_DATE, MASHINE_ID, DRIVER_ID, TARIF_ID, OBJECT_ID, MAIN_REC, MAIN_NUM, TARIF_RATE, STENDBY_TIME, EMPL_ID) VALUES (595, '2013-08-09', 411, 253, 76, 499, 1, NULL, 276, 0.37, 767);
INSERT INTO WORKS_LIST (WL_ID, WORK_DATE, MASHINE_ID, DRIVER_ID, TARIF_ID, OBJECT_ID, MAIN_REC, MAIN_NUM, TARIF_RATE, STENDBY_TIME, EMPL_ID) VALUES (596, '2013-07-20', 423, 291, 81, 519, 1, NULL, 1373, 0.59, 767);
INSERT INTO WORKS_LIST (WL_ID, WORK_DATE, MASHINE_ID, DRIVER_ID, TARIF_ID, OBJECT_ID, MAIN_REC, MAIN_NUM, TARIF_RATE, STENDBY_TIME, EMPL_ID) VALUES (597, '2013-08-17', 442, 214, 78, 506, 1, NULL, 1321, 0.86, 767);
INSERT INTO WORKS_LIST (WL_ID, WORK_DATE, MASHINE_ID, DRIVER_ID, TARIF_ID, OBJECT_ID, MAIN_REC, MAIN_NUM, TARIF_RATE, STENDBY_TIME, EMPL_ID) VALUES (598, '2013-07-30', 433, 284, 72, 503, 0, NULL, 1376, 0.51, 767);
INSERT INTO WORKS_LIST (WL_ID, WORK_DATE, MASHINE_ID, DRIVER_ID, TARIF_ID, OBJECT_ID, MAIN_REC, MAIN_NUM, TARIF_RATE, STENDBY_TIME, EMPL_ID) VALUES (599, '2013-07-18', 427, 228, 75, 507, 0, NULL, 1319, 0.22, 767);
INSERT INTO WORKS_LIST (WL_ID, WORK_DATE, MASHINE_ID, DRIVER_ID, TARIF_ID, OBJECT_ID, MAIN_REC, MAIN_NUM, TARIF_RATE, STENDBY_TIME, EMPL_ID) VALUES (600, '2013-07-27', 444, 225, 76, 507, 1, NULL, 1372, 0.57, 52);
INSERT INTO WORKS_LIST (WL_ID, WORK_DATE, MASHINE_ID, DRIVER_ID, TARIF_ID, OBJECT_ID, MAIN_REC, MAIN_NUM, TARIF_RATE, STENDBY_TIME, EMPL_ID) VALUES (601, '2013-07-29', 453, 252, 75, 515, 1, NULL, 277, 0.12, 1);
INSERT INTO WORKS_LIST (WL_ID, WORK_DATE, MASHINE_ID, DRIVER_ID, TARIF_ID, OBJECT_ID, MAIN_REC, MAIN_NUM, TARIF_RATE, STENDBY_TIME, EMPL_ID) VALUES (602, '2013-08-17', 404, 231, -1, 494, 0, NULL, 1313, 0.86, 1);
INSERT INTO WORKS_LIST (WL_ID, WORK_DATE, MASHINE_ID, DRIVER_ID, TARIF_ID, OBJECT_ID, MAIN_REC, MAIN_NUM, TARIF_RATE, STENDBY_TIME, EMPL_ID) VALUES (603, '2013-08-23', 467, 270, 78, 518, 0, NULL, 1370, 0.05, 146);
INSERT INTO WORKS_LIST (WL_ID, WORK_DATE, MASHINE_ID, DRIVER_ID, TARIF_ID, OBJECT_ID, MAIN_REC, MAIN_NUM, TARIF_RATE, STENDBY_TIME, EMPL_ID) VALUES (604, '2013-09-03', 457, 246, 72, 499, 0, NULL, 181, 0.74, 146);
INSERT INTO WORKS_LIST (WL_ID, WORK_DATE, MASHINE_ID, DRIVER_ID, TARIF_ID, OBJECT_ID, MAIN_REC, MAIN_NUM, TARIF_RATE, STENDBY_TIME, EMPL_ID) VALUES (605, '2013-08-31', 475, 298, 76, 516, 1, NULL, 1371, 0.05, 1);
INSERT INTO WORKS_LIST (WL_ID, WORK_DATE, MASHINE_ID, DRIVER_ID, TARIF_ID, OBJECT_ID, MAIN_REC, MAIN_NUM, TARIF_RATE, STENDBY_TIME, EMPL_ID) VALUES (606, '2013-09-03', 441, 287, 82, 519, 1, NULL, 1280, 0.34, 1);
INSERT INTO WORKS_LIST (WL_ID, WORK_DATE, MASHINE_ID, DRIVER_ID, TARIF_ID, OBJECT_ID, MAIN_REC, MAIN_NUM, TARIF_RATE, STENDBY_TIME, EMPL_ID) VALUES (607, '2013-08-28', 440, 303, 80, 514, 0, NULL, 159, 0.66, 52);
INSERT INTO WORKS_LIST (WL_ID, WORK_DATE, MASHINE_ID, DRIVER_ID, TARIF_ID, OBJECT_ID, MAIN_REC, MAIN_NUM, TARIF_RATE, STENDBY_TIME, EMPL_ID) VALUES (608, '2013-08-25', 475, 224, 72, 492, 0, NULL, 182, 0.56, 146);
INSERT INTO WORKS_LIST (WL_ID, WORK_DATE, MASHINE_ID, DRIVER_ID, TARIF_ID, OBJECT_ID, MAIN_REC, MAIN_NUM, TARIF_RATE, STENDBY_TIME, EMPL_ID) VALUES (609, '2013-08-20', 440, 298, 76, 501, 0, NULL, 1321, 0.43, 52);
INSERT INTO WORKS_LIST (WL_ID, WORK_DATE, MASHINE_ID, DRIVER_ID, TARIF_ID, OBJECT_ID, MAIN_REC, MAIN_NUM, TARIF_RATE, STENDBY_TIME, EMPL_ID) VALUES (610, '2013-09-08', 422, 214, -1, 496, 0, NULL, 180, 0.73, 767);
INSERT INTO WORKS_LIST (WL_ID, WORK_DATE, MASHINE_ID, DRIVER_ID, TARIF_ID, OBJECT_ID, MAIN_REC, MAIN_NUM, TARIF_RATE, STENDBY_TIME, EMPL_ID) VALUES (611, '2013-09-02', 430, 243, 74, 498, 0, NULL, 1370, 0.16, 1);
INSERT INTO WORKS_LIST (WL_ID, WORK_DATE, MASHINE_ID, DRIVER_ID, TARIF_ID, OBJECT_ID, MAIN_REC, MAIN_NUM, TARIF_RATE, STENDBY_TIME, EMPL_ID) VALUES (612, '2013-09-03', 462, 279, 80, 515, 0, NULL, 180, 0.76, 767);
INSERT INTO WORKS_LIST (WL_ID, WORK_DATE, MASHINE_ID, DRIVER_ID, TARIF_ID, OBJECT_ID, MAIN_REC, MAIN_NUM, TARIF_RATE, STENDBY_TIME, EMPL_ID) VALUES (613, '2013-09-01', 435, 309, 78, 502, 0, NULL, 1298, 0.47, 52);
INSERT INTO WORKS_LIST (WL_ID, WORK_DATE, MASHINE_ID, DRIVER_ID, TARIF_ID, OBJECT_ID, MAIN_REC, MAIN_NUM, TARIF_RATE, STENDBY_TIME, EMPL_ID) VALUES (614, '2013-07-31', 477, 253, 82, 517, 1, NULL, 1313, 0.13, 767);
INSERT INTO WORKS_LIST (WL_ID, WORK_DATE, MASHINE_ID, DRIVER_ID, TARIF_ID, OBJECT_ID, MAIN_REC, MAIN_NUM, TARIF_RATE, STENDBY_TIME, EMPL_ID) VALUES (615, '2013-08-03', 414, 237, 72, 490, 0, NULL, 1319, 0.49, 52);
INSERT INTO WORKS_LIST (WL_ID, WORK_DATE, MASHINE_ID, DRIVER_ID, TARIF_ID, OBJECT_ID, MAIN_REC, MAIN_NUM, TARIF_RATE, STENDBY_TIME, EMPL_ID) VALUES (616, '2013-07-30', 457, 223, 76, 517, 0, NULL, 1307, 0.01, 1);
INSERT INTO WORKS_LIST (WL_ID, WORK_DATE, MASHINE_ID, DRIVER_ID, TARIF_ID, OBJECT_ID, MAIN_REC, MAIN_NUM, TARIF_RATE, STENDBY_TIME, EMPL_ID) VALUES (617, '2013-08-03', 420, 220, 79, 507, 1, NULL, 1299, 0.56, 1);
INSERT INTO WORKS_LIST (WL_ID, WORK_DATE, MASHINE_ID, DRIVER_ID, TARIF_ID, OBJECT_ID, MAIN_REC, MAIN_NUM, TARIF_RATE, STENDBY_TIME, EMPL_ID) VALUES (618, '2013-07-26', 429, 256, 81, 514, 1, NULL, 160, 0.65, 1);
INSERT INTO WORKS_LIST (WL_ID, WORK_DATE, MASHINE_ID, DRIVER_ID, TARIF_ID, OBJECT_ID, MAIN_REC, MAIN_NUM, TARIF_RATE, STENDBY_TIME, EMPL_ID) VALUES (619, '2013-08-25', 468, 221, 77, 506, 0, NULL, 275, 0.93, 52);
INSERT INTO WORKS_LIST (WL_ID, WORK_DATE, MASHINE_ID, DRIVER_ID, TARIF_ID, OBJECT_ID, MAIN_REC, MAIN_NUM, TARIF_RATE, STENDBY_TIME, EMPL_ID) VALUES (620, '2013-08-31', 462, 246, 74, 494, 0, NULL, 1319, 0.72, 52);
INSERT INTO WORKS_LIST (WL_ID, WORK_DATE, MASHINE_ID, DRIVER_ID, TARIF_ID, OBJECT_ID, MAIN_REC, MAIN_NUM, TARIF_RATE, STENDBY_TIME, EMPL_ID) VALUES (621, '2013-09-06', 433, 294, 82, 512, 1, NULL, 1299, 0.06, 146);
INSERT INTO WORKS_LIST (WL_ID, WORK_DATE, MASHINE_ID, DRIVER_ID, TARIF_ID, OBJECT_ID, MAIN_REC, MAIN_NUM, TARIF_RATE, STENDBY_TIME, EMPL_ID) VALUES (622, '2013-07-28', 484, 242, 78, 490, 0, NULL, 1280, 0.44, 52);
INSERT INTO WORKS_LIST (WL_ID, WORK_DATE, MASHINE_ID, DRIVER_ID, TARIF_ID, OBJECT_ID, MAIN_REC, MAIN_NUM, TARIF_RATE, STENDBY_TIME, EMPL_ID) VALUES (623, '2013-08-25', 419, 210, 75, 501, 1, NULL, 1307, 0.12, 1);
INSERT INTO WORKS_LIST (WL_ID, WORK_DATE, MASHINE_ID, DRIVER_ID, TARIF_ID, OBJECT_ID, MAIN_REC, MAIN_NUM, TARIF_RATE, STENDBY_TIME, EMPL_ID) VALUES (624, '2013-07-20', 430, 224, 77, 495, 0, NULL, 1371, 0.06, 146);
INSERT INTO WORKS_LIST (WL_ID, WORK_DATE, MASHINE_ID, DRIVER_ID, TARIF_ID, OBJECT_ID, MAIN_REC, MAIN_NUM, TARIF_RATE, STENDBY_TIME, EMPL_ID) VALUES (625, '2013-08-17', 448, 263, 82, 504, 1, NULL, 2973, 0.7, 52);
INSERT INTO WORKS_LIST (WL_ID, WORK_DATE, MASHINE_ID, DRIVER_ID, TARIF_ID, OBJECT_ID, MAIN_REC, MAIN_NUM, TARIF_RATE, STENDBY_TIME, EMPL_ID) VALUES (626, '2013-08-15', 433, 252, 81, 502, 0, NULL, 1279, 0.74, 767);
INSERT INTO WORKS_LIST (WL_ID, WORK_DATE, MASHINE_ID, DRIVER_ID, TARIF_ID, OBJECT_ID, MAIN_REC, MAIN_NUM, TARIF_RATE, STENDBY_TIME, EMPL_ID) VALUES (627, '2013-08-01', 473, 284, -1, 510, 0, NULL, 1314, 0.03, 146);
INSERT INTO WORKS_LIST (WL_ID, WORK_DATE, MASHINE_ID, DRIVER_ID, TARIF_ID, OBJECT_ID, MAIN_REC, MAIN_NUM, TARIF_RATE, STENDBY_TIME, EMPL_ID) VALUES (628, '2013-09-07', 407, 293, 78, 512, 0, NULL, 1319, 0.24, 767);
INSERT INTO WORKS_LIST (WL_ID, WORK_DATE, MASHINE_ID, DRIVER_ID, TARIF_ID, OBJECT_ID, MAIN_REC, MAIN_NUM, TARIF_RATE, STENDBY_TIME, EMPL_ID) VALUES (629, '2013-08-26', 462, 240, 72, 494, 1, NULL, 211, 0.16, 767);
INSERT INTO WORKS_LIST (WL_ID, WORK_DATE, MASHINE_ID, DRIVER_ID, TARIF_ID, OBJECT_ID, MAIN_REC, MAIN_NUM, TARIF_RATE, STENDBY_TIME, EMPL_ID) VALUES (630, '2013-08-15', 443, 257, 82, 495, 0, NULL, 1370, 0.66, 1);
INSERT INTO WORKS_LIST (WL_ID, WORK_DATE, MASHINE_ID, DRIVER_ID, TARIF_ID, OBJECT_ID, MAIN_REC, MAIN_NUM, TARIF_RATE, STENDBY_TIME, EMPL_ID) VALUES (631, '2013-08-01', 440, 237, 74, 493, 1, NULL, 1297, 0.73, 1);
INSERT INTO WORKS_LIST (WL_ID, WORK_DATE, MASHINE_ID, DRIVER_ID, TARIF_ID, OBJECT_ID, MAIN_REC, MAIN_NUM, TARIF_RATE, STENDBY_TIME, EMPL_ID) VALUES (632, '2013-07-15', 451, 251, 77, 494, 0, NULL, 181, 0.75, 146);
INSERT INTO WORKS_LIST (WL_ID, WORK_DATE, MASHINE_ID, DRIVER_ID, TARIF_ID, OBJECT_ID, MAIN_REC, MAIN_NUM, TARIF_RATE, STENDBY_TIME, EMPL_ID) VALUES (633, '2013-08-09', 462, 250, 76, 512, 0, NULL, 275, 0.83, 1);
INSERT INTO WORKS_LIST (WL_ID, WORK_DATE, MASHINE_ID, DRIVER_ID, TARIF_ID, OBJECT_ID, MAIN_REC, MAIN_NUM, TARIF_RATE, STENDBY_TIME, EMPL_ID) VALUES (634, '2013-08-14', 423, 303, 75, 513, 1, NULL, 276, 0.06, 767);
INSERT INTO WORKS_LIST (WL_ID, WORK_DATE, MASHINE_ID, DRIVER_ID, TARIF_ID, OBJECT_ID, MAIN_REC, MAIN_NUM, TARIF_RATE, STENDBY_TIME, EMPL_ID) VALUES (635, '2013-08-21', 448, 256, 78, 501, 0, NULL, 1371, 0.96, 146);
INSERT INTO WORKS_LIST (WL_ID, WORK_DATE, MASHINE_ID, DRIVER_ID, TARIF_ID, OBJECT_ID, MAIN_REC, MAIN_NUM, TARIF_RATE, STENDBY_TIME, EMPL_ID) VALUES (636, '2013-08-22', 457, 258, 79, 507, 1, NULL, 1372, 0.18, 1);
INSERT INTO WORKS_LIST (WL_ID, WORK_DATE, MASHINE_ID, DRIVER_ID, TARIF_ID, OBJECT_ID, MAIN_REC, MAIN_NUM, TARIF_RATE, STENDBY_TIME, EMPL_ID) VALUES (637, '2013-09-05', 443, 208, 80, 508, 0, NULL, 1279, 0.85, 1);
INSERT INTO WORKS_LIST (WL_ID, WORK_DATE, MASHINE_ID, DRIVER_ID, TARIF_ID, OBJECT_ID, MAIN_REC, MAIN_NUM, TARIF_RATE, STENDBY_TIME, EMPL_ID) VALUES (638, '2013-07-17', 454, 297, 72, 492, 1, NULL, 276, 0.6, 1);
INSERT INTO WORKS_LIST (WL_ID, WORK_DATE, MASHINE_ID, DRIVER_ID, TARIF_ID, OBJECT_ID, MAIN_REC, MAIN_NUM, TARIF_RATE, STENDBY_TIME, EMPL_ID) VALUES (639, '2013-08-14', 446, 228, 78, 508, 0, NULL, 1373, 0.86, 52);
INSERT INTO WORKS_LIST (WL_ID, WORK_DATE, MASHINE_ID, DRIVER_ID, TARIF_ID, OBJECT_ID, MAIN_REC, MAIN_NUM, TARIF_RATE, STENDBY_TIME, EMPL_ID) VALUES (640, '2013-07-16', 448, 247, 72, 512, 0, NULL, 1297, 0.52, 52);
INSERT INTO WORKS_LIST (WL_ID, WORK_DATE, MASHINE_ID, DRIVER_ID, TARIF_ID, OBJECT_ID, MAIN_REC, MAIN_NUM, TARIF_RATE, STENDBY_TIME, EMPL_ID) VALUES (641, '2013-07-19', 439, 231, 72, 503, 0, NULL, 1371, 0.92, 1);
INSERT INTO WORKS_LIST (WL_ID, WORK_DATE, MASHINE_ID, DRIVER_ID, TARIF_ID, OBJECT_ID, MAIN_REC, MAIN_NUM, TARIF_RATE, STENDBY_TIME, EMPL_ID) VALUES (642, '2013-08-28', 452, 244, 229, 505, 1, NULL, 1318, 0.78, 52);
INSERT INTO WORKS_LIST (WL_ID, WORK_DATE, MASHINE_ID, DRIVER_ID, TARIF_ID, OBJECT_ID, MAIN_REC, MAIN_NUM, TARIF_RATE, STENDBY_TIME, EMPL_ID) VALUES (643, '2013-07-23', 467, 250, 76, 503, 1, NULL, 1299, 0.31, 1);
INSERT INTO WORKS_LIST (WL_ID, WORK_DATE, MASHINE_ID, DRIVER_ID, TARIF_ID, OBJECT_ID, MAIN_REC, MAIN_NUM, TARIF_RATE, STENDBY_TIME, EMPL_ID) VALUES (644, '2013-08-25', 485, 228, 82, 508, 1, NULL, 1352, 0.43, 1);
INSERT INTO WORKS_LIST (WL_ID, WORK_DATE, MASHINE_ID, DRIVER_ID, TARIF_ID, OBJECT_ID, MAIN_REC, MAIN_NUM, TARIF_RATE, STENDBY_TIME, EMPL_ID) VALUES (645, '2013-07-15', 439, 291, 77, 490, 0, NULL, 1280, 0.54, 767);
INSERT INTO WORKS_LIST (WL_ID, WORK_DATE, MASHINE_ID, DRIVER_ID, TARIF_ID, OBJECT_ID, MAIN_REC, MAIN_NUM, TARIF_RATE, STENDBY_TIME, EMPL_ID) VALUES (646, '2013-08-18', 465, 226, 78, 491, 1, NULL, 1298, 0.75, 767);
INSERT INTO WORKS_LIST (WL_ID, WORK_DATE, MASHINE_ID, DRIVER_ID, TARIF_ID, OBJECT_ID, MAIN_REC, MAIN_NUM, TARIF_RATE, STENDBY_TIME, EMPL_ID) VALUES (647, '2013-07-20', 480, 282, 74, 492, 1, NULL, 1372, 0.82, 1);
INSERT INTO WORKS_LIST (WL_ID, WORK_DATE, MASHINE_ID, DRIVER_ID, TARIF_ID, OBJECT_ID, MAIN_REC, MAIN_NUM, TARIF_RATE, STENDBY_TIME, EMPL_ID) VALUES (648, '2013-08-01', 419, 251, 78, 514, 1, NULL, 1352, 0.69, 1);
INSERT INTO WORKS_LIST (WL_ID, WORK_DATE, MASHINE_ID, DRIVER_ID, TARIF_ID, OBJECT_ID, MAIN_REC, MAIN_NUM, TARIF_RATE, STENDBY_TIME, EMPL_ID) VALUES (649, '2013-07-31', 430, 235, 74, 507, 0, NULL, 182, 0.48, 146);
INSERT INTO WORKS_LIST (WL_ID, WORK_DATE, MASHINE_ID, DRIVER_ID, TARIF_ID, OBJECT_ID, MAIN_REC, MAIN_NUM, TARIF_RATE, STENDBY_TIME, EMPL_ID) VALUES (650, '2013-07-29', 421, 225, 77, 503, 1, NULL, 275, 0.95, 1);
INSERT INTO WORKS_LIST (WL_ID, WORK_DATE, MASHINE_ID, DRIVER_ID, TARIF_ID, OBJECT_ID, MAIN_REC, MAIN_NUM, TARIF_RATE, STENDBY_TIME, EMPL_ID) VALUES (651, '2013-08-15', 436, 274, 81, 514, 0, NULL, 1319, 0.81, 146);
INSERT INTO WORKS_LIST (WL_ID, WORK_DATE, MASHINE_ID, DRIVER_ID, TARIF_ID, OBJECT_ID, MAIN_REC, MAIN_NUM, TARIF_RATE, STENDBY_TIME, EMPL_ID) VALUES (652, '2013-08-04', 442, 286, 78, 512, 1, NULL, 1376, 0.72, 767);
INSERT INTO WORKS_LIST (WL_ID, WORK_DATE, MASHINE_ID, DRIVER_ID, TARIF_ID, OBJECT_ID, MAIN_REC, MAIN_NUM, TARIF_RATE, STENDBY_TIME, EMPL_ID) VALUES (653, '2013-08-07', 419, 284, 76, 494, 0, NULL, 211, 0.93, 52);
INSERT INTO WORKS_LIST (WL_ID, WORK_DATE, MASHINE_ID, DRIVER_ID, TARIF_ID, OBJECT_ID, MAIN_REC, MAIN_NUM, TARIF_RATE, STENDBY_TIME, EMPL_ID) VALUES (654, '2013-08-05', 424, 287, 75, 498, 1, NULL, 159, 0.05, 1);
INSERT INTO WORKS_LIST (WL_ID, WORK_DATE, MASHINE_ID, DRIVER_ID, TARIF_ID, OBJECT_ID, MAIN_REC, MAIN_NUM, TARIF_RATE, STENDBY_TIME, EMPL_ID) VALUES (655, '2013-08-23', 433, 255, 79, 516, 1, NULL, 277, 0.87, 767);
INSERT INTO WORKS_LIST (WL_ID, WORK_DATE, MASHINE_ID, DRIVER_ID, TARIF_ID, OBJECT_ID, MAIN_REC, MAIN_NUM, TARIF_RATE, STENDBY_TIME, EMPL_ID) VALUES (656, '2013-07-29', 439, 268, 80, 501, 1, NULL, 276, 0.14, 1);
INSERT INTO WORKS_LIST (WL_ID, WORK_DATE, MASHINE_ID, DRIVER_ID, TARIF_ID, OBJECT_ID, MAIN_REC, MAIN_NUM, TARIF_RATE, STENDBY_TIME, EMPL_ID) VALUES (657, '2013-08-23', 464, 247, 229, 518, 0, NULL, 2973, 0.4, 52);
INSERT INTO WORKS_LIST (WL_ID, WORK_DATE, MASHINE_ID, DRIVER_ID, TARIF_ID, OBJECT_ID, MAIN_REC, MAIN_NUM, TARIF_RATE, STENDBY_TIME, EMPL_ID) VALUES (658, '2013-08-26', 484, 304, 81, 509, 1, NULL, 1279, 0.76, 52);
INSERT INTO WORKS_LIST (WL_ID, WORK_DATE, MASHINE_ID, DRIVER_ID, TARIF_ID, OBJECT_ID, MAIN_REC, MAIN_NUM, TARIF_RATE, STENDBY_TIME, EMPL_ID) VALUES (659, '2013-08-12', 432, 260, 81, 491, 1, NULL, 159, 0.19, 767);
INSERT INTO WORKS_LIST (WL_ID, WORK_DATE, MASHINE_ID, DRIVER_ID, TARIF_ID, OBJECT_ID, MAIN_REC, MAIN_NUM, TARIF_RATE, STENDBY_TIME, EMPL_ID) VALUES (660, '2013-07-17', 406, 208, 74, 498, 1, NULL, 1319, 0.51, 52);
INSERT INTO WORKS_LIST (WL_ID, WORK_DATE, MASHINE_ID, DRIVER_ID, TARIF_ID, OBJECT_ID, MAIN_REC, MAIN_NUM, TARIF_RATE, STENDBY_TIME, EMPL_ID) VALUES (661, '2013-07-27', 431, 289, 76, 498, 0, NULL, 2972, 0.3, 1);
INSERT INTO WORKS_LIST (WL_ID, WORK_DATE, MASHINE_ID, DRIVER_ID, TARIF_ID, OBJECT_ID, MAIN_REC, MAIN_NUM, TARIF_RATE, STENDBY_TIME, EMPL_ID) VALUES (662, '2013-08-13', 452, 246, 77, 504, 1, NULL, 1376, 0.24, 52);
INSERT INTO WORKS_LIST (WL_ID, WORK_DATE, MASHINE_ID, DRIVER_ID, TARIF_ID, OBJECT_ID, MAIN_REC, MAIN_NUM, TARIF_RATE, STENDBY_TIME, EMPL_ID) VALUES (663, '2013-07-27', 457, 263, 82, 497, 1, NULL, 1297, 0.29, 52);
INSERT INTO WORKS_LIST (WL_ID, WORK_DATE, MASHINE_ID, DRIVER_ID, TARIF_ID, OBJECT_ID, MAIN_REC, MAIN_NUM, TARIF_RATE, STENDBY_TIME, EMPL_ID) VALUES (664, '2013-07-29', 485, 302, 78, 504, 0, NULL, 160, 0.93, 146);
INSERT INTO WORKS_LIST (WL_ID, WORK_DATE, MASHINE_ID, DRIVER_ID, TARIF_ID, OBJECT_ID, MAIN_REC, MAIN_NUM, TARIF_RATE, STENDBY_TIME, EMPL_ID) VALUES (665, '2013-08-11', 444, 268, 72, 510, 1, NULL, 1318, 0.09, 767);
INSERT INTO WORKS_LIST (WL_ID, WORK_DATE, MASHINE_ID, DRIVER_ID, TARIF_ID, OBJECT_ID, MAIN_REC, MAIN_NUM, TARIF_RATE, STENDBY_TIME, EMPL_ID) VALUES (666, '2013-08-18', 422, 274, 79, 508, 1, NULL, 1373, 0.47, 767);
INSERT INTO WORKS_LIST (WL_ID, WORK_DATE, MASHINE_ID, DRIVER_ID, TARIF_ID, OBJECT_ID, MAIN_REC, MAIN_NUM, TARIF_RATE, STENDBY_TIME, EMPL_ID) VALUES (667, '2013-08-11', 461, 245, 79, 504, 0, NULL, 276, 0.86, 767);
INSERT INTO WORKS_LIST (WL_ID, WORK_DATE, MASHINE_ID, DRIVER_ID, TARIF_ID, OBJECT_ID, MAIN_REC, MAIN_NUM, TARIF_RATE, STENDBY_TIME, EMPL_ID) VALUES (668, '2013-08-07', 448, 257, -1, 499, 1, NULL, 1373, 0.95, 52);
INSERT INTO WORKS_LIST (WL_ID, WORK_DATE, MASHINE_ID, DRIVER_ID, TARIF_ID, OBJECT_ID, MAIN_REC, MAIN_NUM, TARIF_RATE, STENDBY_TIME, EMPL_ID) VALUES (669, '2013-08-02', 444, 232, 72, 491, 1, NULL, 1299, 0.01, 146);
INSERT INTO WORKS_LIST (WL_ID, WORK_DATE, MASHINE_ID, DRIVER_ID, TARIF_ID, OBJECT_ID, MAIN_REC, MAIN_NUM, TARIF_RATE, STENDBY_TIME, EMPL_ID) VALUES (670, '2013-07-21', 442, 257, 229, 508, 1, NULL, 1297, 0.73, 146);
INSERT INTO WORKS_LIST (WL_ID, WORK_DATE, MASHINE_ID, DRIVER_ID, TARIF_ID, OBJECT_ID, MAIN_REC, MAIN_NUM, TARIF_RATE, STENDBY_TIME, EMPL_ID) VALUES (671, '2013-08-26', 455, 255, 76, 515, 0, NULL, 211, 0.16, 767);
INSERT INTO WORKS_LIST (WL_ID, WORK_DATE, MASHINE_ID, DRIVER_ID, TARIF_ID, OBJECT_ID, MAIN_REC, MAIN_NUM, TARIF_RATE, STENDBY_TIME, EMPL_ID) VALUES (672, '2013-08-05', 437, 279, 75, 519, 1, NULL, 181, 0.07, 767);
INSERT INTO WORKS_LIST (WL_ID, WORK_DATE, MASHINE_ID, DRIVER_ID, TARIF_ID, OBJECT_ID, MAIN_REC, MAIN_NUM, TARIF_RATE, STENDBY_TIME, EMPL_ID) VALUES (673, '2013-08-28', 443, 297, 75, 503, 1, NULL, 1370, 0.01, 146);
INSERT INTO WORKS_LIST (WL_ID, WORK_DATE, MASHINE_ID, DRIVER_ID, TARIF_ID, OBJECT_ID, MAIN_REC, MAIN_NUM, TARIF_RATE, STENDBY_TIME, EMPL_ID) VALUES (674, '2013-09-06', 419, 240, 76, 512, 0, NULL, 1370, 0.84, 1);
INSERT INTO WORKS_LIST (WL_ID, WORK_DATE, MASHINE_ID, DRIVER_ID, TARIF_ID, OBJECT_ID, MAIN_REC, MAIN_NUM, TARIF_RATE, STENDBY_TIME, EMPL_ID) VALUES (675, '2013-08-24', 406, 255, 229, 513, 0, NULL, 1307, 0.4, 52);
INSERT INTO WORKS_LIST (WL_ID, WORK_DATE, MASHINE_ID, DRIVER_ID, TARIF_ID, OBJECT_ID, MAIN_REC, MAIN_NUM, TARIF_RATE, STENDBY_TIME, EMPL_ID) VALUES (676, '2013-07-27', 421, 276, 72, 503, 1, 6, 1318, 0.71, 767);
INSERT INTO WORKS_LIST (WL_ID, WORK_DATE, MASHINE_ID, DRIVER_ID, TARIF_ID, OBJECT_ID, MAIN_REC, MAIN_NUM, TARIF_RATE, STENDBY_TIME, EMPL_ID) VALUES (677, '2013-07-27', 453, 270, 75, 501, 1, 6, 1319, 0.16, 767);
INSERT INTO WORKS_LIST (WL_ID, WORK_DATE, MASHINE_ID, DRIVER_ID, TARIF_ID, OBJECT_ID, MAIN_REC, MAIN_NUM, TARIF_RATE, STENDBY_TIME, EMPL_ID) VALUES (678, '2013-07-31', 411, 210, 74, 507, 0, 9, 1313, 0.9, 1);
INSERT INTO WORKS_LIST (WL_ID, WORK_DATE, MASHINE_ID, DRIVER_ID, TARIF_ID, OBJECT_ID, MAIN_REC, MAIN_NUM, TARIF_RATE, STENDBY_TIME, EMPL_ID) VALUES (679, '2013-07-27', 426, 242, 74, 517, 1, 7, 1321, 0.94, 52);
INSERT INTO WORKS_LIST (WL_ID, WORK_DATE, MASHINE_ID, DRIVER_ID, TARIF_ID, OBJECT_ID, MAIN_REC, MAIN_NUM, TARIF_RATE, STENDBY_TIME, EMPL_ID) VALUES (680, '2013-08-07', 406, 307, 76, 515, 0, 1, 276, 0.81, 52);
INSERT INTO WORKS_LIST (WL_ID, WORK_DATE, MASHINE_ID, DRIVER_ID, TARIF_ID, OBJECT_ID, MAIN_REC, MAIN_NUM, TARIF_RATE, STENDBY_TIME, EMPL_ID) VALUES (681, '2013-09-05', 487, 242, 75, 502, 0, 6, 276, 0.98, 767);
INSERT INTO WORKS_LIST (WL_ID, WORK_DATE, MASHINE_ID, DRIVER_ID, TARIF_ID, OBJECT_ID, MAIN_REC, MAIN_NUM, TARIF_RATE, STENDBY_TIME, EMPL_ID) VALUES (682, '2013-07-13', 475, 279, 72, 510, 0, 8, 2973, 0.86, 52);
INSERT INTO WORKS_LIST (WL_ID, WORK_DATE, MASHINE_ID, DRIVER_ID, TARIF_ID, OBJECT_ID, MAIN_REC, MAIN_NUM, TARIF_RATE, STENDBY_TIME, EMPL_ID) VALUES (683, '2013-08-15', 433, 286, 81, 490, 1, 6, 1307, 0.77, 146);
INSERT INTO WORKS_LIST (WL_ID, WORK_DATE, MASHINE_ID, DRIVER_ID, TARIF_ID, OBJECT_ID, MAIN_REC, MAIN_NUM, TARIF_RATE, STENDBY_TIME, EMPL_ID) VALUES (684, '2013-07-20', 414, 290, 82, 493, 0, 1, 181, 0.63, 146);
INSERT INTO WORKS_LIST (WL_ID, WORK_DATE, MASHINE_ID, DRIVER_ID, TARIF_ID, OBJECT_ID, MAIN_REC, MAIN_NUM, TARIF_RATE, STENDBY_TIME, EMPL_ID) VALUES (685, '2013-08-19', 401, 301, -1, 502, 0, 1, 1307, 0.56, 52);
INSERT INTO WORKS_LIST (WL_ID, WORK_DATE, MASHINE_ID, DRIVER_ID, TARIF_ID, OBJECT_ID, MAIN_REC, MAIN_NUM, TARIF_RATE, STENDBY_TIME, EMPL_ID) VALUES (686, '2013-09-02', 475, 265, 82, 513, 1, 3, 1314, 0.25, 146);
INSERT INTO WORKS_LIST (WL_ID, WORK_DATE, MASHINE_ID, DRIVER_ID, TARIF_ID, OBJECT_ID, MAIN_REC, MAIN_NUM, TARIF_RATE, STENDBY_TIME, EMPL_ID) VALUES (687, '2013-08-27', 429, 256, 76, 515, 0, 2, 1319, 0.53, 1);
INSERT INTO WORKS_LIST (WL_ID, WORK_DATE, MASHINE_ID, DRIVER_ID, TARIF_ID, OBJECT_ID, MAIN_REC, MAIN_NUM, TARIF_RATE, STENDBY_TIME, EMPL_ID) VALUES (688, '2013-08-09', 439, 279, 81, 513, 1, 8, 275, 0.24, 767);
INSERT INTO WORKS_LIST (WL_ID, WORK_DATE, MASHINE_ID, DRIVER_ID, TARIF_ID, OBJECT_ID, MAIN_REC, MAIN_NUM, TARIF_RATE, STENDBY_TIME, EMPL_ID) VALUES (689, '2013-09-05', 433, 307, 79, 508, 1, 5, 1318, 0.05, 146);
INSERT INTO WORKS_LIST (WL_ID, WORK_DATE, MASHINE_ID, DRIVER_ID, TARIF_ID, OBJECT_ID, MAIN_REC, MAIN_NUM, TARIF_RATE, STENDBY_TIME, EMPL_ID) VALUES (690, '2013-08-10', 481, 254, 74, 504, 1, 10, 1321, 0.56, 52);
INSERT INTO WORKS_LIST (WL_ID, WORK_DATE, MASHINE_ID, DRIVER_ID, TARIF_ID, OBJECT_ID, MAIN_REC, MAIN_NUM, TARIF_RATE, STENDBY_TIME, EMPL_ID) VALUES (691, '2013-08-17', 485, 245, 75, 508, 0, 4, 276, 0.47, 1);
INSERT INTO WORKS_LIST (WL_ID, WORK_DATE, MASHINE_ID, DRIVER_ID, TARIF_ID, OBJECT_ID, MAIN_REC, MAIN_NUM, TARIF_RATE, STENDBY_TIME, EMPL_ID) VALUES (692, '2013-07-22', 424, 245, 82, 498, 1, 4, 2972, 0.18, 146);
INSERT INTO WORKS_LIST (WL_ID, WORK_DATE, MASHINE_ID, DRIVER_ID, TARIF_ID, OBJECT_ID, MAIN_REC, MAIN_NUM, TARIF_RATE, STENDBY_TIME, EMPL_ID) VALUES (693, '2013-09-05', 470, 221, 81, 505, 1, 9, 1318, 0.35, 767);
INSERT INTO WORKS_LIST (WL_ID, WORK_DATE, MASHINE_ID, DRIVER_ID, TARIF_ID, OBJECT_ID, MAIN_REC, MAIN_NUM, TARIF_RATE, STENDBY_TIME, EMPL_ID) VALUES (694, '2013-08-26', 444, 209, 80, 509, 0, 1, 1352, 0.61, 52);
INSERT INTO WORKS_LIST (WL_ID, WORK_DATE, MASHINE_ID, DRIVER_ID, TARIF_ID, OBJECT_ID, MAIN_REC, MAIN_NUM, TARIF_RATE, STENDBY_TIME, EMPL_ID) VALUES (695, '2013-09-09', 420, 303, 72, 516, 0, 10, 1319, 0.2, 767);
INSERT INTO WORKS_LIST (WL_ID, WORK_DATE, MASHINE_ID, DRIVER_ID, TARIF_ID, OBJECT_ID, MAIN_REC, MAIN_NUM, TARIF_RATE, STENDBY_TIME, EMPL_ID) VALUES (696, '2013-08-16', 435, 277, 78, 494, 1, 4, 179, 0.9, 1);
INSERT INTO WORKS_LIST (WL_ID, WORK_DATE, MASHINE_ID, DRIVER_ID, TARIF_ID, OBJECT_ID, MAIN_REC, MAIN_NUM, TARIF_RATE, STENDBY_TIME, EMPL_ID) VALUES (697, '2013-08-23', 429, 258, 81, 517, 1, 5, 1314, 0.89, 767);
INSERT INTO WORKS_LIST (WL_ID, WORK_DATE, MASHINE_ID, DRIVER_ID, TARIF_ID, OBJECT_ID, MAIN_REC, MAIN_NUM, TARIF_RATE, STENDBY_TIME, EMPL_ID) VALUES (698, '2013-07-14', 463, 289, 80, 496, 1, 5, 1299, 0.18, 146);
INSERT INTO WORKS_LIST (WL_ID, WORK_DATE, MASHINE_ID, DRIVER_ID, TARIF_ID, OBJECT_ID, MAIN_REC, MAIN_NUM, TARIF_RATE, STENDBY_TIME, EMPL_ID) VALUES (699, '2013-07-26', 423, 297, 78, 519, 0, 5, 1299, 0.36, 146);
INSERT INTO WORKS_LIST (WL_ID, WORK_DATE, MASHINE_ID, DRIVER_ID, TARIF_ID, OBJECT_ID, MAIN_REC, MAIN_NUM, TARIF_RATE, STENDBY_TIME, EMPL_ID) VALUES (700, '2013-08-18', 440, 220, 77, 515, 1, 10, 1321, 0.88, 1);
INSERT INTO WORKS_LIST (WL_ID, WORK_DATE, MASHINE_ID, DRIVER_ID, TARIF_ID, OBJECT_ID, MAIN_REC, MAIN_NUM, TARIF_RATE, STENDBY_TIME, EMPL_ID) VALUES (701, '2013-08-19', 427, 250, 72, 491, 1, 1, 1318, 0.55, 146);
INSERT INTO WORKS_LIST (WL_ID, WORK_DATE, MASHINE_ID, DRIVER_ID, TARIF_ID, OBJECT_ID, MAIN_REC, MAIN_NUM, TARIF_RATE, STENDBY_TIME, EMPL_ID) VALUES (702, '2013-07-21', 441, 249, -1, 508, 0, 5, 1321, 0.04, 1);
INSERT INTO WORKS_LIST (WL_ID, WORK_DATE, MASHINE_ID, DRIVER_ID, TARIF_ID, OBJECT_ID, MAIN_REC, MAIN_NUM, TARIF_RATE, STENDBY_TIME, EMPL_ID) VALUES (703, '2013-07-31', 465, 214, 79, 506, 1, 5, 1376, 0.27, 52);
INSERT INTO WORKS_LIST (WL_ID, WORK_DATE, MASHINE_ID, DRIVER_ID, TARIF_ID, OBJECT_ID, MAIN_REC, MAIN_NUM, TARIF_RATE, STENDBY_TIME, EMPL_ID) VALUES (704, '2013-07-30', 423, 270, 72, 504, 1, 4, 1299, 0.31, 52);
INSERT INTO WORKS_LIST (WL_ID, WORK_DATE, MASHINE_ID, DRIVER_ID, TARIF_ID, OBJECT_ID, MAIN_REC, MAIN_NUM, TARIF_RATE, STENDBY_TIME, EMPL_ID) VALUES (705, '2013-07-30', 484, 247, 77, 500, 1, 9, 1376, 0.68, 1);
INSERT INTO WORKS_LIST (WL_ID, WORK_DATE, MASHINE_ID, DRIVER_ID, TARIF_ID, OBJECT_ID, MAIN_REC, MAIN_NUM, TARIF_RATE, STENDBY_TIME, EMPL_ID) VALUES (706, '2013-07-26', 436, 257, 79, 498, 1, 6, 1321, 0.71, 767);
INSERT INTO WORKS_LIST (WL_ID, WORK_DATE, MASHINE_ID, DRIVER_ID, TARIF_ID, OBJECT_ID, MAIN_REC, MAIN_NUM, TARIF_RATE, STENDBY_TIME, EMPL_ID) VALUES (707, '2013-08-21', 443, 270, 80, 512, 0, 5, 1321, 0.68, 146);
INSERT INTO WORKS_LIST (WL_ID, WORK_DATE, MASHINE_ID, DRIVER_ID, TARIF_ID, OBJECT_ID, MAIN_REC, MAIN_NUM, TARIF_RATE, STENDBY_TIME, EMPL_ID) VALUES (708, '2013-07-30', 413, 253, -1, 498, 1, 9, 160, 0.22, 146);
INSERT INTO WORKS_LIST (WL_ID, WORK_DATE, MASHINE_ID, DRIVER_ID, TARIF_ID, OBJECT_ID, MAIN_REC, MAIN_NUM, TARIF_RATE, STENDBY_TIME, EMPL_ID) VALUES (709, '2013-08-12', 461, 245, 80, 495, 0, 8, 276, 0.1, 1);
INSERT INTO WORKS_LIST (WL_ID, WORK_DATE, MASHINE_ID, DRIVER_ID, TARIF_ID, OBJECT_ID, MAIN_REC, MAIN_NUM, TARIF_RATE, STENDBY_TIME, EMPL_ID) VALUES (710, '2013-08-06', 432, 260, 74, 509, 0, 8, 1298, 0.62, 767);
INSERT INTO WORKS_LIST (WL_ID, WORK_DATE, MASHINE_ID, DRIVER_ID, TARIF_ID, OBJECT_ID, MAIN_REC, MAIN_NUM, TARIF_RATE, STENDBY_TIME, EMPL_ID) VALUES (711, '2013-07-24', 425, 243, 77, 499, 0, 3, 2972, 0.66, 146);
INSERT INTO WORKS_LIST (WL_ID, WORK_DATE, MASHINE_ID, DRIVER_ID, TARIF_ID, OBJECT_ID, MAIN_REC, MAIN_NUM, TARIF_RATE, STENDBY_TIME, EMPL_ID) VALUES (712, '2013-07-28', 442, 291, 74, 519, 1, 8, 1370, 0.32, 1);
INSERT INTO WORKS_LIST (WL_ID, WORK_DATE, MASHINE_ID, DRIVER_ID, TARIF_ID, OBJECT_ID, MAIN_REC, MAIN_NUM, TARIF_RATE, STENDBY_TIME, EMPL_ID) VALUES (713, '2013-09-04', 437, 267, 77, 496, 1, 8, 1297, 0.2, 52);
INSERT INTO WORKS_LIST (WL_ID, WORK_DATE, MASHINE_ID, DRIVER_ID, TARIF_ID, OBJECT_ID, MAIN_REC, MAIN_NUM, TARIF_RATE, STENDBY_TIME, EMPL_ID) VALUES (714, '2013-07-21', 435, 208, 82, 499, 0, 6, 182, 0.99, 146);
INSERT INTO WORKS_LIST (WL_ID, WORK_DATE, MASHINE_ID, DRIVER_ID, TARIF_ID, OBJECT_ID, MAIN_REC, MAIN_NUM, TARIF_RATE, STENDBY_TIME, EMPL_ID) VALUES (715, '2013-08-19', 467, 263, 74, 504, 0, 1, 277, 0.39, 767);
INSERT INTO WORKS_LIST (WL_ID, WORK_DATE, MASHINE_ID, DRIVER_ID, TARIF_ID, OBJECT_ID, MAIN_REC, MAIN_NUM, TARIF_RATE, STENDBY_TIME, EMPL_ID) VALUES (716, '2013-09-04', 430, 237, -1, 490, 0, 6, 1299, 0.32, 1);
INSERT INTO WORKS_LIST (WL_ID, WORK_DATE, MASHINE_ID, DRIVER_ID, TARIF_ID, OBJECT_ID, MAIN_REC, MAIN_NUM, TARIF_RATE, STENDBY_TIME, EMPL_ID) VALUES (717, '2013-08-09', 414, 240, -1, 516, 1, 10, 1277, 0.11, 767);
INSERT INTO WORKS_LIST (WL_ID, WORK_DATE, MASHINE_ID, DRIVER_ID, TARIF_ID, OBJECT_ID, MAIN_REC, MAIN_NUM, TARIF_RATE, STENDBY_TIME, EMPL_ID) VALUES (718, '2013-08-18', 422, 235, 79, 511, 1, 1, 1373, 0.14, 1);
INSERT INTO WORKS_LIST (WL_ID, WORK_DATE, MASHINE_ID, DRIVER_ID, TARIF_ID, OBJECT_ID, MAIN_REC, MAIN_NUM, TARIF_RATE, STENDBY_TIME, EMPL_ID) VALUES (719, '2013-07-21', 480, 241, 76, 508, 1, 1, 180, 0.16, 146);
INSERT INTO WORKS_LIST (WL_ID, WORK_DATE, MASHINE_ID, DRIVER_ID, TARIF_ID, OBJECT_ID, MAIN_REC, MAIN_NUM, TARIF_RATE, STENDBY_TIME, EMPL_ID) VALUES (720, '2013-09-03', 475, 210, 74, 496, 1, 8, 160, 0.79, 767);
INSERT INTO WORKS_LIST (WL_ID, WORK_DATE, MASHINE_ID, DRIVER_ID, TARIF_ID, OBJECT_ID, MAIN_REC, MAIN_NUM, TARIF_RATE, STENDBY_TIME, EMPL_ID) VALUES (721, '2013-08-30', 436, 232, 81, 495, 0, 2, 2973, 0.94, 767);
INSERT INTO WORKS_LIST (WL_ID, WORK_DATE, MASHINE_ID, DRIVER_ID, TARIF_ID, OBJECT_ID, MAIN_REC, MAIN_NUM, TARIF_RATE, STENDBY_TIME, EMPL_ID) VALUES (722, '2013-08-23', 451, 214, 75, 511, 0, 1, 1319, 0.43, 767);
INSERT INTO WORKS_LIST (WL_ID, WORK_DATE, MASHINE_ID, DRIVER_ID, TARIF_ID, OBJECT_ID, MAIN_REC, MAIN_NUM, TARIF_RATE, STENDBY_TIME, EMPL_ID) VALUES (723, '2013-08-02', 445, 272, 79, 511, 0, 7, 181, 0.36, 1);
INSERT INTO WORKS_LIST (WL_ID, WORK_DATE, MASHINE_ID, DRIVER_ID, TARIF_ID, OBJECT_ID, MAIN_REC, MAIN_NUM, TARIF_RATE, STENDBY_TIME, EMPL_ID) VALUES (724, '2013-08-14', 413, 210, 72, 517, 1, 1, 180, 0.67, 52);
INSERT INTO WORKS_LIST (WL_ID, WORK_DATE, MASHINE_ID, DRIVER_ID, TARIF_ID, OBJECT_ID, MAIN_REC, MAIN_NUM, TARIF_RATE, STENDBY_TIME, EMPL_ID) VALUES (725, '2013-08-07', 411, 303, 82, 518, 0, 10, 1298, 0.03, 767);
INSERT INTO WORKS_LIST (WL_ID, WORK_DATE, MASHINE_ID, DRIVER_ID, TARIF_ID, OBJECT_ID, MAIN_REC, MAIN_NUM, TARIF_RATE, STENDBY_TIME, EMPL_ID) VALUES (726, '2013-09-06', 457, 232, 75, 494, 0, 3, 1371, 0.77, 52);
INSERT INTO WORKS_LIST (WL_ID, WORK_DATE, MASHINE_ID, DRIVER_ID, TARIF_ID, OBJECT_ID, MAIN_REC, MAIN_NUM, TARIF_RATE, STENDBY_TIME, EMPL_ID) VALUES (727, '2013-08-16', 468, 252, 81, 512, 0, 2, 276, 0.54, 1);
INSERT INTO WORKS_LIST (WL_ID, WORK_DATE, MASHINE_ID, DRIVER_ID, TARIF_ID, OBJECT_ID, MAIN_REC, MAIN_NUM, TARIF_RATE, STENDBY_TIME, EMPL_ID) VALUES (728, '2013-08-15', 460, 276, 72, 497, 1, 9, 1277, 0.25, 146);
INSERT INTO WORKS_LIST (WL_ID, WORK_DATE, MASHINE_ID, DRIVER_ID, TARIF_ID, OBJECT_ID, MAIN_REC, MAIN_NUM, TARIF_RATE, STENDBY_TIME, EMPL_ID) VALUES (729, '2013-08-07', 480, 298, 79, 494, 1, 9, 2972, 0.34, 1);
INSERT INTO WORKS_LIST (WL_ID, WORK_DATE, MASHINE_ID, DRIVER_ID, TARIF_ID, OBJECT_ID, MAIN_REC, MAIN_NUM, TARIF_RATE, STENDBY_TIME, EMPL_ID) VALUES (730, '2013-07-22', 452, 288, 79, 518, 0, 1, 180, 0.65, 146);
INSERT INTO WORKS_LIST (WL_ID, WORK_DATE, MASHINE_ID, DRIVER_ID, TARIF_ID, OBJECT_ID, MAIN_REC, MAIN_NUM, TARIF_RATE, STENDBY_TIME, EMPL_ID) VALUES (731, '2013-08-08', 425, 246, 78, 511, 1, 7, 1297, 0.57, 52);
INSERT INTO WORKS_LIST (WL_ID, WORK_DATE, MASHINE_ID, DRIVER_ID, TARIF_ID, OBJECT_ID, MAIN_REC, MAIN_NUM, TARIF_RATE, STENDBY_TIME, EMPL_ID) VALUES (732, '2013-07-22', 448, 270, 79, 512, 1, 2, 2973, 0.78, 52);
INSERT INTO WORKS_LIST (WL_ID, WORK_DATE, MASHINE_ID, DRIVER_ID, TARIF_ID, OBJECT_ID, MAIN_REC, MAIN_NUM, TARIF_RATE, STENDBY_TIME, EMPL_ID) VALUES (733, '2013-08-09', 426, 267, 77, 514, 1, 3, 1297, 0.83, 1);
INSERT INTO WORKS_LIST (WL_ID, WORK_DATE, MASHINE_ID, DRIVER_ID, TARIF_ID, OBJECT_ID, MAIN_REC, MAIN_NUM, TARIF_RATE, STENDBY_TIME, EMPL_ID) VALUES (734, '2013-07-17', 407, 304, 79, 495, 0, 2, 1279, 0.77, 1);
INSERT INTO WORKS_LIST (WL_ID, WORK_DATE, MASHINE_ID, DRIVER_ID, TARIF_ID, OBJECT_ID, MAIN_REC, MAIN_NUM, TARIF_RATE, STENDBY_TIME, EMPL_ID) VALUES (735, '2013-08-30', 430, 245, 79, 512, 1, 5, 1280, 0.78, 146);
INSERT INTO WORKS_LIST (WL_ID, WORK_DATE, MASHINE_ID, DRIVER_ID, TARIF_ID, OBJECT_ID, MAIN_REC, MAIN_NUM, TARIF_RATE, STENDBY_TIME, EMPL_ID) VALUES (736, '2013-08-02', 479, 240, 77, 500, 1, 8, 277, 0.61, 767);
INSERT INTO WORKS_LIST (WL_ID, WORK_DATE, MASHINE_ID, DRIVER_ID, TARIF_ID, OBJECT_ID, MAIN_REC, MAIN_NUM, TARIF_RATE, STENDBY_TIME, EMPL_ID) VALUES (737, '2013-07-20', 484, 214, 82, 493, 0, 1, 1277, 0.95, 52);
INSERT INTO WORKS_LIST (WL_ID, WORK_DATE, MASHINE_ID, DRIVER_ID, TARIF_ID, OBJECT_ID, MAIN_REC, MAIN_NUM, TARIF_RATE, STENDBY_TIME, EMPL_ID) VALUES (738, '2013-08-15', 475, 247, 81, 491, 0, 9, 1318, 0.2, 1);
INSERT INTO WORKS_LIST (WL_ID, WORK_DATE, MASHINE_ID, DRIVER_ID, TARIF_ID, OBJECT_ID, MAIN_REC, MAIN_NUM, TARIF_RATE, STENDBY_TIME, EMPL_ID) VALUES (739, '2013-09-05', 429, 214, 229, 509, 1, 2, 1371, 0.27, 1);
INSERT INTO WORKS_LIST (WL_ID, WORK_DATE, MASHINE_ID, DRIVER_ID, TARIF_ID, OBJECT_ID, MAIN_REC, MAIN_NUM, TARIF_RATE, STENDBY_TIME, EMPL_ID) VALUES (740, '2013-09-04', 401, 231, -1, 506, 1, 6, 1319, 0.89, 1);
INSERT INTO WORKS_LIST (WL_ID, WORK_DATE, MASHINE_ID, DRIVER_ID, TARIF_ID, OBJECT_ID, MAIN_REC, MAIN_NUM, TARIF_RATE, STENDBY_TIME, EMPL_ID) VALUES (741, '2013-08-12', 417, 290, 229, 509, 1, 10, 1319, 0.18, 146);
INSERT INTO WORKS_LIST (WL_ID, WORK_DATE, MASHINE_ID, DRIVER_ID, TARIF_ID, OBJECT_ID, MAIN_REC, MAIN_NUM, TARIF_RATE, STENDBY_TIME, EMPL_ID) VALUES (742, '2013-08-29', 461, 265, 78, 499, 1, 8, 277, 0.15, 146);
INSERT INTO WORKS_LIST (WL_ID, WORK_DATE, MASHINE_ID, DRIVER_ID, TARIF_ID, OBJECT_ID, MAIN_REC, MAIN_NUM, TARIF_RATE, STENDBY_TIME, EMPL_ID) VALUES (743, '2013-09-10', 413, 236, 74, 506, 1, 7, 1277, 0.22, 146);
INSERT INTO WORKS_LIST (WL_ID, WORK_DATE, MASHINE_ID, DRIVER_ID, TARIF_ID, OBJECT_ID, MAIN_REC, MAIN_NUM, TARIF_RATE, STENDBY_TIME, EMPL_ID) VALUES (744, '2013-07-23', 430, 308, 82, 495, 1, 9, 1319, 0.85, 52);
INSERT INTO WORKS_LIST (WL_ID, WORK_DATE, MASHINE_ID, DRIVER_ID, TARIF_ID, OBJECT_ID, MAIN_REC, MAIN_NUM, TARIF_RATE, STENDBY_TIME, EMPL_ID) VALUES (745, '2013-07-25', 419, 279, 80, 497, 0, 4, 1370, 0.62, 767);
INSERT INTO WORKS_LIST (WL_ID, WORK_DATE, MASHINE_ID, DRIVER_ID, TARIF_ID, OBJECT_ID, MAIN_REC, MAIN_NUM, TARIF_RATE, STENDBY_TIME, EMPL_ID) VALUES (746, '2013-07-23', 473, 256, 76, 492, 1, 1, 1319, 0.24, 146);
INSERT INTO WORKS_LIST (WL_ID, WORK_DATE, MASHINE_ID, DRIVER_ID, TARIF_ID, OBJECT_ID, MAIN_REC, MAIN_NUM, TARIF_RATE, STENDBY_TIME, EMPL_ID) VALUES (747, '2013-07-15', 440, 263, 79, 499, 1, 7, 1371, 0.23, 52);
INSERT INTO WORKS_LIST (WL_ID, WORK_DATE, MASHINE_ID, DRIVER_ID, TARIF_ID, OBJECT_ID, MAIN_REC, MAIN_NUM, TARIF_RATE, STENDBY_TIME, EMPL_ID) VALUES (748, '2013-08-20', 431, 249, 74, 492, 1, 4, 1371, 0.64, 146);
INSERT INTO WORKS_LIST (WL_ID, WORK_DATE, MASHINE_ID, DRIVER_ID, TARIF_ID, OBJECT_ID, MAIN_REC, MAIN_NUM, TARIF_RATE, STENDBY_TIME, EMPL_ID) VALUES (749, '2013-08-10', 462, 274, 81, 492, 1, 8, 1370, 0.67, 146);
INSERT INTO WORKS_LIST (WL_ID, WORK_DATE, MASHINE_ID, DRIVER_ID, TARIF_ID, OBJECT_ID, MAIN_REC, MAIN_NUM, TARIF_RATE, STENDBY_TIME, EMPL_ID) VALUES (750, '2013-07-23', 400, 305, 74, 513, 1, 5, 1297, 0.4, 767);
INSERT INTO WORKS_LIST (WL_ID, WORK_DATE, MASHINE_ID, DRIVER_ID, TARIF_ID, OBJECT_ID, MAIN_REC, MAIN_NUM, TARIF_RATE, STENDBY_TIME, EMPL_ID) VALUES (751, '2013-07-15', 447, 256, 72, 509, 0, 8, 277, 0.8, 146);
INSERT INTO WORKS_LIST (WL_ID, WORK_DATE, MASHINE_ID, DRIVER_ID, TARIF_ID, OBJECT_ID, MAIN_REC, MAIN_NUM, TARIF_RATE, STENDBY_TIME, EMPL_ID) VALUES (752, '2013-08-07', 470, 209, 77, 504, 1, 3, 1319, 0.7, 767);
INSERT INTO WORKS_LIST (WL_ID, WORK_DATE, MASHINE_ID, DRIVER_ID, TARIF_ID, OBJECT_ID, MAIN_REC, MAIN_NUM, TARIF_RATE, STENDBY_TIME, EMPL_ID) VALUES (753, '2013-09-02', 452, 246, 77, 513, 1, 7, 277, 0.71, 52);
INSERT INTO WORKS_LIST (WL_ID, WORK_DATE, MASHINE_ID, DRIVER_ID, TARIF_ID, OBJECT_ID, MAIN_REC, MAIN_NUM, TARIF_RATE, STENDBY_TIME, EMPL_ID) VALUES (754, '2013-09-02', 423, 289, 76, 505, 0, 6, 1314, 0.24, 767);
INSERT INTO WORKS_LIST (WL_ID, WORK_DATE, MASHINE_ID, DRIVER_ID, TARIF_ID, OBJECT_ID, MAIN_REC, MAIN_NUM, TARIF_RATE, STENDBY_TIME, EMPL_ID) VALUES (755, '2013-08-02', 452, 231, 82, 495, 0, 1, 1299, 0.84, 1);
INSERT INTO WORKS_LIST (WL_ID, WORK_DATE, MASHINE_ID, DRIVER_ID, TARIF_ID, OBJECT_ID, MAIN_REC, MAIN_NUM, TARIF_RATE, STENDBY_TIME, EMPL_ID) VALUES (756, '2013-08-05', 485, 307, -1, 499, 0, 10, 1298, 0.76, 52);
INSERT INTO WORKS_LIST (WL_ID, WORK_DATE, MASHINE_ID, DRIVER_ID, TARIF_ID, OBJECT_ID, MAIN_REC, MAIN_NUM, TARIF_RATE, STENDBY_TIME, EMPL_ID) VALUES (757, '2013-07-16', 422, 235, 72, 499, 1, 8, 1370, 0.96, 1);
INSERT INTO WORKS_LIST (WL_ID, WORK_DATE, MASHINE_ID, DRIVER_ID, TARIF_ID, OBJECT_ID, MAIN_REC, MAIN_NUM, TARIF_RATE, STENDBY_TIME, EMPL_ID) VALUES (758, '2013-07-29', 465, 271, 77, 517, 1, 1, 276, 0.12, 52);
INSERT INTO WORKS_LIST (WL_ID, WORK_DATE, MASHINE_ID, DRIVER_ID, TARIF_ID, OBJECT_ID, MAIN_REC, MAIN_NUM, TARIF_RATE, STENDBY_TIME, EMPL_ID) VALUES (759, '2013-08-15', 447, 295, 80, 496, 0, 6, 1308, 0.2, 52);
INSERT INTO WORKS_LIST (WL_ID, WORK_DATE, MASHINE_ID, DRIVER_ID, TARIF_ID, OBJECT_ID, MAIN_REC, MAIN_NUM, TARIF_RATE, STENDBY_TIME, EMPL_ID) VALUES (760, '2013-08-02', 445, 307, 80, 499, 1, 3, 1298, 0.33, 1);
INSERT INTO WORKS_LIST (WL_ID, WORK_DATE, MASHINE_ID, DRIVER_ID, TARIF_ID, OBJECT_ID, MAIN_REC, MAIN_NUM, TARIF_RATE, STENDBY_TIME, EMPL_ID) VALUES (761, '2013-07-18', 431, 209, 82, 514, 0, 9, 182, 0.25, 1);
INSERT INTO WORKS_LIST (WL_ID, WORK_DATE, MASHINE_ID, DRIVER_ID, TARIF_ID, OBJECT_ID, MAIN_REC, MAIN_NUM, TARIF_RATE, STENDBY_TIME, EMPL_ID) VALUES (762, '2013-08-19', 417, 307, 72, 513, 0, 10, 2973, 0.63, 767);
INSERT INTO WORKS_LIST (WL_ID, WORK_DATE, MASHINE_ID, DRIVER_ID, TARIF_ID, OBJECT_ID, MAIN_REC, MAIN_NUM, TARIF_RATE, STENDBY_TIME, EMPL_ID) VALUES (763, '2013-08-12', 451, 294, 74, 499, 0, 6, 1376, 0.36, 767);
INSERT INTO WORKS_LIST (WL_ID, WORK_DATE, MASHINE_ID, DRIVER_ID, TARIF_ID, OBJECT_ID, MAIN_REC, MAIN_NUM, TARIF_RATE, STENDBY_TIME, EMPL_ID) VALUES (764, '2013-08-24', 422, 301, 79, 515, 1, 3, 1279, 0.77, 1);
INSERT INTO WORKS_LIST (WL_ID, WORK_DATE, MASHINE_ID, DRIVER_ID, TARIF_ID, OBJECT_ID, MAIN_REC, MAIN_NUM, TARIF_RATE, STENDBY_TIME, EMPL_ID) VALUES (765, '2013-08-28', 463, 229, 229, 519, 1, 5, 276, 0.99, 767);
INSERT INTO WORKS_LIST (WL_ID, WORK_DATE, MASHINE_ID, DRIVER_ID, TARIF_ID, OBJECT_ID, MAIN_REC, MAIN_NUM, TARIF_RATE, STENDBY_TIME, EMPL_ID) VALUES (766, '2013-08-03', 423, 263, 76, 511, 1, NULL, 2972, 0.77, 52);
INSERT INTO WORKS_LIST (WL_ID, WORK_DATE, MASHINE_ID, DRIVER_ID, TARIF_ID, OBJECT_ID, MAIN_REC, MAIN_NUM, TARIF_RATE, STENDBY_TIME, EMPL_ID) VALUES (767, '2013-07-22', 467, 231, -1, 517, 1, NULL, 275, 0.46, 1);
INSERT INTO WORKS_LIST (WL_ID, WORK_DATE, MASHINE_ID, DRIVER_ID, TARIF_ID, OBJECT_ID, MAIN_REC, MAIN_NUM, TARIF_RATE, STENDBY_TIME, EMPL_ID) VALUES (768, '2013-08-31', 444, 250, 229, 503, 0, NULL, 1321, 0.1, 146);
INSERT INTO WORKS_LIST (WL_ID, WORK_DATE, MASHINE_ID, DRIVER_ID, TARIF_ID, OBJECT_ID, MAIN_REC, MAIN_NUM, TARIF_RATE, STENDBY_TIME, EMPL_ID) VALUES (769, '2013-07-13', 441, 295, 79, 494, 0, NULL, 275, 0.52, 52);
INSERT INTO WORKS_LIST (WL_ID, WORK_DATE, MASHINE_ID, DRIVER_ID, TARIF_ID, OBJECT_ID, MAIN_REC, MAIN_NUM, TARIF_RATE, STENDBY_TIME, EMPL_ID) VALUES (770, '2013-08-19', 417, 247, 82, 518, 0, NULL, 1299, 0.38, 146);
INSERT INTO WORKS_LIST (WL_ID, WORK_DATE, MASHINE_ID, DRIVER_ID, TARIF_ID, OBJECT_ID, MAIN_REC, MAIN_NUM, TARIF_RATE, STENDBY_TIME, EMPL_ID) VALUES (771, '2013-08-31', 473, 265, 80, 510, 0, NULL, 1371, 0.8, 1);
INSERT INTO WORKS_LIST (WL_ID, WORK_DATE, MASHINE_ID, DRIVER_ID, TARIF_ID, OBJECT_ID, MAIN_REC, MAIN_NUM, TARIF_RATE, STENDBY_TIME, EMPL_ID) VALUES (772, '2013-08-02', 417, 305, 75, 506, 0, NULL, 275, 0.43, 52);
INSERT INTO WORKS_LIST (WL_ID, WORK_DATE, MASHINE_ID, DRIVER_ID, TARIF_ID, OBJECT_ID, MAIN_REC, MAIN_NUM, TARIF_RATE, STENDBY_TIME, EMPL_ID) VALUES (773, '2013-09-08', 424, 231, 78, 510, 1, NULL, 1372, 0.83, 767);
INSERT INTO WORKS_LIST (WL_ID, WORK_DATE, MASHINE_ID, DRIVER_ID, TARIF_ID, OBJECT_ID, MAIN_REC, MAIN_NUM, TARIF_RATE, STENDBY_TIME, EMPL_ID) VALUES (774, '2013-09-06', 406, 225, 72, 509, 0, NULL, 1280, 0.38, 146);
INSERT INTO WORKS_LIST (WL_ID, WORK_DATE, MASHINE_ID, DRIVER_ID, TARIF_ID, OBJECT_ID, MAIN_REC, MAIN_NUM, TARIF_RATE, STENDBY_TIME, EMPL_ID) VALUES (775, '2013-08-04', 423, 240, 76, 510, 0, NULL, 182, 0.77, 52);
INSERT INTO WORKS_LIST (WL_ID, WORK_DATE, MASHINE_ID, DRIVER_ID, TARIF_ID, OBJECT_ID, MAIN_REC, MAIN_NUM, TARIF_RATE, STENDBY_TIME, EMPL_ID) VALUES (776, '2013-08-14', 443, 243, -1, 491, 0, NULL, 2973, 0.15, 146);
INSERT INTO WORKS_LIST (WL_ID, WORK_DATE, MASHINE_ID, DRIVER_ID, TARIF_ID, OBJECT_ID, MAIN_REC, MAIN_NUM, TARIF_RATE, STENDBY_TIME, EMPL_ID) VALUES (777, '2013-08-20', 479, 245, 77, 490, 1, NULL, 1280, 0.13, 767);
INSERT INTO WORKS_LIST (WL_ID, WORK_DATE, MASHINE_ID, DRIVER_ID, TARIF_ID, OBJECT_ID, MAIN_REC, MAIN_NUM, TARIF_RATE, STENDBY_TIME, EMPL_ID) VALUES (778, '2013-08-01', 469, 297, 77, 514, 0, NULL, 1298, 0.77, 146);
INSERT INTO WORKS_LIST (WL_ID, WORK_DATE, MASHINE_ID, DRIVER_ID, TARIF_ID, OBJECT_ID, MAIN_REC, MAIN_NUM, TARIF_RATE, STENDBY_TIME, EMPL_ID) VALUES (779, '2013-08-01', 467, 279, 77, 497, 0, NULL, 1321, 0.23, 146);
INSERT INTO WORKS_LIST (WL_ID, WORK_DATE, MASHINE_ID, DRIVER_ID, TARIF_ID, OBJECT_ID, MAIN_REC, MAIN_NUM, TARIF_RATE, STENDBY_TIME, EMPL_ID) VALUES (780, '2013-07-30', 441, 237, 76, 508, 1, NULL, 1314, 0.62, 52);
INSERT INTO WORKS_LIST (WL_ID, WORK_DATE, MASHINE_ID, DRIVER_ID, TARIF_ID, OBJECT_ID, MAIN_REC, MAIN_NUM, TARIF_RATE, STENDBY_TIME, EMPL_ID) VALUES (781, '2013-08-19', 448, 270, 80, 509, 1, NULL, 275, 0.28, 767);
INSERT INTO WORKS_LIST (WL_ID, WORK_DATE, MASHINE_ID, DRIVER_ID, TARIF_ID, OBJECT_ID, MAIN_REC, MAIN_NUM, TARIF_RATE, STENDBY_TIME, EMPL_ID) VALUES (782, '2013-08-22', 440, 235, 79, 513, 0, NULL, 179, 0.84, 52);
INSERT INTO WORKS_LIST (WL_ID, WORK_DATE, MASHINE_ID, DRIVER_ID, TARIF_ID, OBJECT_ID, MAIN_REC, MAIN_NUM, TARIF_RATE, STENDBY_TIME, EMPL_ID) VALUES (783, '2013-09-04', 418, 272, 78, 507, 1, NULL, 2972, 0.92, 1);
INSERT INTO WORKS_LIST (WL_ID, WORK_DATE, MASHINE_ID, DRIVER_ID, TARIF_ID, OBJECT_ID, MAIN_REC, MAIN_NUM, TARIF_RATE, STENDBY_TIME, EMPL_ID) VALUES (784, '2013-08-19', 430, 305, 74, 499, 1, NULL, 180, 0.31, 1);
INSERT INTO WORKS_LIST (WL_ID, WORK_DATE, MASHINE_ID, DRIVER_ID, TARIF_ID, OBJECT_ID, MAIN_REC, MAIN_NUM, TARIF_RATE, STENDBY_TIME, EMPL_ID) VALUES (785, '2013-09-05', 447, 247, 76, 516, 0, NULL, 1313, 0.68, 767);
INSERT INTO WORKS_LIST (WL_ID, WORK_DATE, MASHINE_ID, DRIVER_ID, TARIF_ID, OBJECT_ID, MAIN_REC, MAIN_NUM, TARIF_RATE, STENDBY_TIME, EMPL_ID) VALUES (786, '2013-07-24', 452, 228, 82, 491, 0, NULL, 2972, 0.5, 1);
INSERT INTO WORKS_LIST (WL_ID, WORK_DATE, MASHINE_ID, DRIVER_ID, TARIF_ID, OBJECT_ID, MAIN_REC, MAIN_NUM, TARIF_RATE, STENDBY_TIME, EMPL_ID) VALUES (787, '2013-07-26', 479, 220, 82, 507, 0, NULL, 1298, 0.66, 1);
INSERT INTO WORKS_LIST (WL_ID, WORK_DATE, MASHINE_ID, DRIVER_ID, TARIF_ID, OBJECT_ID, MAIN_REC, MAIN_NUM, TARIF_RATE, STENDBY_TIME, EMPL_ID) VALUES (788, '2013-07-30', 437, 257, 72, 502, 0, NULL, 1319, 0.2, 1);
INSERT INTO WORKS_LIST (WL_ID, WORK_DATE, MASHINE_ID, DRIVER_ID, TARIF_ID, OBJECT_ID, MAIN_REC, MAIN_NUM, TARIF_RATE, STENDBY_TIME, EMPL_ID) VALUES (789, '2013-09-04', 464, 226, 76, 503, 0, NULL, 1298, 0.67, 52);
INSERT INTO WORKS_LIST (WL_ID, WORK_DATE, MASHINE_ID, DRIVER_ID, TARIF_ID, OBJECT_ID, MAIN_REC, MAIN_NUM, TARIF_RATE, STENDBY_TIME, EMPL_ID) VALUES (790, '2013-08-14', 467, 243, 78, 502, 0, NULL, 179, 0.39, 1);
INSERT INTO WORKS_LIST (WL_ID, WORK_DATE, MASHINE_ID, DRIVER_ID, TARIF_ID, OBJECT_ID, MAIN_REC, MAIN_NUM, TARIF_RATE, STENDBY_TIME, EMPL_ID) VALUES (791, '2013-07-28', 479, 258, 77, 499, 0, NULL, 182, 0.77, 146);
INSERT INTO WORKS_LIST (WL_ID, WORK_DATE, MASHINE_ID, DRIVER_ID, TARIF_ID, OBJECT_ID, MAIN_REC, MAIN_NUM, TARIF_RATE, STENDBY_TIME, EMPL_ID) VALUES (792, '2013-08-19', 453, 302, -1, 496, 1, NULL, 1279, 0.13, 767);
INSERT INTO WORKS_LIST (WL_ID, WORK_DATE, MASHINE_ID, DRIVER_ID, TARIF_ID, OBJECT_ID, MAIN_REC, MAIN_NUM, TARIF_RATE, STENDBY_TIME, EMPL_ID) VALUES (793, '2013-07-19', 423, 244, 229, 507, 0, NULL, 1373, 0.47, 52);
INSERT INTO WORKS_LIST (WL_ID, WORK_DATE, MASHINE_ID, DRIVER_ID, TARIF_ID, OBJECT_ID, MAIN_REC, MAIN_NUM, TARIF_RATE, STENDBY_TIME, EMPL_ID) VALUES (794, '2013-09-08', 439, 246, 76, 513, 1, NULL, 1297, 0.73, 52);
INSERT INTO WORKS_LIST (WL_ID, WORK_DATE, MASHINE_ID, DRIVER_ID, TARIF_ID, OBJECT_ID, MAIN_REC, MAIN_NUM, TARIF_RATE, STENDBY_TIME, EMPL_ID) VALUES (795, '2013-08-26', 485, 226, 75, 500, 1, NULL, 1370, 0.21, 767);
INSERT INTO WORKS_LIST (WL_ID, WORK_DATE, MASHINE_ID, DRIVER_ID, TARIF_ID, OBJECT_ID, MAIN_REC, MAIN_NUM, TARIF_RATE, STENDBY_TIME, EMPL_ID) VALUES (796, '2013-07-31', 462, 287, 80, 516, 0, NULL, 1307, 0.81, 767);
INSERT INTO WORKS_LIST (WL_ID, WORK_DATE, MASHINE_ID, DRIVER_ID, TARIF_ID, OBJECT_ID, MAIN_REC, MAIN_NUM, TARIF_RATE, STENDBY_TIME, EMPL_ID) VALUES (797, '2013-07-13', 425, 256, 75, 505, 1, NULL, 1313, 0.2, 1);
INSERT INTO WORKS_LIST (WL_ID, WORK_DATE, MASHINE_ID, DRIVER_ID, TARIF_ID, OBJECT_ID, MAIN_REC, MAIN_NUM, TARIF_RATE, STENDBY_TIME, EMPL_ID) VALUES (798, '2013-09-10', 446, 298, 78, 513, 1, NULL, 180, 0.2, 1);
INSERT INTO WORKS_LIST (WL_ID, WORK_DATE, MASHINE_ID, DRIVER_ID, TARIF_ID, OBJECT_ID, MAIN_REC, MAIN_NUM, TARIF_RATE, STENDBY_TIME, EMPL_ID) VALUES (799, '2013-07-25', 430, 252, 77, 506, 1, NULL, 2973, 0.06, 52);
INSERT INTO WORKS_LIST (WL_ID, WORK_DATE, MASHINE_ID, DRIVER_ID, TARIF_ID, OBJECT_ID, MAIN_REC, MAIN_NUM, TARIF_RATE, STENDBY_TIME, EMPL_ID) VALUES (800, '2013-09-07', 487, 302, -1, 508, 1, NULL, 276, 0.22, 52);
INSERT INTO WORKS_LIST (WL_ID, WORK_DATE, MASHINE_ID, DRIVER_ID, TARIF_ID, OBJECT_ID, MAIN_REC, MAIN_NUM, TARIF_RATE, STENDBY_TIME, EMPL_ID) VALUES (801, '2013-08-03', 477, 260, 76, 503, 1, NULL, 1299, 0.82, 767);
INSERT INTO WORKS_LIST (WL_ID, WORK_DATE, MASHINE_ID, DRIVER_ID, TARIF_ID, OBJECT_ID, MAIN_REC, MAIN_NUM, TARIF_RATE, STENDBY_TIME, EMPL_ID) VALUES (802, '2013-09-02', 480, 288, -1, 519, 0, NULL, 1314, 0.26, 52);
INSERT INTO WORKS_LIST (WL_ID, WORK_DATE, MASHINE_ID, DRIVER_ID, TARIF_ID, OBJECT_ID, MAIN_REC, MAIN_NUM, TARIF_RATE, STENDBY_TIME, EMPL_ID) VALUES (803, '2013-07-25', 481, 214, 229, 500, 0, NULL, 1277, 0.19, 767);
INSERT INTO WORKS_LIST (WL_ID, WORK_DATE, MASHINE_ID, DRIVER_ID, TARIF_ID, OBJECT_ID, MAIN_REC, MAIN_NUM, TARIF_RATE, STENDBY_TIME, EMPL_ID) VALUES (804, '2013-07-29', 467, 247, 79, 514, 0, NULL, 1307, 0.66, 1);
INSERT INTO WORKS_LIST (WL_ID, WORK_DATE, MASHINE_ID, DRIVER_ID, TARIF_ID, OBJECT_ID, MAIN_REC, MAIN_NUM, TARIF_RATE, STENDBY_TIME, EMPL_ID) VALUES (805, '2013-08-28', 406, 292, 77, 491, 0, NULL, 2973, 0.01, 767);
INSERT INTO WORKS_LIST (WL_ID, WORK_DATE, MASHINE_ID, DRIVER_ID, TARIF_ID, OBJECT_ID, MAIN_REC, MAIN_NUM, TARIF_RATE, STENDBY_TIME, EMPL_ID) VALUES (806, '2013-08-13', 440, 251, 229, 490, 1, NULL, 1321, 0.78, 767);
INSERT INTO WORKS_LIST (WL_ID, WORK_DATE, MASHINE_ID, DRIVER_ID, TARIF_ID, OBJECT_ID, MAIN_REC, MAIN_NUM, TARIF_RATE, STENDBY_TIME, EMPL_ID) VALUES (807, '2013-09-05', 418, 223, 78, 502, 0, NULL, 2973, 0.52, 1);
INSERT INTO WORKS_LIST (WL_ID, WORK_DATE, MASHINE_ID, DRIVER_ID, TARIF_ID, OBJECT_ID, MAIN_REC, MAIN_NUM, TARIF_RATE, STENDBY_TIME, EMPL_ID) VALUES (808, '2013-08-15', 443, 253, -1, 496, 1, NULL, 1321, 0.68, 767);
INSERT INTO WORKS_LIST (WL_ID, WORK_DATE, MASHINE_ID, DRIVER_ID, TARIF_ID, OBJECT_ID, MAIN_REC, MAIN_NUM, TARIF_RATE, STENDBY_TIME, EMPL_ID) VALUES (809, '2013-08-24', 408, 296, 77, 501, 0, NULL, 276, 0.33, 52);
INSERT INTO WORKS_LIST (WL_ID, WORK_DATE, MASHINE_ID, DRIVER_ID, TARIF_ID, OBJECT_ID, MAIN_REC, MAIN_NUM, TARIF_RATE, STENDBY_TIME, EMPL_ID) VALUES (810, '2013-09-09', 414, 277, 82, 516, 1, NULL, 159, 0.74, 52);
INSERT INTO WORKS_LIST (WL_ID, WORK_DATE, MASHINE_ID, DRIVER_ID, TARIF_ID, OBJECT_ID, MAIN_REC, MAIN_NUM, TARIF_RATE, STENDBY_TIME, EMPL_ID) VALUES (811, '2013-09-04', 404, 224, -1, 495, 0, NULL, 181, 0, 52);
INSERT INTO WORKS_LIST (WL_ID, WORK_DATE, MASHINE_ID, DRIVER_ID, TARIF_ID, OBJECT_ID, MAIN_REC, MAIN_NUM, TARIF_RATE, STENDBY_TIME, EMPL_ID) VALUES (812, '2013-08-09', 435, 228, 76, 492, 1, NULL, 1280, 0.53, 146);
INSERT INTO WORKS_LIST (WL_ID, WORK_DATE, MASHINE_ID, DRIVER_ID, TARIF_ID, OBJECT_ID, MAIN_REC, MAIN_NUM, TARIF_RATE, STENDBY_TIME, EMPL_ID) VALUES (813, '2013-08-30', 443, 290, 77, 492, 0, NULL, 180, 0.12, 1);
INSERT INTO WORKS_LIST (WL_ID, WORK_DATE, MASHINE_ID, DRIVER_ID, TARIF_ID, OBJECT_ID, MAIN_REC, MAIN_NUM, TARIF_RATE, STENDBY_TIME, EMPL_ID) VALUES (814, '2013-08-04', 432, 249, 74, 513, 1, NULL, 1313, 0.51, 767);
INSERT INTO WORKS_LIST (WL_ID, WORK_DATE, MASHINE_ID, DRIVER_ID, TARIF_ID, OBJECT_ID, MAIN_REC, MAIN_NUM, TARIF_RATE, STENDBY_TIME, EMPL_ID) VALUES (815, '2013-09-02', 424, 272, 74, 513, 0, NULL, 1371, 0.24, 146);
INSERT INTO WORKS_LIST (WL_ID, WORK_DATE, MASHINE_ID, DRIVER_ID, TARIF_ID, OBJECT_ID, MAIN_REC, MAIN_NUM, TARIF_RATE, STENDBY_TIME, EMPL_ID) VALUES (816, '2013-08-09', 442, 297, 75, 508, 1, NULL, 1277, 0.08, 767);
INSERT INTO WORKS_LIST (WL_ID, WORK_DATE, MASHINE_ID, DRIVER_ID, TARIF_ID, OBJECT_ID, MAIN_REC, MAIN_NUM, TARIF_RATE, STENDBY_TIME, EMPL_ID) VALUES (817, '2013-07-30', 484, 216, 77, 495, 0, NULL, 159, 0.06, 52);
INSERT INTO WORKS_LIST (WL_ID, WORK_DATE, MASHINE_ID, DRIVER_ID, TARIF_ID, OBJECT_ID, MAIN_REC, MAIN_NUM, TARIF_RATE, STENDBY_TIME, EMPL_ID) VALUES (818, '2013-09-03', 401, 308, 81, 512, 0, NULL, 1313, 0.96, 146);
INSERT INTO WORKS_LIST (WL_ID, WORK_DATE, MASHINE_ID, DRIVER_ID, TARIF_ID, OBJECT_ID, MAIN_REC, MAIN_NUM, TARIF_RATE, STENDBY_TIME, EMPL_ID) VALUES (819, '2013-08-05', 452, 225, 74, 499, 0, NULL, 1307, 0.49, 1);
INSERT INTO WORKS_LIST (WL_ID, WORK_DATE, MASHINE_ID, DRIVER_ID, TARIF_ID, OBJECT_ID, MAIN_REC, MAIN_NUM, TARIF_RATE, STENDBY_TIME, EMPL_ID) VALUES (820, '2013-08-19', 465, 290, 82, 507, 1, NULL, 182, 0.19, 146);
INSERT INTO WORKS_LIST (WL_ID, WORK_DATE, MASHINE_ID, DRIVER_ID, TARIF_ID, OBJECT_ID, MAIN_REC, MAIN_NUM, TARIF_RATE, STENDBY_TIME, EMPL_ID) VALUES (821, '2013-07-17', 452, 288, 80, 496, 0, NULL, 1297, 0.28, 52);
INSERT INTO WORKS_LIST (WL_ID, WORK_DATE, MASHINE_ID, DRIVER_ID, TARIF_ID, OBJECT_ID, MAIN_REC, MAIN_NUM, TARIF_RATE, STENDBY_TIME, EMPL_ID) VALUES (822, '2013-08-16', 442, 298, 229, 514, 1, NULL, 2973, 0.22, 146);
INSERT INTO WORKS_LIST (WL_ID, WORK_DATE, MASHINE_ID, DRIVER_ID, TARIF_ID, OBJECT_ID, MAIN_REC, MAIN_NUM, TARIF_RATE, STENDBY_TIME, EMPL_ID) VALUES (823, '2013-07-28', 445, 244, 72, 510, 1, NULL, 181, 0.36, 767);
INSERT INTO WORKS_LIST (WL_ID, WORK_DATE, MASHINE_ID, DRIVER_ID, TARIF_ID, OBJECT_ID, MAIN_REC, MAIN_NUM, TARIF_RATE, STENDBY_TIME, EMPL_ID) VALUES (824, '2013-07-19', 404, 276, 80, 519, 1, NULL, 181, 0.97, 767);
INSERT INTO WORKS_LIST (WL_ID, WORK_DATE, MASHINE_ID, DRIVER_ID, TARIF_ID, OBJECT_ID, MAIN_REC, MAIN_NUM, TARIF_RATE, STENDBY_TIME, EMPL_ID) VALUES (825, '2013-08-15', 423, 276, 75, 511, 0, NULL, 277, 0.48, 146);
INSERT INTO WORKS_LIST (WL_ID, WORK_DATE, MASHINE_ID, DRIVER_ID, TARIF_ID, OBJECT_ID, MAIN_REC, MAIN_NUM, TARIF_RATE, STENDBY_TIME, EMPL_ID) VALUES (826, '2013-08-18', 418, 263, 78, 496, 1, NULL, 2973, 0.21, 52);
INSERT INTO WORKS_LIST (WL_ID, WORK_DATE, MASHINE_ID, DRIVER_ID, TARIF_ID, OBJECT_ID, MAIN_REC, MAIN_NUM, TARIF_RATE, STENDBY_TIME, EMPL_ID) VALUES (827, '2013-08-15', 469, 284, 72, 515, 0, NULL, 2972, 0.49, 52);
INSERT INTO WORKS_LIST (WL_ID, WORK_DATE, MASHINE_ID, DRIVER_ID, TARIF_ID, OBJECT_ID, MAIN_REC, MAIN_NUM, TARIF_RATE, STENDBY_TIME, EMPL_ID) VALUES (828, '2013-07-15', 435, 248, 72, 499, 1, NULL, 1370, 0.52, 767);
INSERT INTO WORKS_LIST (WL_ID, WORK_DATE, MASHINE_ID, DRIVER_ID, TARIF_ID, OBJECT_ID, MAIN_REC, MAIN_NUM, TARIF_RATE, STENDBY_TIME, EMPL_ID) VALUES (829, '2013-08-04', 460, 271, 75, 517, 1, NULL, 1277, 0.53, 146);
INSERT INTO WORKS_LIST (WL_ID, WORK_DATE, MASHINE_ID, DRIVER_ID, TARIF_ID, OBJECT_ID, MAIN_REC, MAIN_NUM, TARIF_RATE, STENDBY_TIME, EMPL_ID) VALUES (830, '2013-08-06', 436, 223, 80, 490, 0, NULL, 180, 0.82, 146);
INSERT INTO WORKS_LIST (WL_ID, WORK_DATE, MASHINE_ID, DRIVER_ID, TARIF_ID, OBJECT_ID, MAIN_REC, MAIN_NUM, TARIF_RATE, STENDBY_TIME, EMPL_ID) VALUES (831, '2013-09-10', 479, 231, 79, 514, 1, NULL, 1318, 0.06, 1);
INSERT INTO WORKS_LIST (WL_ID, WORK_DATE, MASHINE_ID, DRIVER_ID, TARIF_ID, OBJECT_ID, MAIN_REC, MAIN_NUM, TARIF_RATE, STENDBY_TIME, EMPL_ID) VALUES (832, '2013-08-08', 474, 225, 74, 510, 0, NULL, 1307, 0.99, 1);
INSERT INTO WORKS_LIST (WL_ID, WORK_DATE, MASHINE_ID, DRIVER_ID, TARIF_ID, OBJECT_ID, MAIN_REC, MAIN_NUM, TARIF_RATE, STENDBY_TIME, EMPL_ID) VALUES (833, '2013-08-16', 475, 308, 72, 497, 0, NULL, 1308, 0.27, 146);
INSERT INTO WORKS_LIST (WL_ID, WORK_DATE, MASHINE_ID, DRIVER_ID, TARIF_ID, OBJECT_ID, MAIN_REC, MAIN_NUM, TARIF_RATE, STENDBY_TIME, EMPL_ID) VALUES (834, '2013-09-07', 422, 235, 229, 504, 1, NULL, 179, 0.71, 52);
INSERT INTO WORKS_LIST (WL_ID, WORK_DATE, MASHINE_ID, DRIVER_ID, TARIF_ID, OBJECT_ID, MAIN_REC, MAIN_NUM, TARIF_RATE, STENDBY_TIME, EMPL_ID) VALUES (835, '2013-09-08', 413, 287, 78, 512, 1, NULL, 1371, 0.8, 146);
INSERT INTO WORKS_LIST (WL_ID, WORK_DATE, MASHINE_ID, DRIVER_ID, TARIF_ID, OBJECT_ID, MAIN_REC, MAIN_NUM, TARIF_RATE, STENDBY_TIME, EMPL_ID) VALUES (836, '2013-07-29', 407, 297, -1, 519, 0, NULL, 211, 0.11, 767);
INSERT INTO WORKS_LIST (WL_ID, WORK_DATE, MASHINE_ID, DRIVER_ID, TARIF_ID, OBJECT_ID, MAIN_REC, MAIN_NUM, TARIF_RATE, STENDBY_TIME, EMPL_ID) VALUES (837, '2013-09-06', 414, 223, 79, 503, 0, NULL, 1299, 0.7, 767);
INSERT INTO WORKS_LIST (WL_ID, WORK_DATE, MASHINE_ID, DRIVER_ID, TARIF_ID, OBJECT_ID, MAIN_REC, MAIN_NUM, TARIF_RATE, STENDBY_TIME, EMPL_ID) VALUES (838, '2013-07-13', 442, 298, 78, 514, 1, NULL, 1376, 0, 1);
INSERT INTO WORKS_LIST (WL_ID, WORK_DATE, MASHINE_ID, DRIVER_ID, TARIF_ID, OBJECT_ID, MAIN_REC, MAIN_NUM, TARIF_RATE, STENDBY_TIME, EMPL_ID) VALUES (839, '2013-07-21', 473, 209, 79, 498, 0, NULL, 180, 0.93, 1);
INSERT INTO WORKS_LIST (WL_ID, WORK_DATE, MASHINE_ID, DRIVER_ID, TARIF_ID, OBJECT_ID, MAIN_REC, MAIN_NUM, TARIF_RATE, STENDBY_TIME, EMPL_ID) VALUES (840, '2013-09-09', 480, 263, 78, 508, 0, NULL, 1297, 0.51, 52);
INSERT INTO WORKS_LIST (WL_ID, WORK_DATE, MASHINE_ID, DRIVER_ID, TARIF_ID, OBJECT_ID, MAIN_REC, MAIN_NUM, TARIF_RATE, STENDBY_TIME, EMPL_ID) VALUES (841, '2013-08-04', 460, 257, 76, 517, 1, NULL, 276, 0.84, 1);
INSERT INTO WORKS_LIST (WL_ID, WORK_DATE, MASHINE_ID, DRIVER_ID, TARIF_ID, OBJECT_ID, MAIN_REC, MAIN_NUM, TARIF_RATE, STENDBY_TIME, EMPL_ID) VALUES (842, '2013-07-16', 400, 220, 76, 499, 1, NULL, 2972, 0.11, 52);
INSERT INTO WORKS_LIST (WL_ID, WORK_DATE, MASHINE_ID, DRIVER_ID, TARIF_ID, OBJECT_ID, MAIN_REC, MAIN_NUM, TARIF_RATE, STENDBY_TIME, EMPL_ID) VALUES (843, '2013-09-10', 446, 305, 82, 514, 1, NULL, 1299, 0.32, 767);
INSERT INTO WORKS_LIST (WL_ID, WORK_DATE, MASHINE_ID, DRIVER_ID, TARIF_ID, OBJECT_ID, MAIN_REC, MAIN_NUM, TARIF_RATE, STENDBY_TIME, EMPL_ID) VALUES (844, '2013-09-01', 406, 226, 81, 507, 0, NULL, 1321, 0.45, 1);
INSERT INTO WORKS_LIST (WL_ID, WORK_DATE, MASHINE_ID, DRIVER_ID, TARIF_ID, OBJECT_ID, MAIN_REC, MAIN_NUM, TARIF_RATE, STENDBY_TIME, EMPL_ID) VALUES (845, '2013-09-08', 455, 208, -1, 494, 0, NULL, 182, 0.59, 1);
INSERT INTO WORKS_LIST (WL_ID, WORK_DATE, MASHINE_ID, DRIVER_ID, TARIF_ID, OBJECT_ID, MAIN_REC, MAIN_NUM, TARIF_RATE, STENDBY_TIME, EMPL_ID) VALUES (846, '2013-08-07', 473, 257, 75, 515, 0, NULL, 182, 0.99, 767);
INSERT INTO WORKS_LIST (WL_ID, WORK_DATE, MASHINE_ID, DRIVER_ID, TARIF_ID, OBJECT_ID, MAIN_REC, MAIN_NUM, TARIF_RATE, STENDBY_TIME, EMPL_ID) VALUES (847, '2013-07-18', 480, 272, -1, 515, 1, NULL, 1299, 0.53, 146);
INSERT INTO WORKS_LIST (WL_ID, WORK_DATE, MASHINE_ID, DRIVER_ID, TARIF_ID, OBJECT_ID, MAIN_REC, MAIN_NUM, TARIF_RATE, STENDBY_TIME, EMPL_ID) VALUES (848, '2013-08-07', 441, 214, 75, 498, 0, NULL, 1321, 0.84, 1);
INSERT INTO WORKS_LIST (WL_ID, WORK_DATE, MASHINE_ID, DRIVER_ID, TARIF_ID, OBJECT_ID, MAIN_REC, MAIN_NUM, TARIF_RATE, STENDBY_TIME, EMPL_ID) VALUES (849, '2013-08-06', 448, 216, 74, 519, 0, NULL, 2972, 0.79, 1);
INSERT INTO WORKS_LIST (WL_ID, WORK_DATE, MASHINE_ID, DRIVER_ID, TARIF_ID, OBJECT_ID, MAIN_REC, MAIN_NUM, TARIF_RATE, STENDBY_TIME, EMPL_ID) VALUES (850, '2013-08-05', 400, 209, 81, 515, 0, NULL, 1308, 0.98, 52);
INSERT INTO WORKS_LIST (WL_ID, WORK_DATE, MASHINE_ID, DRIVER_ID, TARIF_ID, OBJECT_ID, MAIN_REC, MAIN_NUM, TARIF_RATE, STENDBY_TIME, EMPL_ID) VALUES (851, '2013-08-10', 475, 249, 76, 516, 1, NULL, 2972, 0.68, 1);
INSERT INTO WORKS_LIST (WL_ID, WORK_DATE, MASHINE_ID, DRIVER_ID, TARIF_ID, OBJECT_ID, MAIN_REC, MAIN_NUM, TARIF_RATE, STENDBY_TIME, EMPL_ID) VALUES (852, '2013-08-14', 406, 304, 74, 509, 0, NULL, 160, 0.65, 1);
INSERT INTO WORKS_LIST (WL_ID, WORK_DATE, MASHINE_ID, DRIVER_ID, TARIF_ID, OBJECT_ID, MAIN_REC, MAIN_NUM, TARIF_RATE, STENDBY_TIME, EMPL_ID) VALUES (853, '2013-08-12', 468, 248, 75, 505, 0, NULL, 2972, 0.05, 1);
INSERT INTO WORKS_LIST (WL_ID, WORK_DATE, MASHINE_ID, DRIVER_ID, TARIF_ID, OBJECT_ID, MAIN_REC, MAIN_NUM, TARIF_RATE, STENDBY_TIME, EMPL_ID) VALUES (854, '2013-09-06', 411, 207, -1, 517, 1, NULL, 1297, 0.4, 146);
INSERT INTO WORKS_LIST (WL_ID, WORK_DATE, MASHINE_ID, DRIVER_ID, TARIF_ID, OBJECT_ID, MAIN_REC, MAIN_NUM, TARIF_RATE, STENDBY_TIME, EMPL_ID) VALUES (855, '2013-07-23', 487, 237, 82, 491, 0, NULL, 1277, 0.39, 146);
INSERT INTO WORKS_LIST (WL_ID, WORK_DATE, MASHINE_ID, DRIVER_ID, TARIF_ID, OBJECT_ID, MAIN_REC, MAIN_NUM, TARIF_RATE, STENDBY_TIME, EMPL_ID) VALUES (856, '2013-08-09', 474, 286, 229, 519, 1, NULL, 1277, 0.03, 146);
INSERT INTO WORKS_LIST (WL_ID, WORK_DATE, MASHINE_ID, DRIVER_ID, TARIF_ID, OBJECT_ID, MAIN_REC, MAIN_NUM, TARIF_RATE, STENDBY_TIME, EMPL_ID) VALUES (857, '2013-09-09', 470, 225, 72, 510, 0, NULL, 1371, 0.1, 1);
INSERT INTO WORKS_LIST (WL_ID, WORK_DATE, MASHINE_ID, DRIVER_ID, TARIF_ID, OBJECT_ID, MAIN_REC, MAIN_NUM, TARIF_RATE, STENDBY_TIME, EMPL_ID) VALUES (858, '2013-09-02', 440, 251, 78, 497, 0, NULL, 1321, 0.46, 1);
INSERT INTO WORKS_LIST (WL_ID, WORK_DATE, MASHINE_ID, DRIVER_ID, TARIF_ID, OBJECT_ID, MAIN_REC, MAIN_NUM, TARIF_RATE, STENDBY_TIME, EMPL_ID) VALUES (859, '2013-09-01', 444, 235, 74, 519, 0, NULL, 275, 0.04, 52);
INSERT INTO WORKS_LIST (WL_ID, WORK_DATE, MASHINE_ID, DRIVER_ID, TARIF_ID, OBJECT_ID, MAIN_REC, MAIN_NUM, TARIF_RATE, STENDBY_TIME, EMPL_ID) VALUES (860, '2013-08-30', 449, 267, 75, 505, 1, NULL, 1298, 0.81, 146);
INSERT INTO WORKS_LIST (WL_ID, WORK_DATE, MASHINE_ID, DRIVER_ID, TARIF_ID, OBJECT_ID, MAIN_REC, MAIN_NUM, TARIF_RATE, STENDBY_TIME, EMPL_ID) VALUES (861, '2013-07-19', 463, 297, 78, 511, 0, NULL, 1279, 0.83, 146);
INSERT INTO WORKS_LIST (WL_ID, WORK_DATE, MASHINE_ID, DRIVER_ID, TARIF_ID, OBJECT_ID, MAIN_REC, MAIN_NUM, TARIF_RATE, STENDBY_TIME, EMPL_ID) VALUES (862, '2013-08-20', 432, 286, 72, 497, 0, NULL, 1307, 0.11, 1);
INSERT INTO WORKS_LIST (WL_ID, WORK_DATE, MASHINE_ID, DRIVER_ID, TARIF_ID, OBJECT_ID, MAIN_REC, MAIN_NUM, TARIF_RATE, STENDBY_TIME, EMPL_ID) VALUES (863, '2013-09-05', 430, 221, 81, 505, 1, NULL, 211, 0.24, 52);
INSERT INTO WORKS_LIST (WL_ID, WORK_DATE, MASHINE_ID, DRIVER_ID, TARIF_ID, OBJECT_ID, MAIN_REC, MAIN_NUM, TARIF_RATE, STENDBY_TIME, EMPL_ID) VALUES (864, '2013-09-06', 446, 214, 76, 502, 1, NULL, 159, 0.21, 146);
INSERT INTO WORKS_LIST (WL_ID, WORK_DATE, MASHINE_ID, DRIVER_ID, TARIF_ID, OBJECT_ID, MAIN_REC, MAIN_NUM, TARIF_RATE, STENDBY_TIME, EMPL_ID) VALUES (865, '2013-08-30', 484, 236, 77, 502, 0, NULL, 159, 0.12, 146);
INSERT INTO WORKS_LIST (WL_ID, WORK_DATE, MASHINE_ID, DRIVER_ID, TARIF_ID, OBJECT_ID, MAIN_REC, MAIN_NUM, TARIF_RATE, STENDBY_TIME, EMPL_ID) VALUES (866, '2013-08-05', 406, 277, 82, 493, 1, NULL, 1318, 0.93, 767);
INSERT INTO WORKS_LIST (WL_ID, WORK_DATE, MASHINE_ID, DRIVER_ID, TARIF_ID, OBJECT_ID, MAIN_REC, MAIN_NUM, TARIF_RATE, STENDBY_TIME, EMPL_ID) VALUES (867, '2013-09-05', 423, 241, 77, 513, 1, NULL, 1277, 0.24, 767);
INSERT INTO WORKS_LIST (WL_ID, WORK_DATE, MASHINE_ID, DRIVER_ID, TARIF_ID, OBJECT_ID, MAIN_REC, MAIN_NUM, TARIF_RATE, STENDBY_TIME, EMPL_ID) VALUES (868, '2013-08-23', 411, 266, 77, 493, 0, NULL, 1298, 0.84, 52);
INSERT INTO WORKS_LIST (WL_ID, WORK_DATE, MASHINE_ID, DRIVER_ID, TARIF_ID, OBJECT_ID, MAIN_REC, MAIN_NUM, TARIF_RATE, STENDBY_TIME, EMPL_ID) VALUES (869, '2013-08-17', 437, 237, 79, 512, 0, NULL, 1299, 0.27, 1);
INSERT INTO WORKS_LIST (WL_ID, WORK_DATE, MASHINE_ID, DRIVER_ID, TARIF_ID, OBJECT_ID, MAIN_REC, MAIN_NUM, TARIF_RATE, STENDBY_TIME, EMPL_ID) VALUES (870, '2013-08-10', 406, 309, 75, 492, 0, NULL, 182, 0.2, 767);
INSERT INTO WORKS_LIST (WL_ID, WORK_DATE, MASHINE_ID, DRIVER_ID, TARIF_ID, OBJECT_ID, MAIN_REC, MAIN_NUM, TARIF_RATE, STENDBY_TIME, EMPL_ID) VALUES (871, '2013-08-26', 446, 279, 80, 496, 0, NULL, 179, 0.58, 146);
INSERT INTO WORKS_LIST (WL_ID, WORK_DATE, MASHINE_ID, DRIVER_ID, TARIF_ID, OBJECT_ID, MAIN_REC, MAIN_NUM, TARIF_RATE, STENDBY_TIME, EMPL_ID) VALUES (872, '2013-07-24', 417, 265, 80, 503, 0, NULL, 277, 0.46, 1);
INSERT INTO WORKS_LIST (WL_ID, WORK_DATE, MASHINE_ID, DRIVER_ID, TARIF_ID, OBJECT_ID, MAIN_REC, MAIN_NUM, TARIF_RATE, STENDBY_TIME, EMPL_ID) VALUES (873, '2013-08-21', 453, 241, 229, 510, 0, NULL, 1370, 0.47, 52);
INSERT INTO WORKS_LIST (WL_ID, WORK_DATE, MASHINE_ID, DRIVER_ID, TARIF_ID, OBJECT_ID, MAIN_REC, MAIN_NUM, TARIF_RATE, STENDBY_TIME, EMPL_ID) VALUES (874, '2013-09-03', 426, 235, 82, 512, 0, NULL, 1371, 0.72, 767);
INSERT INTO WORKS_LIST (WL_ID, WORK_DATE, MASHINE_ID, DRIVER_ID, TARIF_ID, OBJECT_ID, MAIN_REC, MAIN_NUM, TARIF_RATE, STENDBY_TIME, EMPL_ID) VALUES (875, '2013-07-20', 467, 301, 82, 509, 1, NULL, 1279, 0.32, 1);
INSERT INTO WORKS_LIST (WL_ID, WORK_DATE, MASHINE_ID, DRIVER_ID, TARIF_ID, OBJECT_ID, MAIN_REC, MAIN_NUM, TARIF_RATE, STENDBY_TIME, EMPL_ID) VALUES (876, '2013-08-26', 439, 212, 72, 518, 0, NULL, 1372, 0.92, 1);
INSERT INTO WORKS_LIST (WL_ID, WORK_DATE, MASHINE_ID, DRIVER_ID, TARIF_ID, OBJECT_ID, MAIN_REC, MAIN_NUM, TARIF_RATE, STENDBY_TIME, EMPL_ID) VALUES (877, '2013-07-19', 404, 291, 75, 519, 0, NULL, 275, 0.8, 52);
INSERT INTO WORKS_LIST (WL_ID, WORK_DATE, MASHINE_ID, DRIVER_ID, TARIF_ID, OBJECT_ID, MAIN_REC, MAIN_NUM, TARIF_RATE, STENDBY_TIME, EMPL_ID) VALUES (878, '2013-08-05', 414, 255, 78, 510, 0, NULL, 1277, 0.98, 767);
INSERT INTO WORKS_LIST (WL_ID, WORK_DATE, MASHINE_ID, DRIVER_ID, TARIF_ID, OBJECT_ID, MAIN_REC, MAIN_NUM, TARIF_RATE, STENDBY_TIME, EMPL_ID) VALUES (879, '2013-08-07', 421, 242, 79, 518, 0, NULL, 1370, 0.58, 1);
INSERT INTO WORKS_LIST (WL_ID, WORK_DATE, MASHINE_ID, DRIVER_ID, TARIF_ID, OBJECT_ID, MAIN_REC, MAIN_NUM, TARIF_RATE, STENDBY_TIME, EMPL_ID) VALUES (880, '2013-07-18', 448, 304, 74, 503, 0, NULL, 1318, 0.33, 52);
INSERT INTO WORKS_LIST (WL_ID, WORK_DATE, MASHINE_ID, DRIVER_ID, TARIF_ID, OBJECT_ID, MAIN_REC, MAIN_NUM, TARIF_RATE, STENDBY_TIME, EMPL_ID) VALUES (881, '2013-07-13', 413, 233, 229, 508, 1, NULL, 1277, 0.61, 767);
INSERT INTO WORKS_LIST (WL_ID, WORK_DATE, MASHINE_ID, DRIVER_ID, TARIF_ID, OBJECT_ID, MAIN_REC, MAIN_NUM, TARIF_RATE, STENDBY_TIME, EMPL_ID) VALUES (882, '2013-07-22', 413, 307, 72, 499, 0, NULL, 1298, 0.91, 52);
INSERT INTO WORKS_LIST (WL_ID, WORK_DATE, MASHINE_ID, DRIVER_ID, TARIF_ID, OBJECT_ID, MAIN_REC, MAIN_NUM, TARIF_RATE, STENDBY_TIME, EMPL_ID) VALUES (883, '2013-08-15', 418, 272, 82, 500, 0, NULL, 1352, 0.27, 146);
INSERT INTO WORKS_LIST (WL_ID, WORK_DATE, MASHINE_ID, DRIVER_ID, TARIF_ID, OBJECT_ID, MAIN_REC, MAIN_NUM, TARIF_RATE, STENDBY_TIME, EMPL_ID) VALUES (884, '2013-08-25', 411, 298, 75, 504, 0, NULL, 1370, 0.48, 146);
INSERT INTO WORKS_LIST (WL_ID, WORK_DATE, MASHINE_ID, DRIVER_ID, TARIF_ID, OBJECT_ID, MAIN_REC, MAIN_NUM, TARIF_RATE, STENDBY_TIME, EMPL_ID) VALUES (885, '2013-09-04', 463, 291, -1, 507, 0, NULL, 1277, 0.22, 146);
INSERT INTO WORKS_LIST (WL_ID, WORK_DATE, MASHINE_ID, DRIVER_ID, TARIF_ID, OBJECT_ID, MAIN_REC, MAIN_NUM, TARIF_RATE, STENDBY_TIME, EMPL_ID) VALUES (886, '2013-09-09', 488, 248, 80, 504, 0, NULL, 179, 0.07, 1);
INSERT INTO WORKS_LIST (WL_ID, WORK_DATE, MASHINE_ID, DRIVER_ID, TARIF_ID, OBJECT_ID, MAIN_REC, MAIN_NUM, TARIF_RATE, STENDBY_TIME, EMPL_ID) VALUES (887, '2013-09-05', 443, 301, 80, 505, 1, NULL, 180, 0.23, 767);
INSERT INTO WORKS_LIST (WL_ID, WORK_DATE, MASHINE_ID, DRIVER_ID, TARIF_ID, OBJECT_ID, MAIN_REC, MAIN_NUM, TARIF_RATE, STENDBY_TIME, EMPL_ID) VALUES (888, '2013-08-29', 411, 236, 79, 507, 0, NULL, 1307, 0.83, 52);
INSERT INTO WORKS_LIST (WL_ID, WORK_DATE, MASHINE_ID, DRIVER_ID, TARIF_ID, OBJECT_ID, MAIN_REC, MAIN_NUM, TARIF_RATE, STENDBY_TIME, EMPL_ID) VALUES (889, '2013-08-25', 474, 252, 74, 515, 1, NULL, 1370, 0.35, 52);
INSERT INTO WORKS_LIST (WL_ID, WORK_DATE, MASHINE_ID, DRIVER_ID, TARIF_ID, OBJECT_ID, MAIN_REC, MAIN_NUM, TARIF_RATE, STENDBY_TIME, EMPL_ID) VALUES (890, '2013-08-21', 441, 277, 82, 506, 0, NULL, 1298, 0.22, 767);
INSERT INTO WORKS_LIST (WL_ID, WORK_DATE, MASHINE_ID, DRIVER_ID, TARIF_ID, OBJECT_ID, MAIN_REC, MAIN_NUM, TARIF_RATE, STENDBY_TIME, EMPL_ID) VALUES (891, '2013-07-23', 477, 246, 76, 498, 0, NULL, 211, 0.14, 767);
INSERT INTO WORKS_LIST (WL_ID, WORK_DATE, MASHINE_ID, DRIVER_ID, TARIF_ID, OBJECT_ID, MAIN_REC, MAIN_NUM, TARIF_RATE, STENDBY_TIME, EMPL_ID) VALUES (892, '2013-07-14', 469, 282, 76, 511, 0, NULL, 179, 0.78, 146);
INSERT INTO WORKS_LIST (WL_ID, WORK_DATE, MASHINE_ID, DRIVER_ID, TARIF_ID, OBJECT_ID, MAIN_REC, MAIN_NUM, TARIF_RATE, STENDBY_TIME, EMPL_ID) VALUES (893, '2013-08-09', 455, 224, 79, 493, 1, NULL, 1376, 0.81, 767);
INSERT INTO WORKS_LIST (WL_ID, WORK_DATE, MASHINE_ID, DRIVER_ID, TARIF_ID, OBJECT_ID, MAIN_REC, MAIN_NUM, TARIF_RATE, STENDBY_TIME, EMPL_ID) VALUES (894, '2013-07-30', 468, 266, 72, 508, 1, NULL, 1277, 0.53, 1);
INSERT INTO WORKS_LIST (WL_ID, WORK_DATE, MASHINE_ID, DRIVER_ID, TARIF_ID, OBJECT_ID, MAIN_REC, MAIN_NUM, TARIF_RATE, STENDBY_TIME, EMPL_ID) VALUES (895, '2013-08-27', 436, 256, 75, 507, 1, NULL, 1370, 0.91, 1);
INSERT INTO WORKS_LIST (WL_ID, WORK_DATE, MASHINE_ID, DRIVER_ID, TARIF_ID, OBJECT_ID, MAIN_REC, MAIN_NUM, TARIF_RATE, STENDBY_TIME, EMPL_ID) VALUES (896, '2013-08-08', 462, 304, 229, 513, 1, NULL, 1352, 0.03, 146);
INSERT INTO WORKS_LIST (WL_ID, WORK_DATE, MASHINE_ID, DRIVER_ID, TARIF_ID, OBJECT_ID, MAIN_REC, MAIN_NUM, TARIF_RATE, STENDBY_TIME, EMPL_ID) VALUES (897, '2013-09-07', 444, 265, 79, 497, 1, NULL, 2972, 0.12, 767);
INSERT INTO WORKS_LIST (WL_ID, WORK_DATE, MASHINE_ID, DRIVER_ID, TARIF_ID, OBJECT_ID, MAIN_REC, MAIN_NUM, TARIF_RATE, STENDBY_TIME, EMPL_ID) VALUES (898, '2013-07-17', 401, 308, 72, 507, 1, NULL, 2972, 0.88, 1);
INSERT INTO WORKS_LIST (WL_ID, WORK_DATE, MASHINE_ID, DRIVER_ID, TARIF_ID, OBJECT_ID, MAIN_REC, MAIN_NUM, TARIF_RATE, STENDBY_TIME, EMPL_ID) VALUES (899, '2013-09-09', 479, 210, 74, 496, 0, NULL, 211, 0.47, 146);
INSERT INTO WORKS_LIST (WL_ID, WORK_DATE, MASHINE_ID, DRIVER_ID, TARIF_ID, OBJECT_ID, MAIN_REC, MAIN_NUM, TARIF_RATE, STENDBY_TIME, EMPL_ID) VALUES (900, '2013-07-15', 480, 279, 229, 496, 0, NULL, 1297, 0.05, 52);
INSERT INTO WORKS_LIST (WL_ID, WORK_DATE, MASHINE_ID, DRIVER_ID, TARIF_ID, OBJECT_ID, MAIN_REC, MAIN_NUM, TARIF_RATE, STENDBY_TIME, EMPL_ID) VALUES (901, '2013-08-14', 439, 223, 82, 491, 1, NULL, 1307, 0.3, 767);
INSERT INTO WORKS_LIST (WL_ID, WORK_DATE, MASHINE_ID, DRIVER_ID, TARIF_ID, OBJECT_ID, MAIN_REC, MAIN_NUM, TARIF_RATE, STENDBY_TIME, EMPL_ID) VALUES (902, '2013-07-20', 443, 232, 76, 512, 0, NULL, 1279, 0.05, 767);
INSERT INTO WORKS_LIST (WL_ID, WORK_DATE, MASHINE_ID, DRIVER_ID, TARIF_ID, OBJECT_ID, MAIN_REC, MAIN_NUM, TARIF_RATE, STENDBY_TIME, EMPL_ID) VALUES (903, '2013-07-31', 485, 209, 79, 517, 1, NULL, 1279, 0.14, 52);
INSERT INTO WORKS_LIST (WL_ID, WORK_DATE, MASHINE_ID, DRIVER_ID, TARIF_ID, OBJECT_ID, MAIN_REC, MAIN_NUM, TARIF_RATE, STENDBY_TIME, EMPL_ID) VALUES (904, '2013-08-17', 435, 233, 81, 511, 1, NULL, 1372, 0.23, 1);
INSERT INTO WORKS_LIST (WL_ID, WORK_DATE, MASHINE_ID, DRIVER_ID, TARIF_ID, OBJECT_ID, MAIN_REC, MAIN_NUM, TARIF_RATE, STENDBY_TIME, EMPL_ID) VALUES (905, '2013-08-31', 420, 301, 78, 515, 1, NULL, 276, 0.01, 146);
INSERT INTO WORKS_LIST (WL_ID, WORK_DATE, MASHINE_ID, DRIVER_ID, TARIF_ID, OBJECT_ID, MAIN_REC, MAIN_NUM, TARIF_RATE, STENDBY_TIME, EMPL_ID) VALUES (906, '2013-08-13', 479, 293, 82, 501, 1, NULL, 1373, 0.66, 1);
INSERT INTO WORKS_LIST (WL_ID, WORK_DATE, MASHINE_ID, DRIVER_ID, TARIF_ID, OBJECT_ID, MAIN_REC, MAIN_NUM, TARIF_RATE, STENDBY_TIME, EMPL_ID) VALUES (907, '2013-08-11', 441, 295, -1, 509, 1, NULL, 1299, 0.97, 146);
INSERT INTO WORKS_LIST (WL_ID, WORK_DATE, MASHINE_ID, DRIVER_ID, TARIF_ID, OBJECT_ID, MAIN_REC, MAIN_NUM, TARIF_RATE, STENDBY_TIME, EMPL_ID) VALUES (908, '2013-07-26', 406, 242, 78, 499, 0, NULL, 1297, 0.1, 146);
INSERT INTO WORKS_LIST (WL_ID, WORK_DATE, MASHINE_ID, DRIVER_ID, TARIF_ID, OBJECT_ID, MAIN_REC, MAIN_NUM, TARIF_RATE, STENDBY_TIME, EMPL_ID) VALUES (909, '2013-07-30', 465, 304, 78, 505, 1, NULL, 1299, 0.57, 767);
INSERT INTO WORKS_LIST (WL_ID, WORK_DATE, MASHINE_ID, DRIVER_ID, TARIF_ID, OBJECT_ID, MAIN_REC, MAIN_NUM, TARIF_RATE, STENDBY_TIME, EMPL_ID) VALUES (910, '2013-08-07', 430, 279, 229, 501, 1, NULL, 160, 0.24, 1);
INSERT INTO WORKS_LIST (WL_ID, WORK_DATE, MASHINE_ID, DRIVER_ID, TARIF_ID, OBJECT_ID, MAIN_REC, MAIN_NUM, TARIF_RATE, STENDBY_TIME, EMPL_ID) VALUES (911, '2013-07-19', 418, 225, 74, 497, 1, NULL, 1307, 0.76, 146);
INSERT INTO WORKS_LIST (WL_ID, WORK_DATE, MASHINE_ID, DRIVER_ID, TARIF_ID, OBJECT_ID, MAIN_REC, MAIN_NUM, TARIF_RATE, STENDBY_TIME, EMPL_ID) VALUES (912, '2013-08-11', 431, 214, 80, 503, 1, NULL, 1319, 0.65, 52);
INSERT INTO WORKS_LIST (WL_ID, WORK_DATE, MASHINE_ID, DRIVER_ID, TARIF_ID, OBJECT_ID, MAIN_REC, MAIN_NUM, TARIF_RATE, STENDBY_TIME, EMPL_ID) VALUES (913, '2013-08-19', 413, 258, 74, 516, 0, NULL, 211, 0.73, 146);
INSERT INTO WORKS_LIST (WL_ID, WORK_DATE, MASHINE_ID, DRIVER_ID, TARIF_ID, OBJECT_ID, MAIN_REC, MAIN_NUM, TARIF_RATE, STENDBY_TIME, EMPL_ID) VALUES (914, '2013-09-07', 447, 274, 77, 494, 1, NULL, 276, 0.85, 52);
INSERT INTO WORKS_LIST (WL_ID, WORK_DATE, MASHINE_ID, DRIVER_ID, TARIF_ID, OBJECT_ID, MAIN_REC, MAIN_NUM, TARIF_RATE, STENDBY_TIME, EMPL_ID) VALUES (915, '2013-09-05', 457, 221, 82, 511, 1, NULL, 2973, 0.62, 767);
INSERT INTO WORKS_LIST (WL_ID, WORK_DATE, MASHINE_ID, DRIVER_ID, TARIF_ID, OBJECT_ID, MAIN_REC, MAIN_NUM, TARIF_RATE, STENDBY_TIME, EMPL_ID) VALUES (916, '2013-07-17', 463, 272, 76, 513, 1, NULL, 2973, 0.68, 146);
INSERT INTO WORKS_LIST (WL_ID, WORK_DATE, MASHINE_ID, DRIVER_ID, TARIF_ID, OBJECT_ID, MAIN_REC, MAIN_NUM, TARIF_RATE, STENDBY_TIME, EMPL_ID) VALUES (917, '2013-08-10', 443, 271, 74, 519, 1, NULL, 1371, 0.2, 1);
INSERT INTO WORKS_LIST (WL_ID, WORK_DATE, MASHINE_ID, DRIVER_ID, TARIF_ID, OBJECT_ID, MAIN_REC, MAIN_NUM, TARIF_RATE, STENDBY_TIME, EMPL_ID) VALUES (918, '2013-07-25', 481, 286, 81, 493, 0, NULL, 179, 0.93, 52);
INSERT INTO WORKS_LIST (WL_ID, WORK_DATE, MASHINE_ID, DRIVER_ID, TARIF_ID, OBJECT_ID, MAIN_REC, MAIN_NUM, TARIF_RATE, STENDBY_TIME, EMPL_ID) VALUES (919, '2013-07-24', 467, 211, 81, 513, 1, NULL, 1314, 0.35, 52);
INSERT INTO WORKS_LIST (WL_ID, WORK_DATE, MASHINE_ID, DRIVER_ID, TARIF_ID, OBJECT_ID, MAIN_REC, MAIN_NUM, TARIF_RATE, STENDBY_TIME, EMPL_ID) VALUES (920, '2013-07-26', 449, 224, 81, 514, 1, NULL, 1321, 0.74, 52);
INSERT INTO WORKS_LIST (WL_ID, WORK_DATE, MASHINE_ID, DRIVER_ID, TARIF_ID, OBJECT_ID, MAIN_REC, MAIN_NUM, TARIF_RATE, STENDBY_TIME, EMPL_ID) VALUES (921, '2013-08-10', 443, 284, 74, 508, 0, NULL, 181, 0.26, 1);
INSERT INTO WORKS_LIST (WL_ID, WORK_DATE, MASHINE_ID, DRIVER_ID, TARIF_ID, OBJECT_ID, MAIN_REC, MAIN_NUM, TARIF_RATE, STENDBY_TIME, EMPL_ID) VALUES (922, '2013-08-30', 443, 268, 79, 499, 1, NULL, 211, 0.46, 767);
INSERT INTO WORKS_LIST (WL_ID, WORK_DATE, MASHINE_ID, DRIVER_ID, TARIF_ID, OBJECT_ID, MAIN_REC, MAIN_NUM, TARIF_RATE, STENDBY_TIME, EMPL_ID) VALUES (923, '2013-08-29', 488, 276, 78, 509, 1, NULL, 275, 0.95, 1);
INSERT INTO WORKS_LIST (WL_ID, WORK_DATE, MASHINE_ID, DRIVER_ID, TARIF_ID, OBJECT_ID, MAIN_REC, MAIN_NUM, TARIF_RATE, STENDBY_TIME, EMPL_ID) VALUES (924, '2013-09-01', 411, 282, 81, 507, 0, NULL, 1277, 0.17, 146);
INSERT INTO WORKS_LIST (WL_ID, WORK_DATE, MASHINE_ID, DRIVER_ID, TARIF_ID, OBJECT_ID, MAIN_REC, MAIN_NUM, TARIF_RATE, STENDBY_TIME, EMPL_ID) VALUES (925, '2013-08-27', 475, 287, 81, 495, 0, NULL, 211, 0.89, 1);
INSERT INTO WORKS_LIST (WL_ID, WORK_DATE, MASHINE_ID, DRIVER_ID, TARIF_ID, OBJECT_ID, MAIN_REC, MAIN_NUM, TARIF_RATE, STENDBY_TIME, EMPL_ID) VALUES (926, '2013-08-15', 400, 309, 81, 508, 0, NULL, 1319, 0.59, 146);
INSERT INTO WORKS_LIST (WL_ID, WORK_DATE, MASHINE_ID, DRIVER_ID, TARIF_ID, OBJECT_ID, MAIN_REC, MAIN_NUM, TARIF_RATE, STENDBY_TIME, EMPL_ID) VALUES (927, '2013-08-24', 475, 249, -1, 491, 0, NULL, 1352, 0, 52);
INSERT INTO WORKS_LIST (WL_ID, WORK_DATE, MASHINE_ID, DRIVER_ID, TARIF_ID, OBJECT_ID, MAIN_REC, MAIN_NUM, TARIF_RATE, STENDBY_TIME, EMPL_ID) VALUES (928, '2013-08-12', 431, 240, 229, 517, 0, NULL, 1299, 0.01, 767);
INSERT INTO WORKS_LIST (WL_ID, WORK_DATE, MASHINE_ID, DRIVER_ID, TARIF_ID, OBJECT_ID, MAIN_REC, MAIN_NUM, TARIF_RATE, STENDBY_TIME, EMPL_ID) VALUES (929, '2013-08-19', 461, 225, 229, 507, 0, NULL, 180, 0.42, 146);
INSERT INTO WORKS_LIST (WL_ID, WORK_DATE, MASHINE_ID, DRIVER_ID, TARIF_ID, OBJECT_ID, MAIN_REC, MAIN_NUM, TARIF_RATE, STENDBY_TIME, EMPL_ID) VALUES (930, '2013-07-22', 437, 251, 79, 511, 1, NULL, 1318, 0.31, 146);
INSERT INTO WORKS_LIST (WL_ID, WORK_DATE, MASHINE_ID, DRIVER_ID, TARIF_ID, OBJECT_ID, MAIN_REC, MAIN_NUM, TARIF_RATE, STENDBY_TIME, EMPL_ID) VALUES (931, '2013-07-28', 435, 290, 82, 513, 0, NULL, 159, 0.77, 1);
INSERT INTO WORKS_LIST (WL_ID, WORK_DATE, MASHINE_ID, DRIVER_ID, TARIF_ID, OBJECT_ID, MAIN_REC, MAIN_NUM, TARIF_RATE, STENDBY_TIME, EMPL_ID) VALUES (932, '2013-07-16', 451, 256, 80, 498, 0, NULL, 1308, 0.07, 767);
INSERT INTO WORKS_LIST (WL_ID, WORK_DATE, MASHINE_ID, DRIVER_ID, TARIF_ID, OBJECT_ID, MAIN_REC, MAIN_NUM, TARIF_RATE, STENDBY_TIME, EMPL_ID) VALUES (933, '2013-09-09', 425, 266, 72, 513, 0, NULL, 1280, 0.56, 146);
INSERT INTO WORKS_LIST (WL_ID, WORK_DATE, MASHINE_ID, DRIVER_ID, TARIF_ID, OBJECT_ID, MAIN_REC, MAIN_NUM, TARIF_RATE, STENDBY_TIME, EMPL_ID) VALUES (934, '2013-07-26', 443, 308, 76, 507, 1, NULL, 1371, 0.75, 146);
INSERT INTO WORKS_LIST (WL_ID, WORK_DATE, MASHINE_ID, DRIVER_ID, TARIF_ID, OBJECT_ID, MAIN_REC, MAIN_NUM, TARIF_RATE, STENDBY_TIME, EMPL_ID) VALUES (935, '2013-07-28', 426, 241, 76, 508, 1, NULL, 181, 0.35, 52);
INSERT INTO WORKS_LIST (WL_ID, WORK_DATE, MASHINE_ID, DRIVER_ID, TARIF_ID, OBJECT_ID, MAIN_REC, MAIN_NUM, TARIF_RATE, STENDBY_TIME, EMPL_ID) VALUES (936, '2013-08-09', 448, 228, 229, 491, 0, NULL, 179, 0.4, 146);
INSERT INTO WORKS_LIST (WL_ID, WORK_DATE, MASHINE_ID, DRIVER_ID, TARIF_ID, OBJECT_ID, MAIN_REC, MAIN_NUM, TARIF_RATE, STENDBY_TIME, EMPL_ID) VALUES (937, '2013-08-07', 481, 268, 78, 508, 0, NULL, 1371, 0.18, 146);
INSERT INTO WORKS_LIST (WL_ID, WORK_DATE, MASHINE_ID, DRIVER_ID, TARIF_ID, OBJECT_ID, MAIN_REC, MAIN_NUM, TARIF_RATE, STENDBY_TIME, EMPL_ID) VALUES (938, '2013-09-09', 488, 236, 82, 518, 1, NULL, 1279, 0.28, 146);
INSERT INTO WORKS_LIST (WL_ID, WORK_DATE, MASHINE_ID, DRIVER_ID, TARIF_ID, OBJECT_ID, MAIN_REC, MAIN_NUM, TARIF_RATE, STENDBY_TIME, EMPL_ID) VALUES (939, '2013-09-02', 441, 277, 80, 497, 0, NULL, 1352, 0.08, 146);
INSERT INTO WORKS_LIST (WL_ID, WORK_DATE, MASHINE_ID, DRIVER_ID, TARIF_ID, OBJECT_ID, MAIN_REC, MAIN_NUM, TARIF_RATE, STENDBY_TIME, EMPL_ID) VALUES (940, '2013-09-09', 480, 298, 78, 501, 0, NULL, 159, 0.82, 146);
INSERT INTO WORKS_LIST (WL_ID, WORK_DATE, MASHINE_ID, DRIVER_ID, TARIF_ID, OBJECT_ID, MAIN_REC, MAIN_NUM, TARIF_RATE, STENDBY_TIME, EMPL_ID) VALUES (941, '2013-08-15', 488, 279, 72, 500, 1, NULL, 1280, 0.4, 146);
INSERT INTO WORKS_LIST (WL_ID, WORK_DATE, MASHINE_ID, DRIVER_ID, TARIF_ID, OBJECT_ID, MAIN_REC, MAIN_NUM, TARIF_RATE, STENDBY_TIME, EMPL_ID) VALUES (942, '2013-07-29', 435, 305, 81, 499, 0, NULL, 1297, 0.51, 52);
INSERT INTO WORKS_LIST (WL_ID, WORK_DATE, MASHINE_ID, DRIVER_ID, TARIF_ID, OBJECT_ID, MAIN_REC, MAIN_NUM, TARIF_RATE, STENDBY_TIME, EMPL_ID) VALUES (943, '2013-08-26', 463, 247, 78, 496, 0, NULL, 1352, 0.03, 1);
INSERT INTO WORKS_LIST (WL_ID, WORK_DATE, MASHINE_ID, DRIVER_ID, TARIF_ID, OBJECT_ID, MAIN_REC, MAIN_NUM, TARIF_RATE, STENDBY_TIME, EMPL_ID) VALUES (944, '2013-07-20', 453, 258, 72, 512, 1, NULL, 182, 0.31, 52);
INSERT INTO WORKS_LIST (WL_ID, WORK_DATE, MASHINE_ID, DRIVER_ID, TARIF_ID, OBJECT_ID, MAIN_REC, MAIN_NUM, TARIF_RATE, STENDBY_TIME, EMPL_ID) VALUES (945, '2013-08-14', 481, 216, 81, 495, 0, NULL, 1376, 0.79, 52);
INSERT INTO WORKS_LIST (WL_ID, WORK_DATE, MASHINE_ID, DRIVER_ID, TARIF_ID, OBJECT_ID, MAIN_REC, MAIN_NUM, TARIF_RATE, STENDBY_TIME, EMPL_ID) VALUES (946, '2013-09-02', 418, 216, 75, 503, 1, NULL, 1298, 0.66, 1);
INSERT INTO WORKS_LIST (WL_ID, WORK_DATE, MASHINE_ID, DRIVER_ID, TARIF_ID, OBJECT_ID, MAIN_REC, MAIN_NUM, TARIF_RATE, STENDBY_TIME, EMPL_ID) VALUES (947, '2013-09-08', 427, 281, 229, 517, 1, NULL, 1298, 0.43, 146);
INSERT INTO WORKS_LIST (WL_ID, WORK_DATE, MASHINE_ID, DRIVER_ID, TARIF_ID, OBJECT_ID, MAIN_REC, MAIN_NUM, TARIF_RATE, STENDBY_TIME, EMPL_ID) VALUES (948, '2013-08-22', 468, 235, 74, 498, 1, NULL, 1279, 0.42, 1);
INSERT INTO WORKS_LIST (WL_ID, WORK_DATE, MASHINE_ID, DRIVER_ID, TARIF_ID, OBJECT_ID, MAIN_REC, MAIN_NUM, TARIF_RATE, STENDBY_TIME, EMPL_ID) VALUES (949, '2013-07-13', 461, 246, -1, 504, 1, NULL, 1279, 0.64, 52);
INSERT INTO WORKS_LIST (WL_ID, WORK_DATE, MASHINE_ID, DRIVER_ID, TARIF_ID, OBJECT_ID, MAIN_REC, MAIN_NUM, TARIF_RATE, STENDBY_TIME, EMPL_ID) VALUES (950, '2013-07-22', 407, 272, 81, 496, 0, NULL, 1297, 0.17, 52);
INSERT INTO WORKS_LIST (WL_ID, WORK_DATE, MASHINE_ID, DRIVER_ID, TARIF_ID, OBJECT_ID, MAIN_REC, MAIN_NUM, TARIF_RATE, STENDBY_TIME, EMPL_ID) VALUES (951, '2013-08-23', 485, 295, 78, 496, 1, NULL, 276, 0.27, 767);
INSERT INTO WORKS_LIST (WL_ID, WORK_DATE, MASHINE_ID, DRIVER_ID, TARIF_ID, OBJECT_ID, MAIN_REC, MAIN_NUM, TARIF_RATE, STENDBY_TIME, EMPL_ID) VALUES (952, '2013-08-29', 479, 228, 80, 504, 0, NULL, 1277, 0.08, 146);
INSERT INTO WORKS_LIST (WL_ID, WORK_DATE, MASHINE_ID, DRIVER_ID, TARIF_ID, OBJECT_ID, MAIN_REC, MAIN_NUM, TARIF_RATE, STENDBY_TIME, EMPL_ID) VALUES (953, '2013-07-22', 422, 296, 74, 503, 1, NULL, 1373, 0.77, 1);
INSERT INTO WORKS_LIST (WL_ID, WORK_DATE, MASHINE_ID, DRIVER_ID, TARIF_ID, OBJECT_ID, MAIN_REC, MAIN_NUM, TARIF_RATE, STENDBY_TIME, EMPL_ID) VALUES (954, '2013-09-05', 487, 233, 77, 502, 1, NULL, 1279, 0.42, 146);
INSERT INTO WORKS_LIST (WL_ID, WORK_DATE, MASHINE_ID, DRIVER_ID, TARIF_ID, OBJECT_ID, MAIN_REC, MAIN_NUM, TARIF_RATE, STENDBY_TIME, EMPL_ID) VALUES (955, '2013-08-15', 408, 288, 74, 501, 1, NULL, 1314, 0.43, 767);
INSERT INTO WORKS_LIST (WL_ID, WORK_DATE, MASHINE_ID, DRIVER_ID, TARIF_ID, OBJECT_ID, MAIN_REC, MAIN_NUM, TARIF_RATE, STENDBY_TIME, EMPL_ID) VALUES (956, '2013-07-16', 487, 223, 229, 498, 0, NULL, 1299, 0.37, 1);
INSERT INTO WORKS_LIST (WL_ID, WORK_DATE, MASHINE_ID, DRIVER_ID, TARIF_ID, OBJECT_ID, MAIN_REC, MAIN_NUM, TARIF_RATE, STENDBY_TIME, EMPL_ID) VALUES (957, '2013-08-01', 473, 244, 72, 511, 0, NULL, 1318, 0.19, 1);
INSERT INTO WORKS_LIST (WL_ID, WORK_DATE, MASHINE_ID, DRIVER_ID, TARIF_ID, OBJECT_ID, MAIN_REC, MAIN_NUM, TARIF_RATE, STENDBY_TIME, EMPL_ID) VALUES (958, '2013-07-24', 420, 293, 75, 491, 1, NULL, 1280, 0.8, 52);
INSERT INTO WORKS_LIST (WL_ID, WORK_DATE, MASHINE_ID, DRIVER_ID, TARIF_ID, OBJECT_ID, MAIN_REC, MAIN_NUM, TARIF_RATE, STENDBY_TIME, EMPL_ID) VALUES (959, '2013-07-31', 440, 284, 81, 493, 0, NULL, 2972, 0.98, 1);
INSERT INTO WORKS_LIST (WL_ID, WORK_DATE, MASHINE_ID, DRIVER_ID, TARIF_ID, OBJECT_ID, MAIN_REC, MAIN_NUM, TARIF_RATE, STENDBY_TIME, EMPL_ID) VALUES (960, '2013-07-18', 449, 210, 75, 496, 0, NULL, 1313, 0.1, 767);
INSERT INTO WORKS_LIST (WL_ID, WORK_DATE, MASHINE_ID, DRIVER_ID, TARIF_ID, OBJECT_ID, MAIN_REC, MAIN_NUM, TARIF_RATE, STENDBY_TIME, EMPL_ID) VALUES (961, '2013-08-01', 448, 265, 74, 514, 0, NULL, 1298, 0.67, 1);
INSERT INTO WORKS_LIST (WL_ID, WORK_DATE, MASHINE_ID, DRIVER_ID, TARIF_ID, OBJECT_ID, MAIN_REC, MAIN_NUM, TARIF_RATE, STENDBY_TIME, EMPL_ID) VALUES (962, '2013-07-21', 413, 248, 76, 501, 0, NULL, 1307, 0.69, 52);
INSERT INTO WORKS_LIST (WL_ID, WORK_DATE, MASHINE_ID, DRIVER_ID, TARIF_ID, OBJECT_ID, MAIN_REC, MAIN_NUM, TARIF_RATE, STENDBY_TIME, EMPL_ID) VALUES (963, '2013-09-08', 460, 291, 229, 492, 1, NULL, 1308, 0.74, 52);
INSERT INTO WORKS_LIST (WL_ID, WORK_DATE, MASHINE_ID, DRIVER_ID, TARIF_ID, OBJECT_ID, MAIN_REC, MAIN_NUM, TARIF_RATE, STENDBY_TIME, EMPL_ID) VALUES (964, '2013-08-24', 425, 246, 81, 498, 0, NULL, 2972, 0.38, 767);
INSERT INTO WORKS_LIST (WL_ID, WORK_DATE, MASHINE_ID, DRIVER_ID, TARIF_ID, OBJECT_ID, MAIN_REC, MAIN_NUM, TARIF_RATE, STENDBY_TIME, EMPL_ID) VALUES (965, '2013-08-22', 448, 236, 78, 507, 0, NULL, 182, 0.04, 52);
INSERT INTO WORKS_LIST (WL_ID, WORK_DATE, MASHINE_ID, DRIVER_ID, TARIF_ID, OBJECT_ID, MAIN_REC, MAIN_NUM, TARIF_RATE, STENDBY_TIME, EMPL_ID) VALUES (966, '2013-07-19', 419, 268, 76, 494, 0, NULL, 275, 0.99, 1);
INSERT INTO WORKS_LIST (WL_ID, WORK_DATE, MASHINE_ID, DRIVER_ID, TARIF_ID, OBJECT_ID, MAIN_REC, MAIN_NUM, TARIF_RATE, STENDBY_TIME, EMPL_ID) VALUES (967, '2013-09-09', 414, 308, 81, 499, 0, NULL, 1314, 0.04, 1);
INSERT INTO WORKS_LIST (WL_ID, WORK_DATE, MASHINE_ID, DRIVER_ID, TARIF_ID, OBJECT_ID, MAIN_REC, MAIN_NUM, TARIF_RATE, STENDBY_TIME, EMPL_ID) VALUES (968, '2013-07-19', 435, 295, 82, 514, 1, NULL, 1376, 0.47, 767);
INSERT INTO WORKS_LIST (WL_ID, WORK_DATE, MASHINE_ID, DRIVER_ID, TARIF_ID, OBJECT_ID, MAIN_REC, MAIN_NUM, TARIF_RATE, STENDBY_TIME, EMPL_ID) VALUES (969, '2013-07-29', 467, 244, 72, 494, 0, NULL, 1352, 0.66, 1);
INSERT INTO WORKS_LIST (WL_ID, WORK_DATE, MASHINE_ID, DRIVER_ID, TARIF_ID, OBJECT_ID, MAIN_REC, MAIN_NUM, TARIF_RATE, STENDBY_TIME, EMPL_ID) VALUES (970, '2013-09-10', 468, 282, 229, 514, 0, NULL, 1298, 0.23, 767);
INSERT INTO WORKS_LIST (WL_ID, WORK_DATE, MASHINE_ID, DRIVER_ID, TARIF_ID, OBJECT_ID, MAIN_REC, MAIN_NUM, TARIF_RATE, STENDBY_TIME, EMPL_ID) VALUES (971, '2013-08-24', 480, 235, -1, 492, 0, NULL, 180, 0.28, 52);
INSERT INTO WORKS_LIST (WL_ID, WORK_DATE, MASHINE_ID, DRIVER_ID, TARIF_ID, OBJECT_ID, MAIN_REC, MAIN_NUM, TARIF_RATE, STENDBY_TIME, EMPL_ID) VALUES (972, '2013-08-09', 451, 245, 80, 497, 1, NULL, 179, 0.53, 767);
INSERT INTO WORKS_LIST (WL_ID, WORK_DATE, MASHINE_ID, DRIVER_ID, TARIF_ID, OBJECT_ID, MAIN_REC, MAIN_NUM, TARIF_RATE, STENDBY_TIME, EMPL_ID) VALUES (973, '2013-07-14', 488, 277, 80, 518, 1, NULL, 182, 0.53, 52);
INSERT INTO WORKS_LIST (WL_ID, WORK_DATE, MASHINE_ID, DRIVER_ID, TARIF_ID, OBJECT_ID, MAIN_REC, MAIN_NUM, TARIF_RATE, STENDBY_TIME, EMPL_ID) VALUES (974, '2013-07-24', 423, 263, 82, 495, 0, NULL, 277, 0.57, 52);
INSERT INTO WORKS_LIST (WL_ID, WORK_DATE, MASHINE_ID, DRIVER_ID, TARIF_ID, OBJECT_ID, MAIN_REC, MAIN_NUM, TARIF_RATE, STENDBY_TIME, EMPL_ID) VALUES (975, '2013-08-02', 474, 307, 79, 499, 0, NULL, 211, 0.91, 767);
INSERT INTO WORKS_LIST (WL_ID, WORK_DATE, MASHINE_ID, DRIVER_ID, TARIF_ID, OBJECT_ID, MAIN_REC, MAIN_NUM, TARIF_RATE, STENDBY_TIME, EMPL_ID) VALUES (976, '2013-09-07', 443, 266, 72, 492, 1, NULL, 1314, 0.2, 146);
INSERT INTO WORKS_LIST (WL_ID, WORK_DATE, MASHINE_ID, DRIVER_ID, TARIF_ID, OBJECT_ID, MAIN_REC, MAIN_NUM, TARIF_RATE, STENDBY_TIME, EMPL_ID) VALUES (977, '2013-09-01', 463, 235, -1, 500, 1, NULL, 1318, 0.9, 52);
INSERT INTO WORKS_LIST (WL_ID, WORK_DATE, MASHINE_ID, DRIVER_ID, TARIF_ID, OBJECT_ID, MAIN_REC, MAIN_NUM, TARIF_RATE, STENDBY_TIME, EMPL_ID) VALUES (978, '2013-07-30', 435, 271, 78, 502, 1, NULL, 2972, 0.97, 146);
INSERT INTO WORKS_LIST (WL_ID, WORK_DATE, MASHINE_ID, DRIVER_ID, TARIF_ID, OBJECT_ID, MAIN_REC, MAIN_NUM, TARIF_RATE, STENDBY_TIME, EMPL_ID) VALUES (979, '2013-07-25', 451, 276, 80, 510, 0, NULL, 1280, 0.71, 146);
INSERT INTO WORKS_LIST (WL_ID, WORK_DATE, MASHINE_ID, DRIVER_ID, TARIF_ID, OBJECT_ID, MAIN_REC, MAIN_NUM, TARIF_RATE, STENDBY_TIME, EMPL_ID) VALUES (980, '2013-08-31', 414, 301, 75, 509, 1, NULL, 1280, 0.99, 767);
INSERT INTO WORKS_LIST (WL_ID, WORK_DATE, MASHINE_ID, DRIVER_ID, TARIF_ID, OBJECT_ID, MAIN_REC, MAIN_NUM, TARIF_RATE, STENDBY_TIME, EMPL_ID) VALUES (981, '2013-08-26', 449, 253, 74, 493, 0, NULL, 1279, 0.37, 146);
INSERT INTO WORKS_LIST (WL_ID, WORK_DATE, MASHINE_ID, DRIVER_ID, TARIF_ID, OBJECT_ID, MAIN_REC, MAIN_NUM, TARIF_RATE, STENDBY_TIME, EMPL_ID) VALUES (982, '2013-08-11', 481, 281, 82, 519, 1, NULL, 1298, 0.5, 1);
INSERT INTO WORKS_LIST (WL_ID, WORK_DATE, MASHINE_ID, DRIVER_ID, TARIF_ID, OBJECT_ID, MAIN_REC, MAIN_NUM, TARIF_RATE, STENDBY_TIME, EMPL_ID) VALUES (983, '2013-09-08', 454, 274, 81, 514, 1, NULL, 1297, 0.6, 52);
INSERT INTO WORKS_LIST (WL_ID, WORK_DATE, MASHINE_ID, DRIVER_ID, TARIF_ID, OBJECT_ID, MAIN_REC, MAIN_NUM, TARIF_RATE, STENDBY_TIME, EMPL_ID) VALUES (984, '2013-08-09', 436, 305, 78, 519, 1, NULL, 1319, 0, 767);
INSERT INTO WORKS_LIST (WL_ID, WORK_DATE, MASHINE_ID, DRIVER_ID, TARIF_ID, OBJECT_ID, MAIN_REC, MAIN_NUM, TARIF_RATE, STENDBY_TIME, EMPL_ID) VALUES (985, '2013-09-08', 477, 246, 229, 513, 0, NULL, 277, 0.79, 146);
INSERT INTO WORKS_LIST (WL_ID, WORK_DATE, MASHINE_ID, DRIVER_ID, TARIF_ID, OBJECT_ID, MAIN_REC, MAIN_NUM, TARIF_RATE, STENDBY_TIME, EMPL_ID) VALUES (986, '2013-08-05', 443, 246, 229, 496, 0, NULL, 180, 0.61, 767);
INSERT INTO WORKS_LIST (WL_ID, WORK_DATE, MASHINE_ID, DRIVER_ID, TARIF_ID, OBJECT_ID, MAIN_REC, MAIN_NUM, TARIF_RATE, STENDBY_TIME, EMPL_ID) VALUES (987, '2013-07-13', 451, 242, 229, 495, 0, NULL, 277, 0.36, 146);
INSERT INTO WORKS_LIST (WL_ID, WORK_DATE, MASHINE_ID, DRIVER_ID, TARIF_ID, OBJECT_ID, MAIN_REC, MAIN_NUM, TARIF_RATE, STENDBY_TIME, EMPL_ID) VALUES (988, '2013-07-27', 442, 220, 78, 501, 1, NULL, 211, 0.39, 52);
INSERT INTO WORKS_LIST (WL_ID, WORK_DATE, MASHINE_ID, DRIVER_ID, TARIF_ID, OBJECT_ID, MAIN_REC, MAIN_NUM, TARIF_RATE, STENDBY_TIME, EMPL_ID) VALUES (989, '2013-08-10', 408, 309, 72, 496, 0, NULL, 1321, 0.54, 52);
INSERT INTO WORKS_LIST (WL_ID, WORK_DATE, MASHINE_ID, DRIVER_ID, TARIF_ID, OBJECT_ID, MAIN_REC, MAIN_NUM, TARIF_RATE, STENDBY_TIME, EMPL_ID) VALUES (990, '2013-08-14', 436, 241, 81, 490, 0, NULL, 276, 0.69, 767);
INSERT INTO WORKS_LIST (WL_ID, WORK_DATE, MASHINE_ID, DRIVER_ID, TARIF_ID, OBJECT_ID, MAIN_REC, MAIN_NUM, TARIF_RATE, STENDBY_TIME, EMPL_ID) VALUES (991, '2013-08-13', 464, 211, 77, 495, 1, NULL, 2972, 0.94, 146);
INSERT INTO WORKS_LIST (WL_ID, WORK_DATE, MASHINE_ID, DRIVER_ID, TARIF_ID, OBJECT_ID, MAIN_REC, MAIN_NUM, TARIF_RATE, STENDBY_TIME, EMPL_ID) VALUES (992, '2013-08-19', 484, 252, 82, 497, 1, NULL, 1372, 0.64, 1);
INSERT INTO WORKS_LIST (WL_ID, WORK_DATE, MASHINE_ID, DRIVER_ID, TARIF_ID, OBJECT_ID, MAIN_REC, MAIN_NUM, TARIF_RATE, STENDBY_TIME, EMPL_ID) VALUES (993, '2013-07-25', 485, 245, 229, 515, 0, NULL, 1319, 0.95, 52);
INSERT INTO WORKS_LIST (WL_ID, WORK_DATE, MASHINE_ID, DRIVER_ID, TARIF_ID, OBJECT_ID, MAIN_REC, MAIN_NUM, TARIF_RATE, STENDBY_TIME, EMPL_ID) VALUES (994, '2013-09-03', 460, 255, 74, 507, 1, NULL, 2972, 0.31, 146);
INSERT INTO WORKS_LIST (WL_ID, WORK_DATE, MASHINE_ID, DRIVER_ID, TARIF_ID, OBJECT_ID, MAIN_REC, MAIN_NUM, TARIF_RATE, STENDBY_TIME, EMPL_ID) VALUES (995, '2013-08-10', 443, 304, 81, 506, 1, NULL, 2972, 0.33, 52);
INSERT INTO WORKS_LIST (WL_ID, WORK_DATE, MASHINE_ID, DRIVER_ID, TARIF_ID, OBJECT_ID, MAIN_REC, MAIN_NUM, TARIF_RATE, STENDBY_TIME, EMPL_ID) VALUES (996, '2013-07-21', 401, 288, 229, 492, 0, NULL, 1279, 0.61, 52);
INSERT INTO WORKS_LIST (WL_ID, WORK_DATE, MASHINE_ID, DRIVER_ID, TARIF_ID, OBJECT_ID, MAIN_REC, MAIN_NUM, TARIF_RATE, STENDBY_TIME, EMPL_ID) VALUES (997, '2013-09-06', 452, 295, 72, 502, 0, NULL, 1370, 0.93, 146);
INSERT INTO WORKS_LIST (WL_ID, WORK_DATE, MASHINE_ID, DRIVER_ID, TARIF_ID, OBJECT_ID, MAIN_REC, MAIN_NUM, TARIF_RATE, STENDBY_TIME, EMPL_ID) VALUES (998, '2013-07-26', 488, 248, 76, 515, 1, NULL, 1313, 0.99, 52);
INSERT INTO WORKS_LIST (WL_ID, WORK_DATE, MASHINE_ID, DRIVER_ID, TARIF_ID, OBJECT_ID, MAIN_REC, MAIN_NUM, TARIF_RATE, STENDBY_TIME, EMPL_ID) VALUES (999, '2013-08-22', 449, 294, -1, 505, 0, NULL, 1308, 0.09, 52);
INSERT INTO WORKS_LIST (WL_ID, WORK_DATE, MASHINE_ID, DRIVER_ID, TARIF_ID, OBJECT_ID, MAIN_REC, MAIN_NUM, TARIF_RATE, STENDBY_TIME, EMPL_ID) VALUES (1000, '2013-08-24', 432, 254, -1, 490, 1, NULL, 1318, 0.8, 146);
INSERT INTO WORKS_LIST (WL_ID, WORK_DATE, MASHINE_ID, DRIVER_ID, TARIF_ID, OBJECT_ID, MAIN_REC, MAIN_NUM, TARIF_RATE, STENDBY_TIME, EMPL_ID) VALUES (1001, '2013-08-07', 485, 279, 82, 510, 0, NULL, 1370, 0.09, 1);
INSERT INTO WORKS_LIST (WL_ID, WORK_DATE, MASHINE_ID, DRIVER_ID, TARIF_ID, OBJECT_ID, MAIN_REC, MAIN_NUM, TARIF_RATE, STENDBY_TIME, EMPL_ID) VALUES (1002, '2013-07-24', 463, 208, 81, 517, 1, NULL, 1376, 0.4, 146);
INSERT INTO WORKS_LIST (WL_ID, WORK_DATE, MASHINE_ID, DRIVER_ID, TARIF_ID, OBJECT_ID, MAIN_REC, MAIN_NUM, TARIF_RATE, STENDBY_TIME, EMPL_ID) VALUES (1003, '2013-07-18', 408, 254, 72, 501, 0, NULL, 1352, 0.01, 767);
INSERT INTO WORKS_LIST (WL_ID, WORK_DATE, MASHINE_ID, DRIVER_ID, TARIF_ID, OBJECT_ID, MAIN_REC, MAIN_NUM, TARIF_RATE, STENDBY_TIME, EMPL_ID) VALUES (1004, '2013-08-30', 413, 301, 76, 505, 1, NULL, 1373, 0.31, 1);
INSERT INTO WORKS_LIST (WL_ID, WORK_DATE, MASHINE_ID, DRIVER_ID, TARIF_ID, OBJECT_ID, MAIN_REC, MAIN_NUM, TARIF_RATE, STENDBY_TIME, EMPL_ID) VALUES (1005, '2013-08-26', 406, 302, 78, 504, 1, NULL, 1371, 0.88, 767);
INSERT INTO WORKS_LIST (WL_ID, WORK_DATE, MASHINE_ID, DRIVER_ID, TARIF_ID, OBJECT_ID, MAIN_REC, MAIN_NUM, TARIF_RATE, STENDBY_TIME, EMPL_ID) VALUES (1006, '2013-07-18', 451, 232, 77, 491, 0, NULL, 1318, 0.21, 767);
INSERT INTO WORKS_LIST (WL_ID, WORK_DATE, MASHINE_ID, DRIVER_ID, TARIF_ID, OBJECT_ID, MAIN_REC, MAIN_NUM, TARIF_RATE, STENDBY_TIME, EMPL_ID) VALUES (1007, '2013-07-30', 436, 281, 72, 496, 0, NULL, 2973, 0.5, 52);
INSERT INTO WORKS_LIST (WL_ID, WORK_DATE, MASHINE_ID, DRIVER_ID, TARIF_ID, OBJECT_ID, MAIN_REC, MAIN_NUM, TARIF_RATE, STENDBY_TIME, EMPL_ID) VALUES (1008, '2013-07-31', 429, 297, 77, 501, 0, NULL, 211, 0.6, 146);
INSERT INTO WORKS_LIST (WL_ID, WORK_DATE, MASHINE_ID, DRIVER_ID, TARIF_ID, OBJECT_ID, MAIN_REC, MAIN_NUM, TARIF_RATE, STENDBY_TIME, EMPL_ID) VALUES (1009, '2013-08-01', 445, 249, 74, 515, 0, NULL, 277, 0.63, 767);
INSERT INTO WORKS_LIST (WL_ID, WORK_DATE, MASHINE_ID, DRIVER_ID, TARIF_ID, OBJECT_ID, MAIN_REC, MAIN_NUM, TARIF_RATE, STENDBY_TIME, EMPL_ID) VALUES (1010, '2013-09-10', 433, 274, 76, 497, 0, NULL, 1297, 0.19, 52);
INSERT INTO WORKS_LIST (WL_ID, WORK_DATE, MASHINE_ID, DRIVER_ID, TARIF_ID, OBJECT_ID, MAIN_REC, MAIN_NUM, TARIF_RATE, STENDBY_TIME, EMPL_ID) VALUES (1011, '2013-08-04', 479, 295, 76, 511, 1, NULL, 1308, 0.82, 146);
INSERT INTO WORKS_LIST (WL_ID, WORK_DATE, MASHINE_ID, DRIVER_ID, TARIF_ID, OBJECT_ID, MAIN_REC, MAIN_NUM, TARIF_RATE, STENDBY_TIME, EMPL_ID) VALUES (1012, '2013-07-14', 451, 293, 80, 504, 1, NULL, 181, 0.85, 1);
INSERT INTO WORKS_LIST (WL_ID, WORK_DATE, MASHINE_ID, DRIVER_ID, TARIF_ID, OBJECT_ID, MAIN_REC, MAIN_NUM, TARIF_RATE, STENDBY_TIME, EMPL_ID) VALUES (1013, '2013-08-09', 479, 226, 72, 496, 0, NULL, 1277, 0.43, 146);
INSERT INTO WORKS_LIST (WL_ID, WORK_DATE, MASHINE_ID, DRIVER_ID, TARIF_ID, OBJECT_ID, MAIN_REC, MAIN_NUM, TARIF_RATE, STENDBY_TIME, EMPL_ID) VALUES (1014, '2013-09-05', 442, 252, 76, 506, 1, NULL, 1321, 0.15, 767);
INSERT INTO WORKS_LIST (WL_ID, WORK_DATE, MASHINE_ID, DRIVER_ID, TARIF_ID, OBJECT_ID, MAIN_REC, MAIN_NUM, TARIF_RATE, STENDBY_TIME, EMPL_ID) VALUES (1015, '2013-08-06', 477, 214, 74, 496, 0, NULL, 211, 0.03, 767);
INSERT INTO WORKS_LIST (WL_ID, WORK_DATE, MASHINE_ID, DRIVER_ID, TARIF_ID, OBJECT_ID, MAIN_REC, MAIN_NUM, TARIF_RATE, STENDBY_TIME, EMPL_ID) VALUES (1016, '2013-07-24', 418, 294, 82, 505, 0, NULL, 1373, 0.59, 52);
INSERT INTO WORKS_LIST (WL_ID, WORK_DATE, MASHINE_ID, DRIVER_ID, TARIF_ID, OBJECT_ID, MAIN_REC, MAIN_NUM, TARIF_RATE, STENDBY_TIME, EMPL_ID) VALUES (1017, '2013-08-01', 454, 248, 78, 491, 1, NULL, 1298, 0.18, 767);
INSERT INTO WORKS_LIST (WL_ID, WORK_DATE, MASHINE_ID, DRIVER_ID, TARIF_ID, OBJECT_ID, MAIN_REC, MAIN_NUM, TARIF_RATE, STENDBY_TIME, EMPL_ID) VALUES (1018, '2013-08-15', 464, 249, 77, 510, 1, NULL, 1308, 0.82, 52);
INSERT INTO WORKS_LIST (WL_ID, WORK_DATE, MASHINE_ID, DRIVER_ID, TARIF_ID, OBJECT_ID, MAIN_REC, MAIN_NUM, TARIF_RATE, STENDBY_TIME, EMPL_ID) VALUES (1019, '2013-07-30', 422, 306, 76, 493, 1, NULL, 276, 0.36, 767);
INSERT INTO WORKS_LIST (WL_ID, WORK_DATE, MASHINE_ID, DRIVER_ID, TARIF_ID, OBJECT_ID, MAIN_REC, MAIN_NUM, TARIF_RATE, STENDBY_TIME, EMPL_ID) VALUES (1020, '2013-08-18', 420, 241, 72, 518, 1, NULL, 2972, 0.9, 52);
INSERT INTO WORKS_LIST (WL_ID, WORK_DATE, MASHINE_ID, DRIVER_ID, TARIF_ID, OBJECT_ID, MAIN_REC, MAIN_NUM, TARIF_RATE, STENDBY_TIME, EMPL_ID) VALUES (1021, '2013-08-15', 423, 228, 76, 490, 1, NULL, 181, 0.46, 767);
INSERT INTO WORKS_LIST (WL_ID, WORK_DATE, MASHINE_ID, DRIVER_ID, TARIF_ID, OBJECT_ID, MAIN_REC, MAIN_NUM, TARIF_RATE, STENDBY_TIME, EMPL_ID) VALUES (1022, '2013-08-12', 453, 221, 229, 490, 0, NULL, 2973, 0.8, 52);
INSERT INTO WORKS_LIST (WL_ID, WORK_DATE, MASHINE_ID, DRIVER_ID, TARIF_ID, OBJECT_ID, MAIN_REC, MAIN_NUM, TARIF_RATE, STENDBY_TIME, EMPL_ID) VALUES (1023, '2013-08-24', 436, 293, 74, 511, 0, NULL, 1370, 0.5, 767);
INSERT INTO WORKS_LIST (WL_ID, WORK_DATE, MASHINE_ID, DRIVER_ID, TARIF_ID, OBJECT_ID, MAIN_REC, MAIN_NUM, TARIF_RATE, STENDBY_TIME, EMPL_ID) VALUES (1024, '2013-09-08', 418, 210, 78, 512, 1, NULL, 1318, 0.35, 52);
INSERT INTO WORKS_LIST (WL_ID, WORK_DATE, MASHINE_ID, DRIVER_ID, TARIF_ID, OBJECT_ID, MAIN_REC, MAIN_NUM, TARIF_RATE, STENDBY_TIME, EMPL_ID) VALUES (1025, '2013-07-27', 446, 240, 76, 490, 1, NULL, 211, 0.79, 146);
INSERT INTO WORKS_LIST (WL_ID, WORK_DATE, MASHINE_ID, DRIVER_ID, TARIF_ID, OBJECT_ID, MAIN_REC, MAIN_NUM, TARIF_RATE, STENDBY_TIME, EMPL_ID) VALUES (1026, '2013-08-11', 429, 257, 81, 500, 0, NULL, 1372, 0.19, 767);
INSERT INTO WORKS_LIST (WL_ID, WORK_DATE, MASHINE_ID, DRIVER_ID, TARIF_ID, OBJECT_ID, MAIN_REC, MAIN_NUM, TARIF_RATE, STENDBY_TIME, EMPL_ID) VALUES (1027, '2013-07-29', 419, 265, 229, 506, 0, NULL, 1318, 0.79, 1);
INSERT INTO WORKS_LIST (WL_ID, WORK_DATE, MASHINE_ID, DRIVER_ID, TARIF_ID, OBJECT_ID, MAIN_REC, MAIN_NUM, TARIF_RATE, STENDBY_TIME, EMPL_ID) VALUES (1028, '2013-08-23', 487, 226, 229, 505, 1, NULL, 1371, 0.52, 52);
INSERT INTO WORKS_LIST (WL_ID, WORK_DATE, MASHINE_ID, DRIVER_ID, TARIF_ID, OBJECT_ID, MAIN_REC, MAIN_NUM, TARIF_RATE, STENDBY_TIME, EMPL_ID) VALUES (1029, '2013-08-11', 421, 293, 75, 503, 1, NULL, 182, 0.62, 146);
INSERT INTO WORKS_LIST (WL_ID, WORK_DATE, MASHINE_ID, DRIVER_ID, TARIF_ID, OBJECT_ID, MAIN_REC, MAIN_NUM, TARIF_RATE, STENDBY_TIME, EMPL_ID) VALUES (1030, '2013-07-15', 474, 271, 81, 516, 1, NULL, 1308, 0.5, 1);
INSERT INTO WORKS_LIST (WL_ID, WORK_DATE, MASHINE_ID, DRIVER_ID, TARIF_ID, OBJECT_ID, MAIN_REC, MAIN_NUM, TARIF_RATE, STENDBY_TIME, EMPL_ID) VALUES (1031, '2013-08-12', 417, 296, 229, 504, 1, NULL, 1371, 0.5, 146);
INSERT INTO WORKS_LIST (WL_ID, WORK_DATE, MASHINE_ID, DRIVER_ID, TARIF_ID, OBJECT_ID, MAIN_REC, MAIN_NUM, TARIF_RATE, STENDBY_TIME, EMPL_ID) VALUES (1032, '2013-08-09', 457, 220, 72, 504, 1, NULL, 1314, 0.66, 146);
INSERT INTO WORKS_LIST (WL_ID, WORK_DATE, MASHINE_ID, DRIVER_ID, TARIF_ID, OBJECT_ID, MAIN_REC, MAIN_NUM, TARIF_RATE, STENDBY_TIME, EMPL_ID) VALUES (1033, '2013-07-26', 406, 297, 229, 500, 0, NULL, 159, 0.05, 52);
INSERT INTO WORKS_LIST (WL_ID, WORK_DATE, MASHINE_ID, DRIVER_ID, TARIF_ID, OBJECT_ID, MAIN_REC, MAIN_NUM, TARIF_RATE, STENDBY_TIME, EMPL_ID) VALUES (1034, '2013-09-09', 429, 287, 77, 513, 0, NULL, 1307, 0.94, 767);
INSERT INTO WORKS_LIST (WL_ID, WORK_DATE, MASHINE_ID, DRIVER_ID, TARIF_ID, OBJECT_ID, MAIN_REC, MAIN_NUM, TARIF_RATE, STENDBY_TIME, EMPL_ID) VALUES (1035, '2013-08-26', 444, 233, 77, 508, 0, NULL, 1299, 0.56, 767);
INSERT INTO WORKS_LIST (WL_ID, WORK_DATE, MASHINE_ID, DRIVER_ID, TARIF_ID, OBJECT_ID, MAIN_REC, MAIN_NUM, TARIF_RATE, STENDBY_TIME, EMPL_ID) VALUES (1036, '2013-09-01', 407, 231, -1, 495, 0, NULL, 1371, 0.91, 146);
INSERT INTO WORKS_LIST (WL_ID, WORK_DATE, MASHINE_ID, DRIVER_ID, TARIF_ID, OBJECT_ID, MAIN_REC, MAIN_NUM, TARIF_RATE, STENDBY_TIME, EMPL_ID) VALUES (1037, '2013-08-31', 452, 291, 79, 516, 0, NULL, 277, 0.08, 146);
INSERT INTO WORKS_LIST (WL_ID, WORK_DATE, MASHINE_ID, DRIVER_ID, TARIF_ID, OBJECT_ID, MAIN_REC, MAIN_NUM, TARIF_RATE, STENDBY_TIME, EMPL_ID) VALUES (1038, '2013-08-07', 419, 225, 76, 498, 0, NULL, 1308, 0.22, 767);
INSERT INTO WORKS_LIST (WL_ID, WORK_DATE, MASHINE_ID, DRIVER_ID, TARIF_ID, OBJECT_ID, MAIN_REC, MAIN_NUM, TARIF_RATE, STENDBY_TIME, EMPL_ID) VALUES (1039, '2013-08-06', 421, 211, 72, 513, 1, NULL, 276, 0.5, 146);
INSERT INTO WORKS_LIST (WL_ID, WORK_DATE, MASHINE_ID, DRIVER_ID, TARIF_ID, OBJECT_ID, MAIN_REC, MAIN_NUM, TARIF_RATE, STENDBY_TIME, EMPL_ID) VALUES (1040, '2013-07-18', 460, 248, 74, 513, 0, NULL, 1372, 0.18, 1);
INSERT INTO WORKS_LIST (WL_ID, WORK_DATE, MASHINE_ID, DRIVER_ID, TARIF_ID, OBJECT_ID, MAIN_REC, MAIN_NUM, TARIF_RATE, STENDBY_TIME, EMPL_ID) VALUES (1041, '2013-08-19', 418, 221, 78, 505, 1, NULL, 1299, 0.99, 1);
INSERT INTO WORKS_LIST (WL_ID, WORK_DATE, MASHINE_ID, DRIVER_ID, TARIF_ID, OBJECT_ID, MAIN_REC, MAIN_NUM, TARIF_RATE, STENDBY_TIME, EMPL_ID) VALUES (1042, '2013-07-17', 475, 294, 82, 501, 0, NULL, 1280, 0.46, 1);
INSERT INTO WORKS_LIST (WL_ID, WORK_DATE, MASHINE_ID, DRIVER_ID, TARIF_ID, OBJECT_ID, MAIN_REC, MAIN_NUM, TARIF_RATE, STENDBY_TIME, EMPL_ID) VALUES (1043, '2013-07-28', 418, 272, -1, 506, 1, NULL, 1308, 0.44, 146);
INSERT INTO WORKS_LIST (WL_ID, WORK_DATE, MASHINE_ID, DRIVER_ID, TARIF_ID, OBJECT_ID, MAIN_REC, MAIN_NUM, TARIF_RATE, STENDBY_TIME, EMPL_ID) VALUES (1044, '2013-09-09', 414, 242, 75, 501, 0, NULL, 1376, 0.57, 52);
INSERT INTO WORKS_LIST (WL_ID, WORK_DATE, MASHINE_ID, DRIVER_ID, TARIF_ID, OBJECT_ID, MAIN_REC, MAIN_NUM, TARIF_RATE, STENDBY_TIME, EMPL_ID) VALUES (1045, '2013-08-10', 401, 288, 72, 500, 0, NULL, 1319, 0.05, 767);
INSERT INTO WORKS_LIST (WL_ID, WORK_DATE, MASHINE_ID, DRIVER_ID, TARIF_ID, OBJECT_ID, MAIN_REC, MAIN_NUM, TARIF_RATE, STENDBY_TIME, EMPL_ID) VALUES (1046, '2013-07-24', 488, 246, 74, 512, 0, NULL, 276, 0.86, 52);
INSERT INTO WORKS_LIST (WL_ID, WORK_DATE, MASHINE_ID, DRIVER_ID, TARIF_ID, OBJECT_ID, MAIN_REC, MAIN_NUM, TARIF_RATE, STENDBY_TIME, EMPL_ID) VALUES (1047, '2013-08-05', 421, 211, -1, 511, 1, NULL, 2972, 0.33, 52);
INSERT INTO WORKS_LIST (WL_ID, WORK_DATE, MASHINE_ID, DRIVER_ID, TARIF_ID, OBJECT_ID, MAIN_REC, MAIN_NUM, TARIF_RATE, STENDBY_TIME, EMPL_ID) VALUES (1048, '2013-09-05', 408, 220, 76, 517, 0, NULL, 1371, 0.79, 767);
INSERT INTO WORKS_LIST (WL_ID, WORK_DATE, MASHINE_ID, DRIVER_ID, TARIF_ID, OBJECT_ID, MAIN_REC, MAIN_NUM, TARIF_RATE, STENDBY_TIME, EMPL_ID) VALUES (1049, '2013-09-10', 485, 286, -1, 512, 0, NULL, 1373, 0.76, 767);
INSERT INTO WORKS_LIST (WL_ID, WORK_DATE, MASHINE_ID, DRIVER_ID, TARIF_ID, OBJECT_ID, MAIN_REC, MAIN_NUM, TARIF_RATE, STENDBY_TIME, EMPL_ID) VALUES (1050, '2013-08-09', 452, 258, 78, 499, 0, NULL, 180, 0.08, 1);
INSERT INTO WORKS_LIST (WL_ID, WORK_DATE, MASHINE_ID, DRIVER_ID, TARIF_ID, OBJECT_ID, MAIN_REC, MAIN_NUM, TARIF_RATE, STENDBY_TIME, EMPL_ID) VALUES (1051, '2013-07-25', 467, 247, 74, 510, 0, NULL, 1352, 0.89, 1);
INSERT INTO WORKS_LIST (WL_ID, WORK_DATE, MASHINE_ID, DRIVER_ID, TARIF_ID, OBJECT_ID, MAIN_REC, MAIN_NUM, TARIF_RATE, STENDBY_TIME, EMPL_ID) VALUES (1052, '2013-07-19', 419, 309, 72, 504, 1, NULL, 1314, 0.2, 52);
INSERT INTO WORKS_LIST (WL_ID, WORK_DATE, MASHINE_ID, DRIVER_ID, TARIF_ID, OBJECT_ID, MAIN_REC, MAIN_NUM, TARIF_RATE, STENDBY_TIME, EMPL_ID) VALUES (1053, '2013-09-08', 487, 289, 229, 497, 1, NULL, 181, 0.17, 1);
INSERT INTO WORKS_LIST (WL_ID, WORK_DATE, MASHINE_ID, DRIVER_ID, TARIF_ID, OBJECT_ID, MAIN_REC, MAIN_NUM, TARIF_RATE, STENDBY_TIME, EMPL_ID) VALUES (1054, '2013-08-18', 462, 255, 80, 515, 1, NULL, 180, 0.69, 1);
INSERT INTO WORKS_LIST (WL_ID, WORK_DATE, MASHINE_ID, DRIVER_ID, TARIF_ID, OBJECT_ID, MAIN_REC, MAIN_NUM, TARIF_RATE, STENDBY_TIME, EMPL_ID) VALUES (1055, '2013-08-16', 484, 225, 81, 499, 1, NULL, 1313, 0.9, 1);
INSERT INTO WORKS_LIST (WL_ID, WORK_DATE, MASHINE_ID, DRIVER_ID, TARIF_ID, OBJECT_ID, MAIN_REC, MAIN_NUM, TARIF_RATE, STENDBY_TIME, EMPL_ID) VALUES (1056, '2013-08-08', 421, 286, 82, 512, 1, NULL, 2972, 0.35, 767);
INSERT INTO WORKS_LIST (WL_ID, WORK_DATE, MASHINE_ID, DRIVER_ID, TARIF_ID, OBJECT_ID, MAIN_REC, MAIN_NUM, TARIF_RATE, STENDBY_TIME, EMPL_ID) VALUES (1057, '2013-07-22', 469, 235, 74, 499, 0, NULL, 276, 0.19, 767);
INSERT INTO WORKS_LIST (WL_ID, WORK_DATE, MASHINE_ID, DRIVER_ID, TARIF_ID, OBJECT_ID, MAIN_REC, MAIN_NUM, TARIF_RATE, STENDBY_TIME, EMPL_ID) VALUES (1058, '2013-08-13', 469, 256, 80, 513, 1, NULL, 1318, 0.13, 146);
INSERT INTO WORKS_LIST (WL_ID, WORK_DATE, MASHINE_ID, DRIVER_ID, TARIF_ID, OBJECT_ID, MAIN_REC, MAIN_NUM, TARIF_RATE, STENDBY_TIME, EMPL_ID) VALUES (1059, '2013-07-14', 474, 256, 79, 500, 0, NULL, 276, 0.72, 146);
INSERT INTO WORKS_LIST (WL_ID, WORK_DATE, MASHINE_ID, DRIVER_ID, TARIF_ID, OBJECT_ID, MAIN_REC, MAIN_NUM, TARIF_RATE, STENDBY_TIME, EMPL_ID) VALUES (1060, '2013-09-06', 429, 235, 72, 502, 1, NULL, 1313, 0.01, 146);
INSERT INTO WORKS_LIST (WL_ID, WORK_DATE, MASHINE_ID, DRIVER_ID, TARIF_ID, OBJECT_ID, MAIN_REC, MAIN_NUM, TARIF_RATE, STENDBY_TIME, EMPL_ID) VALUES (1061, '2013-08-22', 464, 263, 79, 495, 1, NULL, 1318, 0.7, 146);
INSERT INTO WORKS_LIST (WL_ID, WORK_DATE, MASHINE_ID, DRIVER_ID, TARIF_ID, OBJECT_ID, MAIN_REC, MAIN_NUM, TARIF_RATE, STENDBY_TIME, EMPL_ID) VALUES (1062, '2013-07-22', 400, 256, 74, 499, 0, NULL, 1298, 0.76, 52);
INSERT INTO WORKS_LIST (WL_ID, WORK_DATE, MASHINE_ID, DRIVER_ID, TARIF_ID, OBJECT_ID, MAIN_REC, MAIN_NUM, TARIF_RATE, STENDBY_TIME, EMPL_ID) VALUES (1063, '2013-08-10', 473, 246, 80, 491, 1, NULL, 1313, 0.3, 52);
INSERT INTO WORKS_LIST (WL_ID, WORK_DATE, MASHINE_ID, DRIVER_ID, TARIF_ID, OBJECT_ID, MAIN_REC, MAIN_NUM, TARIF_RATE, STENDBY_TIME, EMPL_ID) VALUES (1064, '2013-08-11', 435, 281, 80, 509, 1, NULL, 1313, 0.19, 1);
INSERT INTO WORKS_LIST (WL_ID, WORK_DATE, MASHINE_ID, DRIVER_ID, TARIF_ID, OBJECT_ID, MAIN_REC, MAIN_NUM, TARIF_RATE, STENDBY_TIME, EMPL_ID) VALUES (1065, '2013-07-29', 484, 288, 81, 504, 0, NULL, 1307, 0.09, 52);
INSERT INTO WORKS_LIST (WL_ID, WORK_DATE, MASHINE_ID, DRIVER_ID, TARIF_ID, OBJECT_ID, MAIN_REC, MAIN_NUM, TARIF_RATE, STENDBY_TIME, EMPL_ID) VALUES (1066, '2013-08-20', 422, 223, 77, 502, 0, NULL, 180, 0.27, 767);
INSERT INTO WORKS_LIST (WL_ID, WORK_DATE, MASHINE_ID, DRIVER_ID, TARIF_ID, OBJECT_ID, MAIN_REC, MAIN_NUM, TARIF_RATE, STENDBY_TIME, EMPL_ID) VALUES (1067, '2013-07-16', 475, 257, 75, 511, 0, NULL, 1279, 0.04, 1);
INSERT INTO WORKS_LIST (WL_ID, WORK_DATE, MASHINE_ID, DRIVER_ID, TARIF_ID, OBJECT_ID, MAIN_REC, MAIN_NUM, TARIF_RATE, STENDBY_TIME, EMPL_ID) VALUES (1068, '2013-07-20', 445, 274, -1, 511, 0, NULL, 275, 0.69, 52);
INSERT INTO WORKS_LIST (WL_ID, WORK_DATE, MASHINE_ID, DRIVER_ID, TARIF_ID, OBJECT_ID, MAIN_REC, MAIN_NUM, TARIF_RATE, STENDBY_TIME, EMPL_ID) VALUES (1069, '2013-08-05', 417, 224, 82, 517, 0, NULL, 1297, 0.46, 1);
INSERT INTO WORKS_LIST (WL_ID, WORK_DATE, MASHINE_ID, DRIVER_ID, TARIF_ID, OBJECT_ID, MAIN_REC, MAIN_NUM, TARIF_RATE, STENDBY_TIME, EMPL_ID) VALUES (1070, '2013-07-25', 444, 308, 72, 507, 0, NULL, 277, 0.42, 52);
INSERT INTO WORKS_LIST (WL_ID, WORK_DATE, MASHINE_ID, DRIVER_ID, TARIF_ID, OBJECT_ID, MAIN_REC, MAIN_NUM, TARIF_RATE, STENDBY_TIME, EMPL_ID) VALUES (1071, '2013-09-02', 404, 247, 82, 517, 0, NULL, 181, 0.16, 52);
INSERT INTO WORKS_LIST (WL_ID, WORK_DATE, MASHINE_ID, DRIVER_ID, TARIF_ID, OBJECT_ID, MAIN_REC, MAIN_NUM, TARIF_RATE, STENDBY_TIME, EMPL_ID) VALUES (1072, '2013-08-18', 445, 253, 79, 507, 0, NULL, 1280, 0.02, 767);
INSERT INTO WORKS_LIST (WL_ID, WORK_DATE, MASHINE_ID, DRIVER_ID, TARIF_ID, OBJECT_ID, MAIN_REC, MAIN_NUM, TARIF_RATE, STENDBY_TIME, EMPL_ID) VALUES (1073, '2013-07-16', 429, 221, 80, 513, 0, NULL, 1308, 0.44, 767);
INSERT INTO WORKS_LIST (WL_ID, WORK_DATE, MASHINE_ID, DRIVER_ID, TARIF_ID, OBJECT_ID, MAIN_REC, MAIN_NUM, TARIF_RATE, STENDBY_TIME, EMPL_ID) VALUES (1074, '2013-09-05', 426, 212, 76, 494, 1, NULL, 211, 0.73, 146);
INSERT INTO WORKS_LIST (WL_ID, WORK_DATE, MASHINE_ID, DRIVER_ID, TARIF_ID, OBJECT_ID, MAIN_REC, MAIN_NUM, TARIF_RATE, STENDBY_TIME, EMPL_ID) VALUES (1075, '2013-09-02', 413, 296, 72, 509, 1, NULL, 1279, 0.57, 767);

COMMIT WORK;

INSERT INTO WORKS_LIST (WL_ID, WORK_DATE, MASHINE_ID, DRIVER_ID, TARIF_ID, OBJECT_ID, MAIN_REC, MAIN_NUM, TARIF_RATE, STENDBY_TIME, EMPL_ID) VALUES (1076, '2013-08-16', 449, 290, 80, 515, 1, NULL, 180, 0.88, 1);
INSERT INTO WORKS_LIST (WL_ID, WORK_DATE, MASHINE_ID, DRIVER_ID, TARIF_ID, OBJECT_ID, MAIN_REC, MAIN_NUM, TARIF_RATE, STENDBY_TIME, EMPL_ID) VALUES (1077, '2013-08-17', 477, 235, 82, 501, 0, NULL, 1298, 0.69, 1);
INSERT INTO WORKS_LIST (WL_ID, WORK_DATE, MASHINE_ID, DRIVER_ID, TARIF_ID, OBJECT_ID, MAIN_REC, MAIN_NUM, TARIF_RATE, STENDBY_TIME, EMPL_ID) VALUES (1078, '2013-07-25', 422, 298, 77, 499, 1, NULL, 277, 0.89, 146);
INSERT INTO WORKS_LIST (WL_ID, WORK_DATE, MASHINE_ID, DRIVER_ID, TARIF_ID, OBJECT_ID, MAIN_REC, MAIN_NUM, TARIF_RATE, STENDBY_TIME, EMPL_ID) VALUES (1079, '2013-07-19', 445, 287, 76, 496, 0, NULL, 179, 0.33, 1);
INSERT INTO WORKS_LIST (WL_ID, WORK_DATE, MASHINE_ID, DRIVER_ID, TARIF_ID, OBJECT_ID, MAIN_REC, MAIN_NUM, TARIF_RATE, STENDBY_TIME, EMPL_ID) VALUES (1080, '2013-08-07', 468, 295, 72, 513, 0, NULL, 1376, 0.46, 146);
INSERT INTO WORKS_LIST (WL_ID, WORK_DATE, MASHINE_ID, DRIVER_ID, TARIF_ID, OBJECT_ID, MAIN_REC, MAIN_NUM, TARIF_RATE, STENDBY_TIME, EMPL_ID) VALUES (1081, '2013-09-07', 454, 293, 74, 500, 1, NULL, 1314, 0.29, 1);
INSERT INTO WORKS_LIST (WL_ID, WORK_DATE, MASHINE_ID, DRIVER_ID, TARIF_ID, OBJECT_ID, MAIN_REC, MAIN_NUM, TARIF_RATE, STENDBY_TIME, EMPL_ID) VALUES (1082, '2013-07-15', 406, 266, 75, 499, 0, NULL, 1313, 0.69, 146);
INSERT INTO WORKS_LIST (WL_ID, WORK_DATE, MASHINE_ID, DRIVER_ID, TARIF_ID, OBJECT_ID, MAIN_REC, MAIN_NUM, TARIF_RATE, STENDBY_TIME, EMPL_ID) VALUES (1083, '2013-07-24', 431, 235, -1, 510, 0, NULL, 159, 0.22, 52);
INSERT INTO WORKS_LIST (WL_ID, WORK_DATE, MASHINE_ID, DRIVER_ID, TARIF_ID, OBJECT_ID, MAIN_REC, MAIN_NUM, TARIF_RATE, STENDBY_TIME, EMPL_ID) VALUES (1084, '2013-08-05', 404, 209, 229, 517, 1, NULL, 1319, 0.25, 52);
INSERT INTO WORKS_LIST (WL_ID, WORK_DATE, MASHINE_ID, DRIVER_ID, TARIF_ID, OBJECT_ID, MAIN_REC, MAIN_NUM, TARIF_RATE, STENDBY_TIME, EMPL_ID) VALUES (1085, '2013-07-14', 411, 307, 80, 511, 0, NULL, 1352, 0.63, 52);
INSERT INTO WORKS_LIST (WL_ID, WORK_DATE, MASHINE_ID, DRIVER_ID, TARIF_ID, OBJECT_ID, MAIN_REC, MAIN_NUM, TARIF_RATE, STENDBY_TIME, EMPL_ID) VALUES (1086, '2013-09-05', 439, 307, 74, 506, 1, NULL, 1321, 0.94, 52);
INSERT INTO WORKS_LIST (WL_ID, WORK_DATE, MASHINE_ID, DRIVER_ID, TARIF_ID, OBJECT_ID, MAIN_REC, MAIN_NUM, TARIF_RATE, STENDBY_TIME, EMPL_ID) VALUES (1087, '2013-07-29', 479, 308, 81, 513, 1, NULL, 1321, 0.94, 767);
INSERT INTO WORKS_LIST (WL_ID, WORK_DATE, MASHINE_ID, DRIVER_ID, TARIF_ID, OBJECT_ID, MAIN_REC, MAIN_NUM, TARIF_RATE, STENDBY_TIME, EMPL_ID) VALUES (1088, '2013-08-31', 435, 286, 77, 501, 0, NULL, 277, 0.16, 1);
INSERT INTO WORKS_LIST (WL_ID, WORK_DATE, MASHINE_ID, DRIVER_ID, TARIF_ID, OBJECT_ID, MAIN_REC, MAIN_NUM, TARIF_RATE, STENDBY_TIME, EMPL_ID) VALUES (1089, '2013-08-08', 411, 237, 79, 493, 0, NULL, 182, 0.58, 767);
INSERT INTO WORKS_LIST (WL_ID, WORK_DATE, MASHINE_ID, DRIVER_ID, TARIF_ID, OBJECT_ID, MAIN_REC, MAIN_NUM, TARIF_RATE, STENDBY_TIME, EMPL_ID) VALUES (1090, '2013-08-27', 457, 276, 79, 494, 0, NULL, 2973, 0.69, 52);
INSERT INTO WORKS_LIST (WL_ID, WORK_DATE, MASHINE_ID, DRIVER_ID, TARIF_ID, OBJECT_ID, MAIN_REC, MAIN_NUM, TARIF_RATE, STENDBY_TIME, EMPL_ID) VALUES (1091, '2013-08-12', 431, 223, 78, 493, 1, NULL, 1280, 0.04, 52);
INSERT INTO WORKS_LIST (WL_ID, WORK_DATE, MASHINE_ID, DRIVER_ID, TARIF_ID, OBJECT_ID, MAIN_REC, MAIN_NUM, TARIF_RATE, STENDBY_TIME, EMPL_ID) VALUES (1092, '2013-08-17', 418, 272, 82, 504, 0, NULL, 1280, 0.13, 767);
INSERT INTO WORKS_LIST (WL_ID, WORK_DATE, MASHINE_ID, DRIVER_ID, TARIF_ID, OBJECT_ID, MAIN_REC, MAIN_NUM, TARIF_RATE, STENDBY_TIME, EMPL_ID) VALUES (1093, '2013-08-01', 423, 243, 77, 499, 0, NULL, 182, 0.96, 1);
INSERT INTO WORKS_LIST (WL_ID, WORK_DATE, MASHINE_ID, DRIVER_ID, TARIF_ID, OBJECT_ID, MAIN_REC, MAIN_NUM, TARIF_RATE, STENDBY_TIME, EMPL_ID) VALUES (1094, '2013-07-25', 413, 226, 72, 492, 1, NULL, 1371, 0.54, 146);
INSERT INTO WORKS_LIST (WL_ID, WORK_DATE, MASHINE_ID, DRIVER_ID, TARIF_ID, OBJECT_ID, MAIN_REC, MAIN_NUM, TARIF_RATE, STENDBY_TIME, EMPL_ID) VALUES (1095, '2013-08-12', 407, 297, 75, 510, 0, NULL, 159, 0.64, 146);
INSERT INTO WORKS_LIST (WL_ID, WORK_DATE, MASHINE_ID, DRIVER_ID, TARIF_ID, OBJECT_ID, MAIN_REC, MAIN_NUM, TARIF_RATE, STENDBY_TIME, EMPL_ID) VALUES (1096, '2013-09-02', 423, 305, 76, 509, 1, NULL, 182, 0.46, 767);
INSERT INTO WORKS_LIST (WL_ID, WORK_DATE, MASHINE_ID, DRIVER_ID, TARIF_ID, OBJECT_ID, MAIN_REC, MAIN_NUM, TARIF_RATE, STENDBY_TIME, EMPL_ID) VALUES (1097, '2013-08-09', 477, 294, 81, 497, 1, NULL, 159, 0.7, 146);
INSERT INTO WORKS_LIST (WL_ID, WORK_DATE, MASHINE_ID, DRIVER_ID, TARIF_ID, OBJECT_ID, MAIN_REC, MAIN_NUM, TARIF_RATE, STENDBY_TIME, EMPL_ID) VALUES (1098, '2013-07-28', 426, 223, 82, 506, 1, NULL, 1318, 0.09, 52);
INSERT INTO WORKS_LIST (WL_ID, WORK_DATE, MASHINE_ID, DRIVER_ID, TARIF_ID, OBJECT_ID, MAIN_REC, MAIN_NUM, TARIF_RATE, STENDBY_TIME, EMPL_ID) VALUES (1099, '2013-07-13', 413, 228, 79, 519, 0, NULL, 1298, 0.39, 767);
INSERT INTO WORKS_LIST (WL_ID, WORK_DATE, MASHINE_ID, DRIVER_ID, TARIF_ID, OBJECT_ID, MAIN_REC, MAIN_NUM, TARIF_RATE, STENDBY_TIME, EMPL_ID) VALUES (1100, '2013-09-04', 408, 211, 75, 491, 0, NULL, 276, 0.67, 1);
INSERT INTO WORKS_LIST (WL_ID, WORK_DATE, MASHINE_ID, DRIVER_ID, TARIF_ID, OBJECT_ID, MAIN_REC, MAIN_NUM, TARIF_RATE, STENDBY_TIME, EMPL_ID) VALUES (1101, '2013-08-18', 422, 224, 76, 490, 1, NULL, 1376, 0.05, 1);
INSERT INTO WORKS_LIST (WL_ID, WORK_DATE, MASHINE_ID, DRIVER_ID, TARIF_ID, OBJECT_ID, MAIN_REC, MAIN_NUM, TARIF_RATE, STENDBY_TIME, EMPL_ID) VALUES (1102, '2013-07-18', 401, 292, 74, 490, 0, NULL, 1372, 0.64, 52);
INSERT INTO WORKS_LIST (WL_ID, WORK_DATE, MASHINE_ID, DRIVER_ID, TARIF_ID, OBJECT_ID, MAIN_REC, MAIN_NUM, TARIF_RATE, STENDBY_TIME, EMPL_ID) VALUES (1103, '2013-07-26', 454, 277, 229, 511, 0, NULL, 276, 0.32, 1);
INSERT INTO WORKS_LIST (WL_ID, WORK_DATE, MASHINE_ID, DRIVER_ID, TARIF_ID, OBJECT_ID, MAIN_REC, MAIN_NUM, TARIF_RATE, STENDBY_TIME, EMPL_ID) VALUES (1104, '2013-08-17', 484, 279, 72, 499, 1, NULL, 181, 0.56, 767);
INSERT INTO WORKS_LIST (WL_ID, WORK_DATE, MASHINE_ID, DRIVER_ID, TARIF_ID, OBJECT_ID, MAIN_REC, MAIN_NUM, TARIF_RATE, STENDBY_TIME, EMPL_ID) VALUES (1105, '2013-08-28', 440, 235, 76, 508, 0, NULL, 275, 0.9, 767);
INSERT INTO WORKS_LIST (WL_ID, WORK_DATE, MASHINE_ID, DRIVER_ID, TARIF_ID, OBJECT_ID, MAIN_REC, MAIN_NUM, TARIF_RATE, STENDBY_TIME, EMPL_ID) VALUES (1106, '2013-07-27', 453, 251, 82, 491, 1, NULL, 1297, 0.69, 1);
INSERT INTO WORKS_LIST (WL_ID, WORK_DATE, MASHINE_ID, DRIVER_ID, TARIF_ID, OBJECT_ID, MAIN_REC, MAIN_NUM, TARIF_RATE, STENDBY_TIME, EMPL_ID) VALUES (1107, '2013-07-27', 417, 302, 75, 501, 0, NULL, 1299, 0.54, 146);
INSERT INTO WORKS_LIST (WL_ID, WORK_DATE, MASHINE_ID, DRIVER_ID, TARIF_ID, OBJECT_ID, MAIN_REC, MAIN_NUM, TARIF_RATE, STENDBY_TIME, EMPL_ID) VALUES (1108, '2013-09-08', 479, 279, 76, 501, 0, NULL, 2972, 0.63, 146);
INSERT INTO WORKS_LIST (WL_ID, WORK_DATE, MASHINE_ID, DRIVER_ID, TARIF_ID, OBJECT_ID, MAIN_REC, MAIN_NUM, TARIF_RATE, STENDBY_TIME, EMPL_ID) VALUES (1109, '2013-07-21', 401, 272, 80, 502, 1, NULL, 1297, 0.98, 767);
INSERT INTO WORKS_LIST (WL_ID, WORK_DATE, MASHINE_ID, DRIVER_ID, TARIF_ID, OBJECT_ID, MAIN_REC, MAIN_NUM, TARIF_RATE, STENDBY_TIME, EMPL_ID) VALUES (1110, '2013-09-04', 424, 250, 75, 514, 0, NULL, 1313, 0.02, 52);
INSERT INTO WORKS_LIST (WL_ID, WORK_DATE, MASHINE_ID, DRIVER_ID, TARIF_ID, OBJECT_ID, MAIN_REC, MAIN_NUM, TARIF_RATE, STENDBY_TIME, EMPL_ID) VALUES (1111, '2013-08-23', 426, 266, 82, 499, 0, NULL, 1277, 0.97, 767);
INSERT INTO WORKS_LIST (WL_ID, WORK_DATE, MASHINE_ID, DRIVER_ID, TARIF_ID, OBJECT_ID, MAIN_REC, MAIN_NUM, TARIF_RATE, STENDBY_TIME, EMPL_ID) VALUES (1112, '2013-08-16', 461, 304, 75, 500, 1, NULL, 159, 0.33, 1);
INSERT INTO WORKS_LIST (WL_ID, WORK_DATE, MASHINE_ID, DRIVER_ID, TARIF_ID, OBJECT_ID, MAIN_REC, MAIN_NUM, TARIF_RATE, STENDBY_TIME, EMPL_ID) VALUES (1113, '2013-08-07', 474, 282, 75, 501, 0, NULL, 180, 0.49, 52);
INSERT INTO WORKS_LIST (WL_ID, WORK_DATE, MASHINE_ID, DRIVER_ID, TARIF_ID, OBJECT_ID, MAIN_REC, MAIN_NUM, TARIF_RATE, STENDBY_TIME, EMPL_ID) VALUES (1114, '2013-07-17', 423, 220, 72, 499, 1, NULL, 1321, 0.24, 146);
INSERT INTO WORKS_LIST (WL_ID, WORK_DATE, MASHINE_ID, DRIVER_ID, TARIF_ID, OBJECT_ID, MAIN_REC, MAIN_NUM, TARIF_RATE, STENDBY_TIME, EMPL_ID) VALUES (1115, '2013-07-31', 420, 237, 76, 502, 0, NULL, 181, 0.45, 52);
INSERT INTO WORKS_LIST (WL_ID, WORK_DATE, MASHINE_ID, DRIVER_ID, TARIF_ID, OBJECT_ID, MAIN_REC, MAIN_NUM, TARIF_RATE, STENDBY_TIME, EMPL_ID) VALUES (1116, '2013-08-28', 475, 295, 80, 509, 0, NULL, 1314, 0.62, 1);
INSERT INTO WORKS_LIST (WL_ID, WORK_DATE, MASHINE_ID, DRIVER_ID, TARIF_ID, OBJECT_ID, MAIN_REC, MAIN_NUM, TARIF_RATE, STENDBY_TIME, EMPL_ID) VALUES (1117, '2013-07-23', 440, 252, 78, 491, 0, NULL, 1314, 0.45, 767);
INSERT INTO WORKS_LIST (WL_ID, WORK_DATE, MASHINE_ID, DRIVER_ID, TARIF_ID, OBJECT_ID, MAIN_REC, MAIN_NUM, TARIF_RATE, STENDBY_TIME, EMPL_ID) VALUES (1118, '2013-07-16', 435, 276, 82, 509, 1, NULL, 2972, 0.14, 1);
INSERT INTO WORKS_LIST (WL_ID, WORK_DATE, MASHINE_ID, DRIVER_ID, TARIF_ID, OBJECT_ID, MAIN_REC, MAIN_NUM, TARIF_RATE, STENDBY_TIME, EMPL_ID) VALUES (1119, '2013-08-01', 463, 309, 82, 490, 0, NULL, 277, 0.99, 52);
INSERT INTO WORKS_LIST (WL_ID, WORK_DATE, MASHINE_ID, DRIVER_ID, TARIF_ID, OBJECT_ID, MAIN_REC, MAIN_NUM, TARIF_RATE, STENDBY_TIME, EMPL_ID) VALUES (1120, '2013-08-03', 421, 266, 229, 491, 1, NULL, 2972, 0.68, 52);
INSERT INTO WORKS_LIST (WL_ID, WORK_DATE, MASHINE_ID, DRIVER_ID, TARIF_ID, OBJECT_ID, MAIN_REC, MAIN_NUM, TARIF_RATE, STENDBY_TIME, EMPL_ID) VALUES (1121, '2013-08-02', 448, 258, 78, 501, 1, NULL, 1298, 0.86, 52);
INSERT INTO WORKS_LIST (WL_ID, WORK_DATE, MASHINE_ID, DRIVER_ID, TARIF_ID, OBJECT_ID, MAIN_REC, MAIN_NUM, TARIF_RATE, STENDBY_TIME, EMPL_ID) VALUES (1122, '2013-08-02', 487, 250, -1, 510, 0, NULL, 159, 0.19, 1);
INSERT INTO WORKS_LIST (WL_ID, WORK_DATE, MASHINE_ID, DRIVER_ID, TARIF_ID, OBJECT_ID, MAIN_REC, MAIN_NUM, TARIF_RATE, STENDBY_TIME, EMPL_ID) VALUES (1123, '2013-08-20', 411, 247, -1, 516, 1, NULL, 2972, 0.99, 52);
INSERT INTO WORKS_LIST (WL_ID, WORK_DATE, MASHINE_ID, DRIVER_ID, TARIF_ID, OBJECT_ID, MAIN_REC, MAIN_NUM, TARIF_RATE, STENDBY_TIME, EMPL_ID) VALUES (1124, '2013-08-21', 462, 216, 80, 504, 0, NULL, 1297, 0.05, 52);
INSERT INTO WORKS_LIST (WL_ID, WORK_DATE, MASHINE_ID, DRIVER_ID, TARIF_ID, OBJECT_ID, MAIN_REC, MAIN_NUM, TARIF_RATE, STENDBY_TIME, EMPL_ID) VALUES (1125, '2013-08-28', 421, 243, 80, 515, 0, NULL, 181, 0.41, 146);
INSERT INTO WORKS_LIST (WL_ID, WORK_DATE, MASHINE_ID, DRIVER_ID, TARIF_ID, OBJECT_ID, MAIN_REC, MAIN_NUM, TARIF_RATE, STENDBY_TIME, EMPL_ID) VALUES (1126, '2013-09-08', 422, 291, 78, 515, 0, NULL, 1370, 0.12, 146);
INSERT INTO WORKS_LIST (WL_ID, WORK_DATE, MASHINE_ID, DRIVER_ID, TARIF_ID, OBJECT_ID, MAIN_REC, MAIN_NUM, TARIF_RATE, STENDBY_TIME, EMPL_ID) VALUES (1127, '2013-08-06', 462, 231, 229, 505, 0, NULL, 211, 0.73, 767);
INSERT INTO WORKS_LIST (WL_ID, WORK_DATE, MASHINE_ID, DRIVER_ID, TARIF_ID, OBJECT_ID, MAIN_REC, MAIN_NUM, TARIF_RATE, STENDBY_TIME, EMPL_ID) VALUES (1128, '2013-08-19', 465, 253, 82, 502, 1, NULL, 1277, 0.39, 52);
INSERT INTO WORKS_LIST (WL_ID, WORK_DATE, MASHINE_ID, DRIVER_ID, TARIF_ID, OBJECT_ID, MAIN_REC, MAIN_NUM, TARIF_RATE, STENDBY_TIME, EMPL_ID) VALUES (1129, '2013-09-05', 436, 235, 78, 518, 0, NULL, 1376, 0.32, 767);
INSERT INTO WORKS_LIST (WL_ID, WORK_DATE, MASHINE_ID, DRIVER_ID, TARIF_ID, OBJECT_ID, MAIN_REC, MAIN_NUM, TARIF_RATE, STENDBY_TIME, EMPL_ID) VALUES (1130, '2013-08-26', 439, 251, 81, 502, 0, NULL, 1321, 0.36, 52);
INSERT INTO WORKS_LIST (WL_ID, WORK_DATE, MASHINE_ID, DRIVER_ID, TARIF_ID, OBJECT_ID, MAIN_REC, MAIN_NUM, TARIF_RATE, STENDBY_TIME, EMPL_ID) VALUES (1131, '2013-07-28', 431, 235, 77, 493, 0, NULL, 276, 0.39, 52);
INSERT INTO WORKS_LIST (WL_ID, WORK_DATE, MASHINE_ID, DRIVER_ID, TARIF_ID, OBJECT_ID, MAIN_REC, MAIN_NUM, TARIF_RATE, STENDBY_TIME, EMPL_ID) VALUES (1132, '2013-07-18', 477, 303, 229, 506, 0, NULL, 160, 0.52, 767);
INSERT INTO WORKS_LIST (WL_ID, WORK_DATE, MASHINE_ID, DRIVER_ID, TARIF_ID, OBJECT_ID, MAIN_REC, MAIN_NUM, TARIF_RATE, STENDBY_TIME, EMPL_ID) VALUES (1133, '2013-08-17', 442, 247, 72, 503, 0, NULL, 1371, 0.59, 52);
INSERT INTO WORKS_LIST (WL_ID, WORK_DATE, MASHINE_ID, DRIVER_ID, TARIF_ID, OBJECT_ID, MAIN_REC, MAIN_NUM, TARIF_RATE, STENDBY_TIME, EMPL_ID) VALUES (1134, '2013-07-26', 408, 224, 79, 516, 1, NULL, 1308, 0.74, 767);
INSERT INTO WORKS_LIST (WL_ID, WORK_DATE, MASHINE_ID, DRIVER_ID, TARIF_ID, OBJECT_ID, MAIN_REC, MAIN_NUM, TARIF_RATE, STENDBY_TIME, EMPL_ID) VALUES (1135, '2013-08-08', 461, 290, 80, 502, 0, NULL, 1280, 0.4, 1);
INSERT INTO WORKS_LIST (WL_ID, WORK_DATE, MASHINE_ID, DRIVER_ID, TARIF_ID, OBJECT_ID, MAIN_REC, MAIN_NUM, TARIF_RATE, STENDBY_TIME, EMPL_ID) VALUES (1136, '2013-07-27', 436, 208, 229, 511, 1, NULL, 276, 0.65, 1);
INSERT INTO WORKS_LIST (WL_ID, WORK_DATE, MASHINE_ID, DRIVER_ID, TARIF_ID, OBJECT_ID, MAIN_REC, MAIN_NUM, TARIF_RATE, STENDBY_TIME, EMPL_ID) VALUES (1137, '2013-08-20', 479, 255, 81, 504, 1, NULL, 182, 0.74, 767);
INSERT INTO WORKS_LIST (WL_ID, WORK_DATE, MASHINE_ID, DRIVER_ID, TARIF_ID, OBJECT_ID, MAIN_REC, MAIN_NUM, TARIF_RATE, STENDBY_TIME, EMPL_ID) VALUES (1138, '2013-07-20', 452, 224, 80, 511, 0, NULL, 1319, 0.79, 767);
INSERT INTO WORKS_LIST (WL_ID, WORK_DATE, MASHINE_ID, DRIVER_ID, TARIF_ID, OBJECT_ID, MAIN_REC, MAIN_NUM, TARIF_RATE, STENDBY_TIME, EMPL_ID) VALUES (1139, '2013-08-21', 432, 282, 78, 517, 1, NULL, 276, 0.02, 52);
INSERT INTO WORKS_LIST (WL_ID, WORK_DATE, MASHINE_ID, DRIVER_ID, TARIF_ID, OBJECT_ID, MAIN_REC, MAIN_NUM, TARIF_RATE, STENDBY_TIME, EMPL_ID) VALUES (1140, '2013-08-06', 400, 267, 80, 501, 0, NULL, 1313, 0.83, 767);
INSERT INTO WORKS_LIST (WL_ID, WORK_DATE, MASHINE_ID, DRIVER_ID, TARIF_ID, OBJECT_ID, MAIN_REC, MAIN_NUM, TARIF_RATE, STENDBY_TIME, EMPL_ID) VALUES (1141, '2013-09-08', 446, 290, 82, 514, 0, NULL, 1352, 0.79, 767);
INSERT INTO WORKS_LIST (WL_ID, WORK_DATE, MASHINE_ID, DRIVER_ID, TARIF_ID, OBJECT_ID, MAIN_REC, MAIN_NUM, TARIF_RATE, STENDBY_TIME, EMPL_ID) VALUES (1142, '2013-07-31', 449, 241, 82, 509, 0, NULL, 159, 0.53, 767);
INSERT INTO WORKS_LIST (WL_ID, WORK_DATE, MASHINE_ID, DRIVER_ID, TARIF_ID, OBJECT_ID, MAIN_REC, MAIN_NUM, TARIF_RATE, STENDBY_TIME, EMPL_ID) VALUES (1143, '2013-07-19', 431, 232, 79, 494, 0, NULL, 1314, 0.24, 52);
INSERT INTO WORKS_LIST (WL_ID, WORK_DATE, MASHINE_ID, DRIVER_ID, TARIF_ID, OBJECT_ID, MAIN_REC, MAIN_NUM, TARIF_RATE, STENDBY_TIME, EMPL_ID) VALUES (1144, '2013-07-19', 487, 220, 79, 508, 0, NULL, 2973, 0.05, 1);
INSERT INTO WORKS_LIST (WL_ID, WORK_DATE, MASHINE_ID, DRIVER_ID, TARIF_ID, OBJECT_ID, MAIN_REC, MAIN_NUM, TARIF_RATE, STENDBY_TIME, EMPL_ID) VALUES (1145, '2013-09-08', 406, 221, 77, 500, 0, NULL, 1314, 0.03, 146);
INSERT INTO WORKS_LIST (WL_ID, WORK_DATE, MASHINE_ID, DRIVER_ID, TARIF_ID, OBJECT_ID, MAIN_REC, MAIN_NUM, TARIF_RATE, STENDBY_TIME, EMPL_ID) VALUES (1146, '2013-07-19', 437, 248, 229, 508, 0, NULL, 179, 0.56, 1);
INSERT INTO WORKS_LIST (WL_ID, WORK_DATE, MASHINE_ID, DRIVER_ID, TARIF_ID, OBJECT_ID, MAIN_REC, MAIN_NUM, TARIF_RATE, STENDBY_TIME, EMPL_ID) VALUES (1147, '2013-07-30', 467, 225, 78, 505, 1, NULL, 182, 0.52, 52);
INSERT INTO WORKS_LIST (WL_ID, WORK_DATE, MASHINE_ID, DRIVER_ID, TARIF_ID, OBJECT_ID, MAIN_REC, MAIN_NUM, TARIF_RATE, STENDBY_TIME, EMPL_ID) VALUES (1148, '2013-08-03', 430, 251, -1, 506, 1, NULL, 159, 0.54, 52);
INSERT INTO WORKS_LIST (WL_ID, WORK_DATE, MASHINE_ID, DRIVER_ID, TARIF_ID, OBJECT_ID, MAIN_REC, MAIN_NUM, TARIF_RATE, STENDBY_TIME, EMPL_ID) VALUES (1149, '2013-08-31', 484, 229, 77, 509, 1, NULL, 277, 0.98, 767);
INSERT INTO WORKS_LIST (WL_ID, WORK_DATE, MASHINE_ID, DRIVER_ID, TARIF_ID, OBJECT_ID, MAIN_REC, MAIN_NUM, TARIF_RATE, STENDBY_TIME, EMPL_ID) VALUES (1150, '2013-07-30', 414, 212, 75, 516, 0, NULL, 181, 0.89, 1);
INSERT INTO WORKS_LIST (WL_ID, WORK_DATE, MASHINE_ID, DRIVER_ID, TARIF_ID, OBJECT_ID, MAIN_REC, MAIN_NUM, TARIF_RATE, STENDBY_TIME, EMPL_ID) VALUES (1151, '2013-08-18', 473, 272, 75, 491, 0, NULL, 1371, 0.01, 767);
INSERT INTO WORKS_LIST (WL_ID, WORK_DATE, MASHINE_ID, DRIVER_ID, TARIF_ID, OBJECT_ID, MAIN_REC, MAIN_NUM, TARIF_RATE, STENDBY_TIME, EMPL_ID) VALUES (1152, '2013-08-25', 442, 224, 79, 500, 1, NULL, 275, 0.19, 1);
INSERT INTO WORKS_LIST (WL_ID, WORK_DATE, MASHINE_ID, DRIVER_ID, TARIF_ID, OBJECT_ID, MAIN_REC, MAIN_NUM, TARIF_RATE, STENDBY_TIME, EMPL_ID) VALUES (1153, '2013-09-04', 422, 241, 78, 507, 0, NULL, 160, 0.38, 52);
INSERT INTO WORKS_LIST (WL_ID, WORK_DATE, MASHINE_ID, DRIVER_ID, TARIF_ID, OBJECT_ID, MAIN_REC, MAIN_NUM, TARIF_RATE, STENDBY_TIME, EMPL_ID) VALUES (1154, '2013-08-28', 443, 248, 78, 512, 0, NULL, 1277, 0.73, 146);
INSERT INTO WORKS_LIST (WL_ID, WORK_DATE, MASHINE_ID, DRIVER_ID, TARIF_ID, OBJECT_ID, MAIN_REC, MAIN_NUM, TARIF_RATE, STENDBY_TIME, EMPL_ID) VALUES (1155, '2013-08-11', 433, 271, -1, 505, 1, NULL, 1321, 0.16, 52);
INSERT INTO WORKS_LIST (WL_ID, WORK_DATE, MASHINE_ID, DRIVER_ID, TARIF_ID, OBJECT_ID, MAIN_REC, MAIN_NUM, TARIF_RATE, STENDBY_TIME, EMPL_ID) VALUES (1156, '2013-07-30', 418, 255, 77, 490, 0, NULL, 1370, 0.1, 1);
INSERT INTO WORKS_LIST (WL_ID, WORK_DATE, MASHINE_ID, DRIVER_ID, TARIF_ID, OBJECT_ID, MAIN_REC, MAIN_NUM, TARIF_RATE, STENDBY_TIME, EMPL_ID) VALUES (1157, '2013-09-01', 470, 268, -1, 491, 1, NULL, 1372, 0.25, 1);
INSERT INTO WORKS_LIST (WL_ID, WORK_DATE, MASHINE_ID, DRIVER_ID, TARIF_ID, OBJECT_ID, MAIN_REC, MAIN_NUM, TARIF_RATE, STENDBY_TIME, EMPL_ID) VALUES (1158, '2013-07-25', 467, 250, 79, 494, 0, NULL, 159, 0.29, 767);
INSERT INTO WORKS_LIST (WL_ID, WORK_DATE, MASHINE_ID, DRIVER_ID, TARIF_ID, OBJECT_ID, MAIN_REC, MAIN_NUM, TARIF_RATE, STENDBY_TIME, EMPL_ID) VALUES (1159, '2013-09-01', 418, 254, 79, 501, 1, NULL, 2972, 0.86, 1);
INSERT INTO WORKS_LIST (WL_ID, WORK_DATE, MASHINE_ID, DRIVER_ID, TARIF_ID, OBJECT_ID, MAIN_REC, MAIN_NUM, TARIF_RATE, STENDBY_TIME, EMPL_ID) VALUES (1160, '2013-08-27', 427, 268, 76, 505, 1, NULL, 1298, 0.8, 767);
INSERT INTO WORKS_LIST (WL_ID, WORK_DATE, MASHINE_ID, DRIVER_ID, TARIF_ID, OBJECT_ID, MAIN_REC, MAIN_NUM, TARIF_RATE, STENDBY_TIME, EMPL_ID) VALUES (1161, '2013-07-13', 435, 289, 81, 514, 0, NULL, 1313, 0.35, 146);
INSERT INTO WORKS_LIST (WL_ID, WORK_DATE, MASHINE_ID, DRIVER_ID, TARIF_ID, OBJECT_ID, MAIN_REC, MAIN_NUM, TARIF_RATE, STENDBY_TIME, EMPL_ID) VALUES (1162, '2013-08-31', 467, 245, 75, 513, 0, NULL, 1298, 0.29, 767);
INSERT INTO WORKS_LIST (WL_ID, WORK_DATE, MASHINE_ID, DRIVER_ID, TARIF_ID, OBJECT_ID, MAIN_REC, MAIN_NUM, TARIF_RATE, STENDBY_TIME, EMPL_ID) VALUES (1163, '2013-07-18', 475, 279, 229, 496, 1, NULL, 1319, 0.62, 146);
INSERT INTO WORKS_LIST (WL_ID, WORK_DATE, MASHINE_ID, DRIVER_ID, TARIF_ID, OBJECT_ID, MAIN_REC, MAIN_NUM, TARIF_RATE, STENDBY_TIME, EMPL_ID) VALUES (1164, '2013-08-04', 447, 237, 75, 492, 0, NULL, 181, 0.52, 146);
INSERT INTO WORKS_LIST (WL_ID, WORK_DATE, MASHINE_ID, DRIVER_ID, TARIF_ID, OBJECT_ID, MAIN_REC, MAIN_NUM, TARIF_RATE, STENDBY_TIME, EMPL_ID) VALUES (1165, '2013-08-13', 452, 291, -1, 497, 0, NULL, 182, 0.53, 52);
INSERT INTO WORKS_LIST (WL_ID, WORK_DATE, MASHINE_ID, DRIVER_ID, TARIF_ID, OBJECT_ID, MAIN_REC, MAIN_NUM, TARIF_RATE, STENDBY_TIME, EMPL_ID) VALUES (1166, '2013-08-06', 477, 208, 76, 516, 1, NULL, 275, 0.58, 767);
INSERT INTO WORKS_LIST (WL_ID, WORK_DATE, MASHINE_ID, DRIVER_ID, TARIF_ID, OBJECT_ID, MAIN_REC, MAIN_NUM, TARIF_RATE, STENDBY_TIME, EMPL_ID) VALUES (1167, '2013-09-05', 475, 240, 82, 501, 0, NULL, 1307, 0.41, 1);
INSERT INTO WORKS_LIST (WL_ID, WORK_DATE, MASHINE_ID, DRIVER_ID, TARIF_ID, OBJECT_ID, MAIN_REC, MAIN_NUM, TARIF_RATE, STENDBY_TIME, EMPL_ID) VALUES (1168, '2013-07-28', 446, 290, -1, 512, 0, NULL, 1318, 0.53, 767);
INSERT INTO WORKS_LIST (WL_ID, WORK_DATE, MASHINE_ID, DRIVER_ID, TARIF_ID, OBJECT_ID, MAIN_REC, MAIN_NUM, TARIF_RATE, STENDBY_TIME, EMPL_ID) VALUES (1169, '2013-08-02', 473, 305, 229, 499, 0, NULL, 1371, 0.8, 767);
INSERT INTO WORKS_LIST (WL_ID, WORK_DATE, MASHINE_ID, DRIVER_ID, TARIF_ID, OBJECT_ID, MAIN_REC, MAIN_NUM, TARIF_RATE, STENDBY_TIME, EMPL_ID) VALUES (1170, '2013-09-08', 447, 287, 74, 511, 0, NULL, 182, 0.27, 146);
INSERT INTO WORKS_LIST (WL_ID, WORK_DATE, MASHINE_ID, DRIVER_ID, TARIF_ID, OBJECT_ID, MAIN_REC, MAIN_NUM, TARIF_RATE, STENDBY_TIME, EMPL_ID) VALUES (1171, '2013-08-13', 448, 276, 79, 502, 0, NULL, 181, 0.01, 146);
INSERT INTO WORKS_LIST (WL_ID, WORK_DATE, MASHINE_ID, DRIVER_ID, TARIF_ID, OBJECT_ID, MAIN_REC, MAIN_NUM, TARIF_RATE, STENDBY_TIME, EMPL_ID) VALUES (1172, '2013-08-09', 475, 212, 81, 497, 1, NULL, 1280, 0.63, 52);
INSERT INTO WORKS_LIST (WL_ID, WORK_DATE, MASHINE_ID, DRIVER_ID, TARIF_ID, OBJECT_ID, MAIN_REC, MAIN_NUM, TARIF_RATE, STENDBY_TIME, EMPL_ID) VALUES (1173, '2013-08-07', 408, 253, 76, 497, 1, NULL, 276, 0.17, 146);
INSERT INTO WORKS_LIST (WL_ID, WORK_DATE, MASHINE_ID, DRIVER_ID, TARIF_ID, OBJECT_ID, MAIN_REC, MAIN_NUM, TARIF_RATE, STENDBY_TIME, EMPL_ID) VALUES (1174, '2013-08-12', 411, 293, 74, 518, 0, NULL, 1314, 0.23, 52);
INSERT INTO WORKS_LIST (WL_ID, WORK_DATE, MASHINE_ID, DRIVER_ID, TARIF_ID, OBJECT_ID, MAIN_REC, MAIN_NUM, TARIF_RATE, STENDBY_TIME, EMPL_ID) VALUES (1175, '2013-07-28', 400, 279, 229, 509, 0, NULL, 1314, 0.22, 52);
INSERT INTO WORKS_LIST (WL_ID, WORK_DATE, MASHINE_ID, DRIVER_ID, TARIF_ID, OBJECT_ID, MAIN_REC, MAIN_NUM, TARIF_RATE, STENDBY_TIME, EMPL_ID) VALUES (1176, '2013-08-25', 447, 303, 229, 497, 0, NULL, 1318, 0.13, 52);
INSERT INTO WORKS_LIST (WL_ID, WORK_DATE, MASHINE_ID, DRIVER_ID, TARIF_ID, OBJECT_ID, MAIN_REC, MAIN_NUM, TARIF_RATE, STENDBY_TIME, EMPL_ID) VALUES (1177, '2013-08-01', 404, 249, 81, 513, 0, NULL, 1299, 0.55, 1);
INSERT INTO WORKS_LIST (WL_ID, WORK_DATE, MASHINE_ID, DRIVER_ID, TARIF_ID, OBJECT_ID, MAIN_REC, MAIN_NUM, TARIF_RATE, STENDBY_TIME, EMPL_ID) VALUES (1178, '2013-08-15', 401, 248, -1, 491, 1, NULL, 179, 0.76, 146);
INSERT INTO WORKS_LIST (WL_ID, WORK_DATE, MASHINE_ID, DRIVER_ID, TARIF_ID, OBJECT_ID, MAIN_REC, MAIN_NUM, TARIF_RATE, STENDBY_TIME, EMPL_ID) VALUES (1179, '2013-08-12', 467, 274, 74, 490, 1, NULL, 1321, 0.18, 1);
INSERT INTO WORKS_LIST (WL_ID, WORK_DATE, MASHINE_ID, DRIVER_ID, TARIF_ID, OBJECT_ID, MAIN_REC, MAIN_NUM, TARIF_RATE, STENDBY_TIME, EMPL_ID) VALUES (1180, '2013-09-01', 445, 246, 76, 517, 0, NULL, 276, 0.89, 52);
INSERT INTO WORKS_LIST (WL_ID, WORK_DATE, MASHINE_ID, DRIVER_ID, TARIF_ID, OBJECT_ID, MAIN_REC, MAIN_NUM, TARIF_RATE, STENDBY_TIME, EMPL_ID) VALUES (1181, '2013-08-05', 451, 276, 75, 508, 1, NULL, 277, 0.27, 1);
INSERT INTO WORKS_LIST (WL_ID, WORK_DATE, MASHINE_ID, DRIVER_ID, TARIF_ID, OBJECT_ID, MAIN_REC, MAIN_NUM, TARIF_RATE, STENDBY_TIME, EMPL_ID) VALUES (1182, '2013-08-07', 406, 226, 77, 500, 1, NULL, 1373, 0.81, 767);
INSERT INTO WORKS_LIST (WL_ID, WORK_DATE, MASHINE_ID, DRIVER_ID, TARIF_ID, OBJECT_ID, MAIN_REC, MAIN_NUM, TARIF_RATE, STENDBY_TIME, EMPL_ID) VALUES (1183, '2013-08-08', 452, 221, 78, 493, 0, NULL, 182, 0.54, 52);
INSERT INTO WORKS_LIST (WL_ID, WORK_DATE, MASHINE_ID, DRIVER_ID, TARIF_ID, OBJECT_ID, MAIN_REC, MAIN_NUM, TARIF_RATE, STENDBY_TIME, EMPL_ID) VALUES (1184, '2013-07-16', 425, 274, 80, 491, 0, NULL, 1318, 0.37, 146);
INSERT INTO WORKS_LIST (WL_ID, WORK_DATE, MASHINE_ID, DRIVER_ID, TARIF_ID, OBJECT_ID, MAIN_REC, MAIN_NUM, TARIF_RATE, STENDBY_TIME, EMPL_ID) VALUES (1185, '2013-09-03', 473, 211, 81, 510, 0, NULL, 1307, 0.94, 146);
INSERT INTO WORKS_LIST (WL_ID, WORK_DATE, MASHINE_ID, DRIVER_ID, TARIF_ID, OBJECT_ID, MAIN_REC, MAIN_NUM, TARIF_RATE, STENDBY_TIME, EMPL_ID) VALUES (1186, '2013-09-01', 452, 250, 74, 514, 0, NULL, 1370, 0.17, 146);
INSERT INTO WORKS_LIST (WL_ID, WORK_DATE, MASHINE_ID, DRIVER_ID, TARIF_ID, OBJECT_ID, MAIN_REC, MAIN_NUM, TARIF_RATE, STENDBY_TIME, EMPL_ID) VALUES (1187, '2013-07-29', 406, 290, -1, 517, 1, NULL, 1352, 0.44, 767);
INSERT INTO WORKS_LIST (WL_ID, WORK_DATE, MASHINE_ID, DRIVER_ID, TARIF_ID, OBJECT_ID, MAIN_REC, MAIN_NUM, TARIF_RATE, STENDBY_TIME, EMPL_ID) VALUES (1188, '2013-09-01', 461, 281, 80, 511, 1, NULL, 181, 0.75, 767);
INSERT INTO WORKS_LIST (WL_ID, WORK_DATE, MASHINE_ID, DRIVER_ID, TARIF_ID, OBJECT_ID, MAIN_REC, MAIN_NUM, TARIF_RATE, STENDBY_TIME, EMPL_ID) VALUES (1189, '2013-09-07', 467, 216, 229, 503, 0, NULL, 1313, 0.88, 52);
INSERT INTO WORKS_LIST (WL_ID, WORK_DATE, MASHINE_ID, DRIVER_ID, TARIF_ID, OBJECT_ID, MAIN_REC, MAIN_NUM, TARIF_RATE, STENDBY_TIME, EMPL_ID) VALUES (1190, '2013-08-31', 451, 211, 76, 501, 1, NULL, 1352, 0.38, 767);
INSERT INTO WORKS_LIST (WL_ID, WORK_DATE, MASHINE_ID, DRIVER_ID, TARIF_ID, OBJECT_ID, MAIN_REC, MAIN_NUM, TARIF_RATE, STENDBY_TIME, EMPL_ID) VALUES (1191, '2013-08-07', 418, 307, 79, 508, 1, NULL, 1321, 0.39, 52);
INSERT INTO WORKS_LIST (WL_ID, WORK_DATE, MASHINE_ID, DRIVER_ID, TARIF_ID, OBJECT_ID, MAIN_REC, MAIN_NUM, TARIF_RATE, STENDBY_TIME, EMPL_ID) VALUES (1192, '2013-07-25', 475, 268, 79, 495, 0, NULL, 1277, 0.42, 767);
INSERT INTO WORKS_LIST (WL_ID, WORK_DATE, MASHINE_ID, DRIVER_ID, TARIF_ID, OBJECT_ID, MAIN_REC, MAIN_NUM, TARIF_RATE, STENDBY_TIME, EMPL_ID) VALUES (1193, '2013-08-08', 404, 295, 78, 496, 1, NULL, 179, 0.16, 767);
INSERT INTO WORKS_LIST (WL_ID, WORK_DATE, MASHINE_ID, DRIVER_ID, TARIF_ID, OBJECT_ID, MAIN_REC, MAIN_NUM, TARIF_RATE, STENDBY_TIME, EMPL_ID) VALUES (1194, '2013-07-19', 448, 308, 78, 492, 1, NULL, 1370, 0.38, 767);
INSERT INTO WORKS_LIST (WL_ID, WORK_DATE, MASHINE_ID, DRIVER_ID, TARIF_ID, OBJECT_ID, MAIN_REC, MAIN_NUM, TARIF_RATE, STENDBY_TIME, EMPL_ID) VALUES (1195, '2013-08-09', 422, 253, 74, 512, 1, NULL, 1318, 0.52, 146);
INSERT INTO WORKS_LIST (WL_ID, WORK_DATE, MASHINE_ID, DRIVER_ID, TARIF_ID, OBJECT_ID, MAIN_REC, MAIN_NUM, TARIF_RATE, STENDBY_TIME, EMPL_ID) VALUES (1196, '2013-07-18', 423, 288, -1, 517, 1, NULL, 1298, 0.61, 1);
INSERT INTO WORKS_LIST (WL_ID, WORK_DATE, MASHINE_ID, DRIVER_ID, TARIF_ID, OBJECT_ID, MAIN_REC, MAIN_NUM, TARIF_RATE, STENDBY_TIME, EMPL_ID) VALUES (1197, '2013-08-18', 441, 290, 229, 495, 0, NULL, 1376, 0.01, 767);
INSERT INTO WORKS_LIST (WL_ID, WORK_DATE, MASHINE_ID, DRIVER_ID, TARIF_ID, OBJECT_ID, MAIN_REC, MAIN_NUM, TARIF_RATE, STENDBY_TIME, EMPL_ID) VALUES (1198, '2013-09-10', 448, 298, 82, 492, 1, NULL, 211, 0.03, 52);
INSERT INTO WORKS_LIST (WL_ID, WORK_DATE, MASHINE_ID, DRIVER_ID, TARIF_ID, OBJECT_ID, MAIN_REC, MAIN_NUM, TARIF_RATE, STENDBY_TIME, EMPL_ID) VALUES (1199, '2013-08-01', 463, 263, -1, 493, 1, NULL, 1370, 0.9, 52);
INSERT INTO WORKS_LIST (WL_ID, WORK_DATE, MASHINE_ID, DRIVER_ID, TARIF_ID, OBJECT_ID, MAIN_REC, MAIN_NUM, TARIF_RATE, STENDBY_TIME, EMPL_ID) VALUES (1200, '2013-08-25', 431, 265, 77, 505, 0, NULL, 1308, 0.82, 146);
INSERT INTO WORKS_LIST (WL_ID, WORK_DATE, MASHINE_ID, DRIVER_ID, TARIF_ID, OBJECT_ID, MAIN_REC, MAIN_NUM, TARIF_RATE, STENDBY_TIME, EMPL_ID) VALUES (1201, '2013-07-29', 422, 303, 229, 507, 1, NULL, 277, 0.34, 1);
INSERT INTO WORKS_LIST (WL_ID, WORK_DATE, MASHINE_ID, DRIVER_ID, TARIF_ID, OBJECT_ID, MAIN_REC, MAIN_NUM, TARIF_RATE, STENDBY_TIME, EMPL_ID) VALUES (1202, '2013-08-08', 435, 297, 81, 515, 0, NULL, 159, 0.1, 146);
INSERT INTO WORKS_LIST (WL_ID, WORK_DATE, MASHINE_ID, DRIVER_ID, TARIF_ID, OBJECT_ID, MAIN_REC, MAIN_NUM, TARIF_RATE, STENDBY_TIME, EMPL_ID) VALUES (1203, '2013-08-02', 426, 279, 82, 517, 1, NULL, 275, 0.81, 52);
INSERT INTO WORKS_LIST (WL_ID, WORK_DATE, MASHINE_ID, DRIVER_ID, TARIF_ID, OBJECT_ID, MAIN_REC, MAIN_NUM, TARIF_RATE, STENDBY_TIME, EMPL_ID) VALUES (1204, '2013-08-30', 439, 301, 76, 500, 1, NULL, 1298, 0.31, 52);
INSERT INTO WORKS_LIST (WL_ID, WORK_DATE, MASHINE_ID, DRIVER_ID, TARIF_ID, OBJECT_ID, MAIN_REC, MAIN_NUM, TARIF_RATE, STENDBY_TIME, EMPL_ID) VALUES (1205, '2013-08-05', 481, 240, 80, 507, 0, NULL, 2973, 0.37, 146);
INSERT INTO WORKS_LIST (WL_ID, WORK_DATE, MASHINE_ID, DRIVER_ID, TARIF_ID, OBJECT_ID, MAIN_REC, MAIN_NUM, TARIF_RATE, STENDBY_TIME, EMPL_ID) VALUES (1206, '2013-08-24', 407, 233, 78, 514, 0, NULL, 1373, 0.44, 767);
INSERT INTO WORKS_LIST (WL_ID, WORK_DATE, MASHINE_ID, DRIVER_ID, TARIF_ID, OBJECT_ID, MAIN_REC, MAIN_NUM, TARIF_RATE, STENDBY_TIME, EMPL_ID) VALUES (1207, '2013-09-05', 406, 226, -1, 496, 0, NULL, 181, 0.06, 767);
INSERT INTO WORKS_LIST (WL_ID, WORK_DATE, MASHINE_ID, DRIVER_ID, TARIF_ID, OBJECT_ID, MAIN_REC, MAIN_NUM, TARIF_RATE, STENDBY_TIME, EMPL_ID) VALUES (1208, '2013-07-19', 414, 289, 74, 507, 1, NULL, 1372, 0.97, 146);
INSERT INTO WORKS_LIST (WL_ID, WORK_DATE, MASHINE_ID, DRIVER_ID, TARIF_ID, OBJECT_ID, MAIN_REC, MAIN_NUM, TARIF_RATE, STENDBY_TIME, EMPL_ID) VALUES (1209, '2013-08-17', 480, 263, 77, 497, 0, NULL, 1318, 0.62, 146);
INSERT INTO WORKS_LIST (WL_ID, WORK_DATE, MASHINE_ID, DRIVER_ID, TARIF_ID, OBJECT_ID, MAIN_REC, MAIN_NUM, TARIF_RATE, STENDBY_TIME, EMPL_ID) VALUES (1210, '2013-08-22', 453, 288, 77, 493, 1, NULL, 276, 0.2, 146);
INSERT INTO WORKS_LIST (WL_ID, WORK_DATE, MASHINE_ID, DRIVER_ID, TARIF_ID, OBJECT_ID, MAIN_REC, MAIN_NUM, TARIF_RATE, STENDBY_TIME, EMPL_ID) VALUES (1211, '2013-09-06', 407, 255, 79, 499, 1, NULL, 1321, 0.02, 52);
INSERT INTO WORKS_LIST (WL_ID, WORK_DATE, MASHINE_ID, DRIVER_ID, TARIF_ID, OBJECT_ID, MAIN_REC, MAIN_NUM, TARIF_RATE, STENDBY_TIME, EMPL_ID) VALUES (1212, '2013-08-25', 414, 294, 72, 506, 0, NULL, 179, 0.16, 767);
INSERT INTO WORKS_LIST (WL_ID, WORK_DATE, MASHINE_ID, DRIVER_ID, TARIF_ID, OBJECT_ID, MAIN_REC, MAIN_NUM, TARIF_RATE, STENDBY_TIME, EMPL_ID) VALUES (1213, '2013-07-31', 444, 272, 82, 517, 1, NULL, 275, 0.05, 52);
INSERT INTO WORKS_LIST (WL_ID, WORK_DATE, MASHINE_ID, DRIVER_ID, TARIF_ID, OBJECT_ID, MAIN_REC, MAIN_NUM, TARIF_RATE, STENDBY_TIME, EMPL_ID) VALUES (1214, '2013-08-31', 444, 249, 229, 504, 0, NULL, 275, 0.55, 767);
INSERT INTO WORKS_LIST (WL_ID, WORK_DATE, MASHINE_ID, DRIVER_ID, TARIF_ID, OBJECT_ID, MAIN_REC, MAIN_NUM, TARIF_RATE, STENDBY_TIME, EMPL_ID) VALUES (1215, '2013-08-13', 432, 253, 82, 504, 1, NULL, 1307, 0.69, 146);
INSERT INTO WORKS_LIST (WL_ID, WORK_DATE, MASHINE_ID, DRIVER_ID, TARIF_ID, OBJECT_ID, MAIN_REC, MAIN_NUM, TARIF_RATE, STENDBY_TIME, EMPL_ID) VALUES (1216, '2013-09-08', 479, 270, -1, 494, 0, NULL, 1279, 0.3, 1);
INSERT INTO WORKS_LIST (WL_ID, WORK_DATE, MASHINE_ID, DRIVER_ID, TARIF_ID, OBJECT_ID, MAIN_REC, MAIN_NUM, TARIF_RATE, STENDBY_TIME, EMPL_ID) VALUES (1217, '2013-09-01', 408, 248, 76, 495, 0, NULL, 180, 0.81, 146);
INSERT INTO WORKS_LIST (WL_ID, WORK_DATE, MASHINE_ID, DRIVER_ID, TARIF_ID, OBJECT_ID, MAIN_REC, MAIN_NUM, TARIF_RATE, STENDBY_TIME, EMPL_ID) VALUES (1218, '2013-08-22', 432, 258, 74, 500, 1, NULL, 1352, 0.12, 767);
INSERT INTO WORKS_LIST (WL_ID, WORK_DATE, MASHINE_ID, DRIVER_ID, TARIF_ID, OBJECT_ID, MAIN_REC, MAIN_NUM, TARIF_RATE, STENDBY_TIME, EMPL_ID) VALUES (1219, '2013-08-01', 464, 241, -1, 512, 0, NULL, 1313, 0.08, 146);
INSERT INTO WORKS_LIST (WL_ID, WORK_DATE, MASHINE_ID, DRIVER_ID, TARIF_ID, OBJECT_ID, MAIN_REC, MAIN_NUM, TARIF_RATE, STENDBY_TIME, EMPL_ID) VALUES (1220, '2013-09-04', 448, 284, 77, 495, 1, NULL, 182, 0.6, 146);
INSERT INTO WORKS_LIST (WL_ID, WORK_DATE, MASHINE_ID, DRIVER_ID, TARIF_ID, OBJECT_ID, MAIN_REC, MAIN_NUM, TARIF_RATE, STENDBY_TIME, EMPL_ID) VALUES (1221, '2013-09-06', 435, 279, 79, 514, 1, NULL, 182, 0.92, 767);
INSERT INTO WORKS_LIST (WL_ID, WORK_DATE, MASHINE_ID, DRIVER_ID, TARIF_ID, OBJECT_ID, MAIN_REC, MAIN_NUM, TARIF_RATE, STENDBY_TIME, EMPL_ID) VALUES (1222, '2013-08-31', 480, 282, 74, 512, 1, NULL, 277, 0.21, 146);
INSERT INTO WORKS_LIST (WL_ID, WORK_DATE, MASHINE_ID, DRIVER_ID, TARIF_ID, OBJECT_ID, MAIN_REC, MAIN_NUM, TARIF_RATE, STENDBY_TIME, EMPL_ID) VALUES (1223, '2013-08-19', 487, 245, 229, 500, 1, NULL, 181, 0.77, 1);
INSERT INTO WORKS_LIST (WL_ID, WORK_DATE, MASHINE_ID, DRIVER_ID, TARIF_ID, OBJECT_ID, MAIN_REC, MAIN_NUM, TARIF_RATE, STENDBY_TIME, EMPL_ID) VALUES (1224, '2013-09-01', 432, 256, 81, 502, 1, NULL, 276, 0.86, 767);
INSERT INTO WORKS_LIST (WL_ID, WORK_DATE, MASHINE_ID, DRIVER_ID, TARIF_ID, OBJECT_ID, MAIN_REC, MAIN_NUM, TARIF_RATE, STENDBY_TIME, EMPL_ID) VALUES (1225, '2013-07-21', 479, 257, 229, 502, 0, NULL, 1376, 0.03, 146);
INSERT INTO WORKS_LIST (WL_ID, WORK_DATE, MASHINE_ID, DRIVER_ID, TARIF_ID, OBJECT_ID, MAIN_REC, MAIN_NUM, TARIF_RATE, STENDBY_TIME, EMPL_ID) VALUES (1226, '2013-09-09', 419, 216, 74, 498, 1, NULL, 182, 0.37, 52);
INSERT INTO WORKS_LIST (WL_ID, WORK_DATE, MASHINE_ID, DRIVER_ID, TARIF_ID, OBJECT_ID, MAIN_REC, MAIN_NUM, TARIF_RATE, STENDBY_TIME, EMPL_ID) VALUES (1227, '2013-09-04', 414, 266, 79, 507, 1, NULL, 1313, 0.32, 146);
INSERT INTO WORKS_LIST (WL_ID, WORK_DATE, MASHINE_ID, DRIVER_ID, TARIF_ID, OBJECT_ID, MAIN_REC, MAIN_NUM, TARIF_RATE, STENDBY_TIME, EMPL_ID) VALUES (1228, '2013-08-01', 449, 263, 76, 512, 0, NULL, 2972, 0.38, 767);
INSERT INTO WORKS_LIST (WL_ID, WORK_DATE, MASHINE_ID, DRIVER_ID, TARIF_ID, OBJECT_ID, MAIN_REC, MAIN_NUM, TARIF_RATE, STENDBY_TIME, EMPL_ID) VALUES (1229, '2013-07-14', 477, 212, 79, 513, 0, NULL, 1376, 0.86, 146);
INSERT INTO WORKS_LIST (WL_ID, WORK_DATE, MASHINE_ID, DRIVER_ID, TARIF_ID, OBJECT_ID, MAIN_REC, MAIN_NUM, TARIF_RATE, STENDBY_TIME, EMPL_ID) VALUES (1230, '2013-09-03', 413, 271, 74, 512, 0, NULL, 1313, 0.99, 767);
INSERT INTO WORKS_LIST (WL_ID, WORK_DATE, MASHINE_ID, DRIVER_ID, TARIF_ID, OBJECT_ID, MAIN_REC, MAIN_NUM, TARIF_RATE, STENDBY_TIME, EMPL_ID) VALUES (1231, '2013-09-02', 473, 276, 81, 499, 1, NULL, 276, 0.04, 146);
INSERT INTO WORKS_LIST (WL_ID, WORK_DATE, MASHINE_ID, DRIVER_ID, TARIF_ID, OBJECT_ID, MAIN_REC, MAIN_NUM, TARIF_RATE, STENDBY_TIME, EMPL_ID) VALUES (1232, '2013-07-25', 400, 242, 78, 501, 1, NULL, 275, 0.54, 767);
INSERT INTO WORKS_LIST (WL_ID, WORK_DATE, MASHINE_ID, DRIVER_ID, TARIF_ID, OBJECT_ID, MAIN_REC, MAIN_NUM, TARIF_RATE, STENDBY_TIME, EMPL_ID) VALUES (1233, '2013-08-20', 474, 293, 80, 500, 0, NULL, 1376, 0.11, 1);
INSERT INTO WORKS_LIST (WL_ID, WORK_DATE, MASHINE_ID, DRIVER_ID, TARIF_ID, OBJECT_ID, MAIN_REC, MAIN_NUM, TARIF_RATE, STENDBY_TIME, EMPL_ID) VALUES (1234, '2013-08-20', 463, 250, 79, 515, 0, NULL, 1319, 0.06, 1);
INSERT INTO WORKS_LIST (WL_ID, WORK_DATE, MASHINE_ID, DRIVER_ID, TARIF_ID, OBJECT_ID, MAIN_REC, MAIN_NUM, TARIF_RATE, STENDBY_TIME, EMPL_ID) VALUES (1235, '2013-08-29', 461, 233, 78, 498, 0, NULL, 181, 0.07, 767);
INSERT INTO WORKS_LIST (WL_ID, WORK_DATE, MASHINE_ID, DRIVER_ID, TARIF_ID, OBJECT_ID, MAIN_REC, MAIN_NUM, TARIF_RATE, STENDBY_TIME, EMPL_ID) VALUES (1236, '2013-08-06', 460, 292, 77, 518, 0, NULL, 1314, 0.29, 767);
INSERT INTO WORKS_LIST (WL_ID, WORK_DATE, MASHINE_ID, DRIVER_ID, TARIF_ID, OBJECT_ID, MAIN_REC, MAIN_NUM, TARIF_RATE, STENDBY_TIME, EMPL_ID) VALUES (1237, '2013-07-29', 480, 293, -1, 491, 1, NULL, 160, 0.85, 1);
INSERT INTO WORKS_LIST (WL_ID, WORK_DATE, MASHINE_ID, DRIVER_ID, TARIF_ID, OBJECT_ID, MAIN_REC, MAIN_NUM, TARIF_RATE, STENDBY_TIME, EMPL_ID) VALUES (1238, '2013-07-22', 419, 288, 78, 492, 1, NULL, 276, 0, 767);
INSERT INTO WORKS_LIST (WL_ID, WORK_DATE, MASHINE_ID, DRIVER_ID, TARIF_ID, OBJECT_ID, MAIN_REC, MAIN_NUM, TARIF_RATE, STENDBY_TIME, EMPL_ID) VALUES (1239, '2013-08-27', 462, 229, 75, 490, 0, NULL, 1279, 0.01, 52);
INSERT INTO WORKS_LIST (WL_ID, WORK_DATE, MASHINE_ID, DRIVER_ID, TARIF_ID, OBJECT_ID, MAIN_REC, MAIN_NUM, TARIF_RATE, STENDBY_TIME, EMPL_ID) VALUES (1240, '2013-09-03', 420, 296, 74, 513, 0, NULL, 1313, 0.9, 52);
INSERT INTO WORKS_LIST (WL_ID, WORK_DATE, MASHINE_ID, DRIVER_ID, TARIF_ID, OBJECT_ID, MAIN_REC, MAIN_NUM, TARIF_RATE, STENDBY_TIME, EMPL_ID) VALUES (1241, '2013-07-15', 417, 228, 82, 498, 0, NULL, 1318, 0.77, 1);
INSERT INTO WORKS_LIST (WL_ID, WORK_DATE, MASHINE_ID, DRIVER_ID, TARIF_ID, OBJECT_ID, MAIN_REC, MAIN_NUM, TARIF_RATE, STENDBY_TIME, EMPL_ID) VALUES (1242, '2013-08-12', 479, 298, 229, 512, 0, NULL, 1314, 0.53, 52);
INSERT INTO WORKS_LIST (WL_ID, WORK_DATE, MASHINE_ID, DRIVER_ID, TARIF_ID, OBJECT_ID, MAIN_REC, MAIN_NUM, TARIF_RATE, STENDBY_TIME, EMPL_ID) VALUES (1243, '2013-07-26', 463, 251, 80, 498, 1, NULL, 1308, 0.47, 1);
INSERT INTO WORKS_LIST (WL_ID, WORK_DATE, MASHINE_ID, DRIVER_ID, TARIF_ID, OBJECT_ID, MAIN_REC, MAIN_NUM, TARIF_RATE, STENDBY_TIME, EMPL_ID) VALUES (1244, '2013-07-21', 429, 265, 79, 508, 0, NULL, 1371, 0.5, 1);
INSERT INTO WORKS_LIST (WL_ID, WORK_DATE, MASHINE_ID, DRIVER_ID, TARIF_ID, OBJECT_ID, MAIN_REC, MAIN_NUM, TARIF_RATE, STENDBY_TIME, EMPL_ID) VALUES (1245, '2013-07-15', 470, 242, 72, 495, 1, NULL, 1313, 0.78, 146);
INSERT INTO WORKS_LIST (WL_ID, WORK_DATE, MASHINE_ID, DRIVER_ID, TARIF_ID, OBJECT_ID, MAIN_REC, MAIN_NUM, TARIF_RATE, STENDBY_TIME, EMPL_ID) VALUES (1246, '2013-08-10', 455, 274, 81, 490, 1, NULL, 1298, 0.75, 52);
INSERT INTO WORKS_LIST (WL_ID, WORK_DATE, MASHINE_ID, DRIVER_ID, TARIF_ID, OBJECT_ID, MAIN_REC, MAIN_NUM, TARIF_RATE, STENDBY_TIME, EMPL_ID) VALUES (1247, '2013-09-05', 432, 245, 79, 511, 1, NULL, 1297, 0.16, 767);
INSERT INTO WORKS_LIST (WL_ID, WORK_DATE, MASHINE_ID, DRIVER_ID, TARIF_ID, OBJECT_ID, MAIN_REC, MAIN_NUM, TARIF_RATE, STENDBY_TIME, EMPL_ID) VALUES (1248, '2013-08-09', 488, 297, 78, 514, 0, NULL, 1321, 0.45, 767);
INSERT INTO WORKS_LIST (WL_ID, WORK_DATE, MASHINE_ID, DRIVER_ID, TARIF_ID, OBJECT_ID, MAIN_REC, MAIN_NUM, TARIF_RATE, STENDBY_TIME, EMPL_ID) VALUES (1249, '2013-07-19', 439, 208, 75, 493, 1, NULL, 181, 0.68, 52);
INSERT INTO WORKS_LIST (WL_ID, WORK_DATE, MASHINE_ID, DRIVER_ID, TARIF_ID, OBJECT_ID, MAIN_REC, MAIN_NUM, TARIF_RATE, STENDBY_TIME, EMPL_ID) VALUES (1250, '2013-08-26', 436, 304, -1, 519, 1, NULL, 1299, 0.99, 767);
INSERT INTO WORKS_LIST (WL_ID, WORK_DATE, MASHINE_ID, DRIVER_ID, TARIF_ID, OBJECT_ID, MAIN_REC, MAIN_NUM, TARIF_RATE, STENDBY_TIME, EMPL_ID) VALUES (1251, '2013-07-21', 468, 224, 81, 508, 0, NULL, 160, 0.62, 767);
INSERT INTO WORKS_LIST (WL_ID, WORK_DATE, MASHINE_ID, DRIVER_ID, TARIF_ID, OBJECT_ID, MAIN_REC, MAIN_NUM, TARIF_RATE, STENDBY_TIME, EMPL_ID) VALUES (1252, '2013-07-25', 488, 274, 80, 516, 1, NULL, 1280, 0.39, 52);
INSERT INTO WORKS_LIST (WL_ID, WORK_DATE, MASHINE_ID, DRIVER_ID, TARIF_ID, OBJECT_ID, MAIN_REC, MAIN_NUM, TARIF_RATE, STENDBY_TIME, EMPL_ID) VALUES (1253, '2013-07-25', 443, 211, 74, 497, 1, NULL, 275, 0.17, 146);
INSERT INTO WORKS_LIST (WL_ID, WORK_DATE, MASHINE_ID, DRIVER_ID, TARIF_ID, OBJECT_ID, MAIN_REC, MAIN_NUM, TARIF_RATE, STENDBY_TIME, EMPL_ID) VALUES (1254, '2013-07-25', 431, 240, 78, 497, 0, NULL, 1279, 0.12, 767);
INSERT INTO WORKS_LIST (WL_ID, WORK_DATE, MASHINE_ID, DRIVER_ID, TARIF_ID, OBJECT_ID, MAIN_REC, MAIN_NUM, TARIF_RATE, STENDBY_TIME, EMPL_ID) VALUES (1255, '2013-08-29', 429, 256, 82, 496, 1, NULL, 2973, 0.52, 146);
INSERT INTO WORKS_LIST (WL_ID, WORK_DATE, MASHINE_ID, DRIVER_ID, TARIF_ID, OBJECT_ID, MAIN_REC, MAIN_NUM, TARIF_RATE, STENDBY_TIME, EMPL_ID) VALUES (1256, '2013-08-14', 430, 228, 74, 516, 0, NULL, 276, 0.6, 146);
INSERT INTO WORKS_LIST (WL_ID, WORK_DATE, MASHINE_ID, DRIVER_ID, TARIF_ID, OBJECT_ID, MAIN_REC, MAIN_NUM, TARIF_RATE, STENDBY_TIME, EMPL_ID) VALUES (1257, '2013-07-30', 474, 255, 74, 512, 0, NULL, 2972, 0.24, 52);
INSERT INTO WORKS_LIST (WL_ID, WORK_DATE, MASHINE_ID, DRIVER_ID, TARIF_ID, OBJECT_ID, MAIN_REC, MAIN_NUM, TARIF_RATE, STENDBY_TIME, EMPL_ID) VALUES (1258, '2013-08-21', 413, 225, 74, 517, 0, NULL, 276, 0.29, 52);
INSERT INTO WORKS_LIST (WL_ID, WORK_DATE, MASHINE_ID, DRIVER_ID, TARIF_ID, OBJECT_ID, MAIN_REC, MAIN_NUM, TARIF_RATE, STENDBY_TIME, EMPL_ID) VALUES (1259, '2013-08-19', 444, 211, 78, 519, 0, NULL, 159, 0.12, 146);
INSERT INTO WORKS_LIST (WL_ID, WORK_DATE, MASHINE_ID, DRIVER_ID, TARIF_ID, OBJECT_ID, MAIN_REC, MAIN_NUM, TARIF_RATE, STENDBY_TIME, EMPL_ID) VALUES (1260, '2013-08-30', 468, 251, 82, 515, 0, NULL, 275, 0.03, 1);
INSERT INTO WORKS_LIST (WL_ID, WORK_DATE, MASHINE_ID, DRIVER_ID, TARIF_ID, OBJECT_ID, MAIN_REC, MAIN_NUM, TARIF_RATE, STENDBY_TIME, EMPL_ID) VALUES (1261, '2013-09-09', 470, 293, 81, 500, 1, NULL, 1376, 0.66, 767);
INSERT INTO WORKS_LIST (WL_ID, WORK_DATE, MASHINE_ID, DRIVER_ID, TARIF_ID, OBJECT_ID, MAIN_REC, MAIN_NUM, TARIF_RATE, STENDBY_TIME, EMPL_ID) VALUES (1262, '2013-08-16', 439, 268, 76, 507, 0, NULL, 160, 0.38, 52);
INSERT INTO WORKS_LIST (WL_ID, WORK_DATE, MASHINE_ID, DRIVER_ID, TARIF_ID, OBJECT_ID, MAIN_REC, MAIN_NUM, TARIF_RATE, STENDBY_TIME, EMPL_ID) VALUES (1263, '2013-07-13', 460, 258, 77, 511, 0, NULL, 182, 0.56, 1);
INSERT INTO WORKS_LIST (WL_ID, WORK_DATE, MASHINE_ID, DRIVER_ID, TARIF_ID, OBJECT_ID, MAIN_REC, MAIN_NUM, TARIF_RATE, STENDBY_TIME, EMPL_ID) VALUES (1264, '2013-08-27', 400, 241, 81, 516, 1, NULL, 277, 0.1, 52);
INSERT INTO WORKS_LIST (WL_ID, WORK_DATE, MASHINE_ID, DRIVER_ID, TARIF_ID, OBJECT_ID, MAIN_REC, MAIN_NUM, TARIF_RATE, STENDBY_TIME, EMPL_ID) VALUES (1265, '2013-08-05', 435, 228, 81, 492, 0, NULL, 211, 0.28, 146);
INSERT INTO WORKS_LIST (WL_ID, WORK_DATE, MASHINE_ID, DRIVER_ID, TARIF_ID, OBJECT_ID, MAIN_REC, MAIN_NUM, TARIF_RATE, STENDBY_TIME, EMPL_ID) VALUES (1266, '2013-09-06', 473, 254, 80, 510, 0, NULL, 1371, 0.66, 767);
INSERT INTO WORKS_LIST (WL_ID, WORK_DATE, MASHINE_ID, DRIVER_ID, TARIF_ID, OBJECT_ID, MAIN_REC, MAIN_NUM, TARIF_RATE, STENDBY_TIME, EMPL_ID) VALUES (1267, '2013-08-22', 467, 237, 75, 499, 1, NULL, 275, 0.78, 146);
INSERT INTO WORKS_LIST (WL_ID, WORK_DATE, MASHINE_ID, DRIVER_ID, TARIF_ID, OBJECT_ID, MAIN_REC, MAIN_NUM, TARIF_RATE, STENDBY_TIME, EMPL_ID) VALUES (1268, '2013-08-02', 454, 279, 81, 498, 1, NULL, 1371, 0.15, 146);
INSERT INTO WORKS_LIST (WL_ID, WORK_DATE, MASHINE_ID, DRIVER_ID, TARIF_ID, OBJECT_ID, MAIN_REC, MAIN_NUM, TARIF_RATE, STENDBY_TIME, EMPL_ID) VALUES (1269, '2013-09-08', 439, 255, -1, 491, 1, NULL, 275, 0.28, 1);
INSERT INTO WORKS_LIST (WL_ID, WORK_DATE, MASHINE_ID, DRIVER_ID, TARIF_ID, OBJECT_ID, MAIN_REC, MAIN_NUM, TARIF_RATE, STENDBY_TIME, EMPL_ID) VALUES (1270, '2013-07-23', 440, 260, 79, 502, 1, NULL, 1318, 0.26, 146);
INSERT INTO WORKS_LIST (WL_ID, WORK_DATE, MASHINE_ID, DRIVER_ID, TARIF_ID, OBJECT_ID, MAIN_REC, MAIN_NUM, TARIF_RATE, STENDBY_TIME, EMPL_ID) VALUES (1271, '2013-08-02', 457, 257, 229, 514, 0, NULL, 159, 0.38, 767);
INSERT INTO WORKS_LIST (WL_ID, WORK_DATE, MASHINE_ID, DRIVER_ID, TARIF_ID, OBJECT_ID, MAIN_REC, MAIN_NUM, TARIF_RATE, STENDBY_TIME, EMPL_ID) VALUES (1272, '2013-08-18', 484, 232, 80, 507, 0, NULL, 180, 0.09, 146);
INSERT INTO WORKS_LIST (WL_ID, WORK_DATE, MASHINE_ID, DRIVER_ID, TARIF_ID, OBJECT_ID, MAIN_REC, MAIN_NUM, TARIF_RATE, STENDBY_TIME, EMPL_ID) VALUES (1273, '2013-07-30', 445, 270, 81, 505, 1, NULL, 275, 0.5, 767);
INSERT INTO WORKS_LIST (WL_ID, WORK_DATE, MASHINE_ID, DRIVER_ID, TARIF_ID, OBJECT_ID, MAIN_REC, MAIN_NUM, TARIF_RATE, STENDBY_TIME, EMPL_ID) VALUES (1274, '2013-09-08', 461, 294, 81, 508, 1, NULL, 1352, 0.64, 1);
INSERT INTO WORKS_LIST (WL_ID, WORK_DATE, MASHINE_ID, DRIVER_ID, TARIF_ID, OBJECT_ID, MAIN_REC, MAIN_NUM, TARIF_RATE, STENDBY_TIME, EMPL_ID) VALUES (1275, '2013-08-20', 404, 235, 78, 492, 0, NULL, 1297, 0.75, 52);
INSERT INTO WORKS_LIST (WL_ID, WORK_DATE, MASHINE_ID, DRIVER_ID, TARIF_ID, OBJECT_ID, MAIN_REC, MAIN_NUM, TARIF_RATE, STENDBY_TIME, EMPL_ID) VALUES (1276, '2013-09-08', 465, 295, 229, 513, 0, NULL, 1352, 0.71, 767);
INSERT INTO WORKS_LIST (WL_ID, WORK_DATE, MASHINE_ID, DRIVER_ID, TARIF_ID, OBJECT_ID, MAIN_REC, MAIN_NUM, TARIF_RATE, STENDBY_TIME, EMPL_ID) VALUES (1277, '2013-07-17', 468, 240, 78, 516, 1, NULL, 277, 0.6, 146);
INSERT INTO WORKS_LIST (WL_ID, WORK_DATE, MASHINE_ID, DRIVER_ID, TARIF_ID, OBJECT_ID, MAIN_REC, MAIN_NUM, TARIF_RATE, STENDBY_TIME, EMPL_ID) VALUES (1278, '2013-09-05', 453, 232, -1, 492, 1, NULL, 1371, 0.09, 767);
INSERT INTO WORKS_LIST (WL_ID, WORK_DATE, MASHINE_ID, DRIVER_ID, TARIF_ID, OBJECT_ID, MAIN_REC, MAIN_NUM, TARIF_RATE, STENDBY_TIME, EMPL_ID) VALUES (1279, '2013-07-18', 473, 245, 74, 500, 1, NULL, 277, 0.21, 52);
INSERT INTO WORKS_LIST (WL_ID, WORK_DATE, MASHINE_ID, DRIVER_ID, TARIF_ID, OBJECT_ID, MAIN_REC, MAIN_NUM, TARIF_RATE, STENDBY_TIME, EMPL_ID) VALUES (1280, '2013-07-16', 433, 274, 77, 505, 1, NULL, 1371, 0.66, 767);
INSERT INTO WORKS_LIST (WL_ID, WORK_DATE, MASHINE_ID, DRIVER_ID, TARIF_ID, OBJECT_ID, MAIN_REC, MAIN_NUM, TARIF_RATE, STENDBY_TIME, EMPL_ID) VALUES (1281, '2013-08-28', 419, 294, 82, 518, 0, NULL, 179, 0.72, 767);
INSERT INTO WORKS_LIST (WL_ID, WORK_DATE, MASHINE_ID, DRIVER_ID, TARIF_ID, OBJECT_ID, MAIN_REC, MAIN_NUM, TARIF_RATE, STENDBY_TIME, EMPL_ID) VALUES (1282, '2013-08-31', 407, 216, 81, 501, 1, NULL, 1373, 0.92, 767);
INSERT INTO WORKS_LIST (WL_ID, WORK_DATE, MASHINE_ID, DRIVER_ID, TARIF_ID, OBJECT_ID, MAIN_REC, MAIN_NUM, TARIF_RATE, STENDBY_TIME, EMPL_ID) VALUES (1283, '2013-08-03', 421, 290, 74, 490, 0, NULL, 211, 0.97, 1);
INSERT INTO WORKS_LIST (WL_ID, WORK_DATE, MASHINE_ID, DRIVER_ID, TARIF_ID, OBJECT_ID, MAIN_REC, MAIN_NUM, TARIF_RATE, STENDBY_TIME, EMPL_ID) VALUES (1284, '2013-08-28', 424, 270, -1, 498, 1, NULL, 182, 0.02, 767);
INSERT INTO WORKS_LIST (WL_ID, WORK_DATE, MASHINE_ID, DRIVER_ID, TARIF_ID, OBJECT_ID, MAIN_REC, MAIN_NUM, TARIF_RATE, STENDBY_TIME, EMPL_ID) VALUES (1285, '2013-08-23', 448, 296, 74, 491, 1, NULL, 2972, 0.65, 1);
INSERT INTO WORKS_LIST (WL_ID, WORK_DATE, MASHINE_ID, DRIVER_ID, TARIF_ID, OBJECT_ID, MAIN_REC, MAIN_NUM, TARIF_RATE, STENDBY_TIME, EMPL_ID) VALUES (1286, '2013-07-20', 475, 281, 75, 511, 1, NULL, 160, 0.98, 146);
INSERT INTO WORKS_LIST (WL_ID, WORK_DATE, MASHINE_ID, DRIVER_ID, TARIF_ID, OBJECT_ID, MAIN_REC, MAIN_NUM, TARIF_RATE, STENDBY_TIME, EMPL_ID) VALUES (1287, '2013-07-24', 429, 257, -1, 507, 1, NULL, 2972, 0.25, 1);
INSERT INTO WORKS_LIST (WL_ID, WORK_DATE, MASHINE_ID, DRIVER_ID, TARIF_ID, OBJECT_ID, MAIN_REC, MAIN_NUM, TARIF_RATE, STENDBY_TIME, EMPL_ID) VALUES (1288, '2013-07-17', 418, 245, 74, 490, 0, NULL, 1371, 0.04, 767);
INSERT INTO WORKS_LIST (WL_ID, WORK_DATE, MASHINE_ID, DRIVER_ID, TARIF_ID, OBJECT_ID, MAIN_REC, MAIN_NUM, TARIF_RATE, STENDBY_TIME, EMPL_ID) VALUES (1289, '2013-08-03', 408, 214, 79, 506, 0, NULL, 1280, 0.99, 767);
INSERT INTO WORKS_LIST (WL_ID, WORK_DATE, MASHINE_ID, DRIVER_ID, TARIF_ID, OBJECT_ID, MAIN_REC, MAIN_NUM, TARIF_RATE, STENDBY_TIME, EMPL_ID) VALUES (1290, '2013-07-26', 406, 245, 81, 494, 0, NULL, 277, 0.41, 767);
INSERT INTO WORKS_LIST (WL_ID, WORK_DATE, MASHINE_ID, DRIVER_ID, TARIF_ID, OBJECT_ID, MAIN_REC, MAIN_NUM, TARIF_RATE, STENDBY_TIME, EMPL_ID) VALUES (1291, '2013-08-13', 444, 306, 75, 507, 1, NULL, 1298, 0.82, 52);
INSERT INTO WORKS_LIST (WL_ID, WORK_DATE, MASHINE_ID, DRIVER_ID, TARIF_ID, OBJECT_ID, MAIN_REC, MAIN_NUM, TARIF_RATE, STENDBY_TIME, EMPL_ID) VALUES (1292, '2013-07-13', 448, 288, 75, 515, 0, NULL, 1308, 0.44, 767);
INSERT INTO WORKS_LIST (WL_ID, WORK_DATE, MASHINE_ID, DRIVER_ID, TARIF_ID, OBJECT_ID, MAIN_REC, MAIN_NUM, TARIF_RATE, STENDBY_TIME, EMPL_ID) VALUES (1293, '2013-08-25', 429, 265, 229, 490, 1, NULL, 1319, 0.64, 1);
INSERT INTO WORKS_LIST (WL_ID, WORK_DATE, MASHINE_ID, DRIVER_ID, TARIF_ID, OBJECT_ID, MAIN_REC, MAIN_NUM, TARIF_RATE, STENDBY_TIME, EMPL_ID) VALUES (1294, '2013-07-24', 429, 271, 74, 508, 0, NULL, 181, 0.12, 52);
INSERT INTO WORKS_LIST (WL_ID, WORK_DATE, MASHINE_ID, DRIVER_ID, TARIF_ID, OBJECT_ID, MAIN_REC, MAIN_NUM, TARIF_RATE, STENDBY_TIME, EMPL_ID) VALUES (1295, '2013-08-24', 463, 288, 79, 498, 1, NULL, 2973, 0.76, 767);
INSERT INTO WORKS_LIST (WL_ID, WORK_DATE, MASHINE_ID, DRIVER_ID, TARIF_ID, OBJECT_ID, MAIN_REC, MAIN_NUM, TARIF_RATE, STENDBY_TIME, EMPL_ID) VALUES (1296, '2013-08-30', 411, 223, 76, 514, 0, NULL, 181, 0.3, 1);
INSERT INTO WORKS_LIST (WL_ID, WORK_DATE, MASHINE_ID, DRIVER_ID, TARIF_ID, OBJECT_ID, MAIN_REC, MAIN_NUM, TARIF_RATE, STENDBY_TIME, EMPL_ID) VALUES (1297, '2013-07-26', 426, 284, 79, 515, 0, NULL, 1318, 0.5, 1);
INSERT INTO WORKS_LIST (WL_ID, WORK_DATE, MASHINE_ID, DRIVER_ID, TARIF_ID, OBJECT_ID, MAIN_REC, MAIN_NUM, TARIF_RATE, STENDBY_TIME, EMPL_ID) VALUES (1298, '2013-09-10', 449, 242, 81, 496, 1, NULL, 277, 0.19, 767);
INSERT INTO WORKS_LIST (WL_ID, WORK_DATE, MASHINE_ID, DRIVER_ID, TARIF_ID, OBJECT_ID, MAIN_REC, MAIN_NUM, TARIF_RATE, STENDBY_TIME, EMPL_ID) VALUES (1299, '2013-09-06', 411, 237, 229, 511, 1, NULL, 1372, 0.23, 146);
INSERT INTO WORKS_LIST (WL_ID, WORK_DATE, MASHINE_ID, DRIVER_ID, TARIF_ID, OBJECT_ID, MAIN_REC, MAIN_NUM, TARIF_RATE, STENDBY_TIME, EMPL_ID) VALUES (1300, '2013-09-09', 427, 252, 80, 506, 0, NULL, 1297, 0.59, 1);
INSERT INTO WORKS_LIST (WL_ID, WORK_DATE, MASHINE_ID, DRIVER_ID, TARIF_ID, OBJECT_ID, MAIN_REC, MAIN_NUM, TARIF_RATE, STENDBY_TIME, EMPL_ID) VALUES (1301, '2013-09-03', 442, 268, 72, 499, 1, NULL, 1297, 0.52, 767);
INSERT INTO WORKS_LIST (WL_ID, WORK_DATE, MASHINE_ID, DRIVER_ID, TARIF_ID, OBJECT_ID, MAIN_REC, MAIN_NUM, TARIF_RATE, STENDBY_TIME, EMPL_ID) VALUES (1302, '2013-07-25', 432, 279, 80, 501, 0, NULL, 1318, 0.09, 52);
INSERT INTO WORKS_LIST (WL_ID, WORK_DATE, MASHINE_ID, DRIVER_ID, TARIF_ID, OBJECT_ID, MAIN_REC, MAIN_NUM, TARIF_RATE, STENDBY_TIME, EMPL_ID) VALUES (1303, '2013-07-20', 404, 221, 78, 490, 0, NULL, 1376, 0.55, 767);
INSERT INTO WORKS_LIST (WL_ID, WORK_DATE, MASHINE_ID, DRIVER_ID, TARIF_ID, OBJECT_ID, MAIN_REC, MAIN_NUM, TARIF_RATE, STENDBY_TIME, EMPL_ID) VALUES (1304, '2013-08-29', 437, 287, 81, 503, 0, NULL, 1372, 0.63, 146);
INSERT INTO WORKS_LIST (WL_ID, WORK_DATE, MASHINE_ID, DRIVER_ID, TARIF_ID, OBJECT_ID, MAIN_REC, MAIN_NUM, TARIF_RATE, STENDBY_TIME, EMPL_ID) VALUES (1305, '2013-07-22', 414, 281, 78, 505, 1, NULL, 180, 0.23, 767);
INSERT INTO WORKS_LIST (WL_ID, WORK_DATE, MASHINE_ID, DRIVER_ID, TARIF_ID, OBJECT_ID, MAIN_REC, MAIN_NUM, TARIF_RATE, STENDBY_TIME, EMPL_ID) VALUES (1306, '2013-08-27', 400, 248, 75, 514, 0, NULL, 1308, 0.69, 146);
INSERT INTO WORKS_LIST (WL_ID, WORK_DATE, MASHINE_ID, DRIVER_ID, TARIF_ID, OBJECT_ID, MAIN_REC, MAIN_NUM, TARIF_RATE, STENDBY_TIME, EMPL_ID) VALUES (1307, '2013-07-21', 441, 289, 82, 498, 1, NULL, 1318, 0.96, 146);
INSERT INTO WORKS_LIST (WL_ID, WORK_DATE, MASHINE_ID, DRIVER_ID, TARIF_ID, OBJECT_ID, MAIN_REC, MAIN_NUM, TARIF_RATE, STENDBY_TIME, EMPL_ID) VALUES (1308, '2013-08-27', 460, 270, 75, 497, 0, NULL, 1352, 0.21, 146);
INSERT INTO WORKS_LIST (WL_ID, WORK_DATE, MASHINE_ID, DRIVER_ID, TARIF_ID, OBJECT_ID, MAIN_REC, MAIN_NUM, TARIF_RATE, STENDBY_TIME, EMPL_ID) VALUES (1309, '2013-09-03', 464, 263, 229, 496, 0, NULL, 1319, 0.38, 1);
INSERT INTO WORKS_LIST (WL_ID, WORK_DATE, MASHINE_ID, DRIVER_ID, TARIF_ID, OBJECT_ID, MAIN_REC, MAIN_NUM, TARIF_RATE, STENDBY_TIME, EMPL_ID) VALUES (1310, '2013-07-28', 433, 303, 81, 491, 1, NULL, 1373, 0.24, 52);
INSERT INTO WORKS_LIST (WL_ID, WORK_DATE, MASHINE_ID, DRIVER_ID, TARIF_ID, OBJECT_ID, MAIN_REC, MAIN_NUM, TARIF_RATE, STENDBY_TIME, EMPL_ID) VALUES (1311, '2013-09-06', 487, 286, 78, 494, 1, NULL, 1277, 0.69, 767);
INSERT INTO WORKS_LIST (WL_ID, WORK_DATE, MASHINE_ID, DRIVER_ID, TARIF_ID, OBJECT_ID, MAIN_REC, MAIN_NUM, TARIF_RATE, STENDBY_TIME, EMPL_ID) VALUES (1312, '2013-08-24', 421, 251, 72, 513, 0, NULL, 1319, 0.18, 1);
INSERT INTO WORKS_LIST (WL_ID, WORK_DATE, MASHINE_ID, DRIVER_ID, TARIF_ID, OBJECT_ID, MAIN_REC, MAIN_NUM, TARIF_RATE, STENDBY_TIME, EMPL_ID) VALUES (1313, '2013-08-23', 440, 293, 72, 513, 0, NULL, 1279, 0.54, 146);
INSERT INTO WORKS_LIST (WL_ID, WORK_DATE, MASHINE_ID, DRIVER_ID, TARIF_ID, OBJECT_ID, MAIN_REC, MAIN_NUM, TARIF_RATE, STENDBY_TIME, EMPL_ID) VALUES (1314, '2013-07-14', 427, 276, 77, 498, 0, NULL, 275, 0.84, 767);
INSERT INTO WORKS_LIST (WL_ID, WORK_DATE, MASHINE_ID, DRIVER_ID, TARIF_ID, OBJECT_ID, MAIN_REC, MAIN_NUM, TARIF_RATE, STENDBY_TIME, EMPL_ID) VALUES (1315, '2013-08-25', 457, 228, 81, 500, 0, NULL, 160, 0.33, 52);
INSERT INTO WORKS_LIST (WL_ID, WORK_DATE, MASHINE_ID, DRIVER_ID, TARIF_ID, OBJECT_ID, MAIN_REC, MAIN_NUM, TARIF_RATE, STENDBY_TIME, EMPL_ID) VALUES (1316, '2013-08-27', 449, 294, 229, 515, 1, NULL, 1307, 0.51, 52);
INSERT INTO WORKS_LIST (WL_ID, WORK_DATE, MASHINE_ID, DRIVER_ID, TARIF_ID, OBJECT_ID, MAIN_REC, MAIN_NUM, TARIF_RATE, STENDBY_TIME, EMPL_ID) VALUES (1317, '2013-08-30', 454, 270, 76, 513, 1, NULL, 1307, 0.58, 52);
INSERT INTO WORKS_LIST (WL_ID, WORK_DATE, MASHINE_ID, DRIVER_ID, TARIF_ID, OBJECT_ID, MAIN_REC, MAIN_NUM, TARIF_RATE, STENDBY_TIME, EMPL_ID) VALUES (1318, '2013-08-29', 479, 288, 81, 517, 1, NULL, 2972, 0.16, 767);
INSERT INTO WORKS_LIST (WL_ID, WORK_DATE, MASHINE_ID, DRIVER_ID, TARIF_ID, OBJECT_ID, MAIN_REC, MAIN_NUM, TARIF_RATE, STENDBY_TIME, EMPL_ID) VALUES (1319, '2013-09-08', 451, 294, 76, 502, 1, NULL, 181, 0.63, 146);
INSERT INTO WORKS_LIST (WL_ID, WORK_DATE, MASHINE_ID, DRIVER_ID, TARIF_ID, OBJECT_ID, MAIN_REC, MAIN_NUM, TARIF_RATE, STENDBY_TIME, EMPL_ID) VALUES (1320, '2013-07-24', 487, 265, 82, 516, 0, NULL, 1372, 0.46, 146);
INSERT INTO WORKS_LIST (WL_ID, WORK_DATE, MASHINE_ID, DRIVER_ID, TARIF_ID, OBJECT_ID, MAIN_REC, MAIN_NUM, TARIF_RATE, STENDBY_TIME, EMPL_ID) VALUES (1321, '2013-07-18', 411, 244, 76, 495, 0, NULL, 211, 0.46, 767);
INSERT INTO WORKS_LIST (WL_ID, WORK_DATE, MASHINE_ID, DRIVER_ID, TARIF_ID, OBJECT_ID, MAIN_REC, MAIN_NUM, TARIF_RATE, STENDBY_TIME, EMPL_ID) VALUES (1322, '2013-08-14', 467, 263, 77, 510, 1, NULL, 275, 0.29, 146);
INSERT INTO WORKS_LIST (WL_ID, WORK_DATE, MASHINE_ID, DRIVER_ID, TARIF_ID, OBJECT_ID, MAIN_REC, MAIN_NUM, TARIF_RATE, STENDBY_TIME, EMPL_ID) VALUES (1323, '2013-07-15', 440, 242, 79, 503, 1, NULL, 1297, 0.16, 767);
INSERT INTO WORKS_LIST (WL_ID, WORK_DATE, MASHINE_ID, DRIVER_ID, TARIF_ID, OBJECT_ID, MAIN_REC, MAIN_NUM, TARIF_RATE, STENDBY_TIME, EMPL_ID) VALUES (1324, '2013-07-19', 413, 255, -1, 513, 1, NULL, 1373, 0.09, 146);
INSERT INTO WORKS_LIST (WL_ID, WORK_DATE, MASHINE_ID, DRIVER_ID, TARIF_ID, OBJECT_ID, MAIN_REC, MAIN_NUM, TARIF_RATE, STENDBY_TIME, EMPL_ID) VALUES (1325, '2013-08-12', 442, 229, 78, 507, 0, NULL, 1314, 0.76, 146);
INSERT INTO WORKS_LIST (WL_ID, WORK_DATE, MASHINE_ID, DRIVER_ID, TARIF_ID, OBJECT_ID, MAIN_REC, MAIN_NUM, TARIF_RATE, STENDBY_TIME, EMPL_ID) VALUES (1326, '2013-08-03', 439, 306, 229, 493, 1, NULL, 211, 0.15, 1);
INSERT INTO WORKS_LIST (WL_ID, WORK_DATE, MASHINE_ID, DRIVER_ID, TARIF_ID, OBJECT_ID, MAIN_REC, MAIN_NUM, TARIF_RATE, STENDBY_TIME, EMPL_ID) VALUES (1327, '2013-07-28', 436, 293, 82, 493, 1, NULL, 1376, 0.53, 146);
INSERT INTO WORKS_LIST (WL_ID, WORK_DATE, MASHINE_ID, DRIVER_ID, TARIF_ID, OBJECT_ID, MAIN_REC, MAIN_NUM, TARIF_RATE, STENDBY_TIME, EMPL_ID) VALUES (1328, '2013-08-01', 426, 286, 82, 491, 0, NULL, 1313, 0.33, 146);
INSERT INTO WORKS_LIST (WL_ID, WORK_DATE, MASHINE_ID, DRIVER_ID, TARIF_ID, OBJECT_ID, MAIN_REC, MAIN_NUM, TARIF_RATE, STENDBY_TIME, EMPL_ID) VALUES (1329, '2013-08-20', 470, 233, 75, 494, 1, NULL, 1319, 0.85, 1);
INSERT INTO WORKS_LIST (WL_ID, WORK_DATE, MASHINE_ID, DRIVER_ID, TARIF_ID, OBJECT_ID, MAIN_REC, MAIN_NUM, TARIF_RATE, STENDBY_TIME, EMPL_ID) VALUES (1330, '2013-09-02', 442, 252, 81, 507, 0, NULL, 211, 0.7, 146);
INSERT INTO WORKS_LIST (WL_ID, WORK_DATE, MASHINE_ID, DRIVER_ID, TARIF_ID, OBJECT_ID, MAIN_REC, MAIN_NUM, TARIF_RATE, STENDBY_TIME, EMPL_ID) VALUES (1331, '2013-08-22', 400, 233, 82, 491, 1, NULL, 276, 0.05, 1);
INSERT INTO WORKS_LIST (WL_ID, WORK_DATE, MASHINE_ID, DRIVER_ID, TARIF_ID, OBJECT_ID, MAIN_REC, MAIN_NUM, TARIF_RATE, STENDBY_TIME, EMPL_ID) VALUES (1332, '2013-08-31', 455, 221, 78, 517, 0, NULL, 182, 0.46, 52);
INSERT INTO WORKS_LIST (WL_ID, WORK_DATE, MASHINE_ID, DRIVER_ID, TARIF_ID, OBJECT_ID, MAIN_REC, MAIN_NUM, TARIF_RATE, STENDBY_TIME, EMPL_ID) VALUES (1333, '2013-09-09', 453, 245, 81, 513, 1, NULL, 1373, 0.65, 146);
INSERT INTO WORKS_LIST (WL_ID, WORK_DATE, MASHINE_ID, DRIVER_ID, TARIF_ID, OBJECT_ID, MAIN_REC, MAIN_NUM, TARIF_RATE, STENDBY_TIME, EMPL_ID) VALUES (1334, '2013-08-24', 463, 236, 72, 499, 0, NULL, 1321, 0.87, 52);
INSERT INTO WORKS_LIST (WL_ID, WORK_DATE, MASHINE_ID, DRIVER_ID, TARIF_ID, OBJECT_ID, MAIN_REC, MAIN_NUM, TARIF_RATE, STENDBY_TIME, EMPL_ID) VALUES (1335, '2013-08-08', 436, 245, 75, 510, 0, NULL, 159, 0.99, 767);
INSERT INTO WORKS_LIST (WL_ID, WORK_DATE, MASHINE_ID, DRIVER_ID, TARIF_ID, OBJECT_ID, MAIN_REC, MAIN_NUM, TARIF_RATE, STENDBY_TIME, EMPL_ID) VALUES (1336, '2013-09-07', 431, 220, 80, 508, 0, 8, 1321, 0.5, 767);
INSERT INTO WORKS_LIST (WL_ID, WORK_DATE, MASHINE_ID, DRIVER_ID, TARIF_ID, OBJECT_ID, MAIN_REC, MAIN_NUM, TARIF_RATE, STENDBY_TIME, EMPL_ID) VALUES (1337, '2013-08-06', 401, 281, 229, 501, 1, 10, 1277, 0.07, 52);
INSERT INTO WORKS_LIST (WL_ID, WORK_DATE, MASHINE_ID, DRIVER_ID, TARIF_ID, OBJECT_ID, MAIN_REC, MAIN_NUM, TARIF_RATE, STENDBY_TIME, EMPL_ID) VALUES (1338, '2013-07-13', 457, 221, 72, 496, 0, 8, 159, 0.27, 146);
INSERT INTO WORKS_LIST (WL_ID, WORK_DATE, MASHINE_ID, DRIVER_ID, TARIF_ID, OBJECT_ID, MAIN_REC, MAIN_NUM, TARIF_RATE, STENDBY_TIME, EMPL_ID) VALUES (1339, '2013-08-24', 481, 290, 82, 519, 1, 10, 1297, 0.8, 52);
INSERT INTO WORKS_LIST (WL_ID, WORK_DATE, MASHINE_ID, DRIVER_ID, TARIF_ID, OBJECT_ID, MAIN_REC, MAIN_NUM, TARIF_RATE, STENDBY_TIME, EMPL_ID) VALUES (1340, '2013-08-11', 460, 303, 75, 495, 1, 2, 179, 0.44, 52);
INSERT INTO WORKS_LIST (WL_ID, WORK_DATE, MASHINE_ID, DRIVER_ID, TARIF_ID, OBJECT_ID, MAIN_REC, MAIN_NUM, TARIF_RATE, STENDBY_TIME, EMPL_ID) VALUES (1341, '2013-07-26', 423, 279, 74, 496, 1, 10, 2973, 0.78, 146);
INSERT INTO WORKS_LIST (WL_ID, WORK_DATE, MASHINE_ID, DRIVER_ID, TARIF_ID, OBJECT_ID, MAIN_REC, MAIN_NUM, TARIF_RATE, STENDBY_TIME, EMPL_ID) VALUES (1342, '2013-08-17', 481, 244, 79, 517, 1, 10, 2973, 0.03, 52);
INSERT INTO WORKS_LIST (WL_ID, WORK_DATE, MASHINE_ID, DRIVER_ID, TARIF_ID, OBJECT_ID, MAIN_REC, MAIN_NUM, TARIF_RATE, STENDBY_TIME, EMPL_ID) VALUES (1343, '2013-07-15', 419, 294, 82, 491, 0, 7, 1280, 0.9, 767);
INSERT INTO WORKS_LIST (WL_ID, WORK_DATE, MASHINE_ID, DRIVER_ID, TARIF_ID, OBJECT_ID, MAIN_REC, MAIN_NUM, TARIF_RATE, STENDBY_TIME, EMPL_ID) VALUES (1344, '2013-07-13', 441, 228, 75, 498, 0, 3, 1299, 0.97, 1);
INSERT INTO WORKS_LIST (WL_ID, WORK_DATE, MASHINE_ID, DRIVER_ID, TARIF_ID, OBJECT_ID, MAIN_REC, MAIN_NUM, TARIF_RATE, STENDBY_TIME, EMPL_ID) VALUES (1345, '2013-08-30', 460, 252, -1, 505, 1, 2, 181, 0.44, 146);
INSERT INTO WORKS_LIST (WL_ID, WORK_DATE, MASHINE_ID, DRIVER_ID, TARIF_ID, OBJECT_ID, MAIN_REC, MAIN_NUM, TARIF_RATE, STENDBY_TIME, EMPL_ID) VALUES (1346, '2013-08-21', 475, 242, 82, 504, 0, 3, 181, 0.23, 146);
INSERT INTO WORKS_LIST (WL_ID, WORK_DATE, MASHINE_ID, DRIVER_ID, TARIF_ID, OBJECT_ID, MAIN_REC, MAIN_NUM, TARIF_RATE, STENDBY_TIME, EMPL_ID) VALUES (1347, '2013-08-19', 420, 305, 82, 493, 0, 7, 1297, 0.52, 52);
INSERT INTO WORKS_LIST (WL_ID, WORK_DATE, MASHINE_ID, DRIVER_ID, TARIF_ID, OBJECT_ID, MAIN_REC, MAIN_NUM, TARIF_RATE, STENDBY_TIME, EMPL_ID) VALUES (1348, '2013-08-05', 430, 210, 82, 501, 0, 10, 1280, 0.2, 52);
INSERT INTO WORKS_LIST (WL_ID, WORK_DATE, MASHINE_ID, DRIVER_ID, TARIF_ID, OBJECT_ID, MAIN_REC, MAIN_NUM, TARIF_RATE, STENDBY_TIME, EMPL_ID) VALUES (1349, '2013-07-29', 433, 281, 78, 510, 0, 4, 276, 0.12, 767);
INSERT INTO WORKS_LIST (WL_ID, WORK_DATE, MASHINE_ID, DRIVER_ID, TARIF_ID, OBJECT_ID, MAIN_REC, MAIN_NUM, TARIF_RATE, STENDBY_TIME, EMPL_ID) VALUES (1350, '2013-07-25', 420, 252, 81, 508, 1, 6, 1307, 0.97, 1);
INSERT INTO WORKS_LIST (WL_ID, WORK_DATE, MASHINE_ID, DRIVER_ID, TARIF_ID, OBJECT_ID, MAIN_REC, MAIN_NUM, TARIF_RATE, STENDBY_TIME, EMPL_ID) VALUES (1351, '2013-09-05', 401, 306, 74, 512, 1, 10, 181, 0.03, 767);
INSERT INTO WORKS_LIST (WL_ID, WORK_DATE, MASHINE_ID, DRIVER_ID, TARIF_ID, OBJECT_ID, MAIN_REC, MAIN_NUM, TARIF_RATE, STENDBY_TIME, EMPL_ID) VALUES (1352, '2013-08-27', 463, 243, 77, 499, 0, 8, 1372, 0.67, 146);
INSERT INTO WORKS_LIST (WL_ID, WORK_DATE, MASHINE_ID, DRIVER_ID, TARIF_ID, OBJECT_ID, MAIN_REC, MAIN_NUM, TARIF_RATE, STENDBY_TIME, EMPL_ID) VALUES (1353, '2013-08-20', 432, 301, 76, 495, 0, 7, 1373, 0.41, 146);
INSERT INTO WORKS_LIST (WL_ID, WORK_DATE, MASHINE_ID, DRIVER_ID, TARIF_ID, OBJECT_ID, MAIN_REC, MAIN_NUM, TARIF_RATE, STENDBY_TIME, EMPL_ID) VALUES (1354, '2013-09-09', 417, 214, 74, 498, 1, 6, 275, 0.13, 146);
INSERT INTO WORKS_LIST (WL_ID, WORK_DATE, MASHINE_ID, DRIVER_ID, TARIF_ID, OBJECT_ID, MAIN_REC, MAIN_NUM, TARIF_RATE, STENDBY_TIME, EMPL_ID) VALUES (1355, '2013-08-11', 407, 209, 79, 491, 0, 4, 1370, 0.98, 52);
INSERT INTO WORKS_LIST (WL_ID, WORK_DATE, MASHINE_ID, DRIVER_ID, TARIF_ID, OBJECT_ID, MAIN_REC, MAIN_NUM, TARIF_RATE, STENDBY_TIME, EMPL_ID) VALUES (1356, '2013-08-01', 454, 290, 75, 511, 0, 9, 277, 0.36, 1);
INSERT INTO WORKS_LIST (WL_ID, WORK_DATE, MASHINE_ID, DRIVER_ID, TARIF_ID, OBJECT_ID, MAIN_REC, MAIN_NUM, TARIF_RATE, STENDBY_TIME, EMPL_ID) VALUES (1357, '2013-08-20', 432, 256, 76, 500, 1, 5, 1352, 0.83, 52);
INSERT INTO WORKS_LIST (WL_ID, WORK_DATE, MASHINE_ID, DRIVER_ID, TARIF_ID, OBJECT_ID, MAIN_REC, MAIN_NUM, TARIF_RATE, STENDBY_TIME, EMPL_ID) VALUES (1358, '2013-08-29', 440, 302, 81, 515, 1, 1, 211, 0.71, 1);
INSERT INTO WORKS_LIST (WL_ID, WORK_DATE, MASHINE_ID, DRIVER_ID, TARIF_ID, OBJECT_ID, MAIN_REC, MAIN_NUM, TARIF_RATE, STENDBY_TIME, EMPL_ID) VALUES (1359, '2013-07-19', 443, 298, 229, 517, 1, 3, 1319, 0.52, 767);
INSERT INTO WORKS_LIST (WL_ID, WORK_DATE, MASHINE_ID, DRIVER_ID, TARIF_ID, OBJECT_ID, MAIN_REC, MAIN_NUM, TARIF_RATE, STENDBY_TIME, EMPL_ID) VALUES (1360, '2013-08-28', 401, 210, 75, 505, 1, 10, 181, 0.76, 52);
INSERT INTO WORKS_LIST (WL_ID, WORK_DATE, MASHINE_ID, DRIVER_ID, TARIF_ID, OBJECT_ID, MAIN_REC, MAIN_NUM, TARIF_RATE, STENDBY_TIME, EMPL_ID) VALUES (1361, '2013-07-25', 448, 272, 81, 513, 0, 8, 1280, 0.86, 146);
INSERT INTO WORKS_LIST (WL_ID, WORK_DATE, MASHINE_ID, DRIVER_ID, TARIF_ID, OBJECT_ID, MAIN_REC, MAIN_NUM, TARIF_RATE, STENDBY_TIME, EMPL_ID) VALUES (1362, '2013-08-03', 460, 207, 82, 514, 1, 7, 1313, 0.15, 767);
INSERT INTO WORKS_LIST (WL_ID, WORK_DATE, MASHINE_ID, DRIVER_ID, TARIF_ID, OBJECT_ID, MAIN_REC, MAIN_NUM, TARIF_RATE, STENDBY_TIME, EMPL_ID) VALUES (1363, '2013-07-30', 468, 240, 77, 500, 0, 6, 2972, 0.51, 146);
INSERT INTO WORKS_LIST (WL_ID, WORK_DATE, MASHINE_ID, DRIVER_ID, TARIF_ID, OBJECT_ID, MAIN_REC, MAIN_NUM, TARIF_RATE, STENDBY_TIME, EMPL_ID) VALUES (1364, '2013-08-30', 463, 252, 74, 513, 0, 3, 181, 0.01, 52);
INSERT INTO WORKS_LIST (WL_ID, WORK_DATE, MASHINE_ID, DRIVER_ID, TARIF_ID, OBJECT_ID, MAIN_REC, MAIN_NUM, TARIF_RATE, STENDBY_TIME, EMPL_ID) VALUES (1365, '2013-09-02', 429, 308, -1, 518, 1, 8, 1314, 0.51, 1);
INSERT INTO WORKS_LIST (WL_ID, WORK_DATE, MASHINE_ID, DRIVER_ID, TARIF_ID, OBJECT_ID, MAIN_REC, MAIN_NUM, TARIF_RATE, STENDBY_TIME, EMPL_ID) VALUES (1366, '2013-07-21', 430, 295, 77, 497, 0, 7, 1277, 0.74, 767);
INSERT INTO WORKS_LIST (WL_ID, WORK_DATE, MASHINE_ID, DRIVER_ID, TARIF_ID, OBJECT_ID, MAIN_REC, MAIN_NUM, TARIF_RATE, STENDBY_TIME, EMPL_ID) VALUES (1367, '2013-09-02', 430, 307, 79, 507, 0, 4, 1352, 0.08, 1);
INSERT INTO WORKS_LIST (WL_ID, WORK_DATE, MASHINE_ID, DRIVER_ID, TARIF_ID, OBJECT_ID, MAIN_REC, MAIN_NUM, TARIF_RATE, STENDBY_TIME, EMPL_ID) VALUES (1368, '2013-07-15', 413, 265, 77, 490, 0, 9, 159, 0.09, 146);
INSERT INTO WORKS_LIST (WL_ID, WORK_DATE, MASHINE_ID, DRIVER_ID, TARIF_ID, OBJECT_ID, MAIN_REC, MAIN_NUM, TARIF_RATE, STENDBY_TIME, EMPL_ID) VALUES (1369, '2013-09-02', 401, 220, 82, 497, 1, 8, 1371, 0.5, 1);
INSERT INTO WORKS_LIST (WL_ID, WORK_DATE, MASHINE_ID, DRIVER_ID, TARIF_ID, OBJECT_ID, MAIN_REC, MAIN_NUM, TARIF_RATE, STENDBY_TIME, EMPL_ID) VALUES (1370, '2013-08-26', 422, 211, 79, 492, 1, 9, 159, 0.1, 52);
INSERT INTO WORKS_LIST (WL_ID, WORK_DATE, MASHINE_ID, DRIVER_ID, TARIF_ID, OBJECT_ID, MAIN_REC, MAIN_NUM, TARIF_RATE, STENDBY_TIME, EMPL_ID) VALUES (1371, '2013-07-30', 481, 284, 78, 511, 0, 4, 1352, 0.85, 1);
INSERT INTO WORKS_LIST (WL_ID, WORK_DATE, MASHINE_ID, DRIVER_ID, TARIF_ID, OBJECT_ID, MAIN_REC, MAIN_NUM, TARIF_RATE, STENDBY_TIME, EMPL_ID) VALUES (1372, '2013-07-28', 488, 286, 74, 505, 1, 5, 1297, 0.07, 52);
INSERT INTO WORKS_LIST (WL_ID, WORK_DATE, MASHINE_ID, DRIVER_ID, TARIF_ID, OBJECT_ID, MAIN_REC, MAIN_NUM, TARIF_RATE, STENDBY_TIME, EMPL_ID) VALUES (1373, '2013-07-24', 411, 305, -1, 490, 0, 5, 180, 0.94, 767);
INSERT INTO WORKS_LIST (WL_ID, WORK_DATE, MASHINE_ID, DRIVER_ID, TARIF_ID, OBJECT_ID, MAIN_REC, MAIN_NUM, TARIF_RATE, STENDBY_TIME, EMPL_ID) VALUES (1374, '2013-08-11', 464, 308, 77, 506, 0, 9, 1370, 0.73, 52);
INSERT INTO WORKS_LIST (WL_ID, WORK_DATE, MASHINE_ID, DRIVER_ID, TARIF_ID, OBJECT_ID, MAIN_REC, MAIN_NUM, TARIF_RATE, STENDBY_TIME, EMPL_ID) VALUES (1375, '2013-09-01', 457, 296, 82, 508, 1, 2, 1371, 0.66, 52);
INSERT INTO WORKS_LIST (WL_ID, WORK_DATE, MASHINE_ID, DRIVER_ID, TARIF_ID, OBJECT_ID, MAIN_REC, MAIN_NUM, TARIF_RATE, STENDBY_TIME, EMPL_ID) VALUES (1376, '2013-09-03', 436, 231, 82, 497, 0, 9, 1371, 0.41, 146);
INSERT INTO WORKS_LIST (WL_ID, WORK_DATE, MASHINE_ID, DRIVER_ID, TARIF_ID, OBJECT_ID, MAIN_REC, MAIN_NUM, TARIF_RATE, STENDBY_TIME, EMPL_ID) VALUES (1377, '2013-08-06', 470, 279, 78, 504, 1, 2, 2972, 0.63, 1);
INSERT INTO WORKS_LIST (WL_ID, WORK_DATE, MASHINE_ID, DRIVER_ID, TARIF_ID, OBJECT_ID, MAIN_REC, MAIN_NUM, TARIF_RATE, STENDBY_TIME, EMPL_ID) VALUES (1378, '2013-08-09', 448, 214, 80, 510, 0, 9, 180, 0.59, 767);
INSERT INTO WORKS_LIST (WL_ID, WORK_DATE, MASHINE_ID, DRIVER_ID, TARIF_ID, OBJECT_ID, MAIN_REC, MAIN_NUM, TARIF_RATE, STENDBY_TIME, EMPL_ID) VALUES (1379, '2013-08-11', 449, 208, 229, 498, 1, 9, 1321, 0.87, 1);
INSERT INTO WORKS_LIST (WL_ID, WORK_DATE, MASHINE_ID, DRIVER_ID, TARIF_ID, OBJECT_ID, MAIN_REC, MAIN_NUM, TARIF_RATE, STENDBY_TIME, EMPL_ID) VALUES (1380, '2013-09-03', 464, 233, 82, 490, 0, 1, 1299, 0.39, 767);
INSERT INTO WORKS_LIST (WL_ID, WORK_DATE, MASHINE_ID, DRIVER_ID, TARIF_ID, OBJECT_ID, MAIN_REC, MAIN_NUM, TARIF_RATE, STENDBY_TIME, EMPL_ID) VALUES (1381, '2013-07-20', 446, 306, 77, 499, 0, 3, 2972, 0.85, 1);
INSERT INTO WORKS_LIST (WL_ID, WORK_DATE, MASHINE_ID, DRIVER_ID, TARIF_ID, OBJECT_ID, MAIN_REC, MAIN_NUM, TARIF_RATE, STENDBY_TIME, EMPL_ID) VALUES (1382, '2013-08-14', 460, 223, -1, 507, 0, 10, 1299, 0.78, 1);
INSERT INTO WORKS_LIST (WL_ID, WORK_DATE, MASHINE_ID, DRIVER_ID, TARIF_ID, OBJECT_ID, MAIN_REC, MAIN_NUM, TARIF_RATE, STENDBY_TIME, EMPL_ID) VALUES (1383, '2013-08-22', 436, 240, 229, 493, 0, 9, 1308, 0.2, 146);
INSERT INTO WORKS_LIST (WL_ID, WORK_DATE, MASHINE_ID, DRIVER_ID, TARIF_ID, OBJECT_ID, MAIN_REC, MAIN_NUM, TARIF_RATE, STENDBY_TIME, EMPL_ID) VALUES (1384, '2013-09-02', 452, 301, -1, 513, 0, 8, 1376, 0.52, 767);
INSERT INTO WORKS_LIST (WL_ID, WORK_DATE, MASHINE_ID, DRIVER_ID, TARIF_ID, OBJECT_ID, MAIN_REC, MAIN_NUM, TARIF_RATE, STENDBY_TIME, EMPL_ID) VALUES (1385, '2013-08-16', 451, 249, 229, 519, 0, 5, 2972, 0.8, 146);
INSERT INTO WORKS_LIST (WL_ID, WORK_DATE, MASHINE_ID, DRIVER_ID, TARIF_ID, OBJECT_ID, MAIN_REC, MAIN_NUM, TARIF_RATE, STENDBY_TIME, EMPL_ID) VALUES (1386, '2013-07-26', 441, 235, 79, 509, 0, 1, 1314, 0.24, 52);
INSERT INTO WORKS_LIST (WL_ID, WORK_DATE, MASHINE_ID, DRIVER_ID, TARIF_ID, OBJECT_ID, MAIN_REC, MAIN_NUM, TARIF_RATE, STENDBY_TIME, EMPL_ID) VALUES (1387, '2013-09-09', 449, 260, 229, 494, 0, 7, 211, 0.21, 52);
INSERT INTO WORKS_LIST (WL_ID, WORK_DATE, MASHINE_ID, DRIVER_ID, TARIF_ID, OBJECT_ID, MAIN_REC, MAIN_NUM, TARIF_RATE, STENDBY_TIME, EMPL_ID) VALUES (1388, '2013-08-17', 406, 292, -1, 505, 1, 8, 275, 0.04, 767);
INSERT INTO WORKS_LIST (WL_ID, WORK_DATE, MASHINE_ID, DRIVER_ID, TARIF_ID, OBJECT_ID, MAIN_REC, MAIN_NUM, TARIF_RATE, STENDBY_TIME, EMPL_ID) VALUES (1389, '2013-08-26', 453, 245, 79, 496, 0, 7, 1299, 0.54, 767);
INSERT INTO WORKS_LIST (WL_ID, WORK_DATE, MASHINE_ID, DRIVER_ID, TARIF_ID, OBJECT_ID, MAIN_REC, MAIN_NUM, TARIF_RATE, STENDBY_TIME, EMPL_ID) VALUES (1390, '2013-07-31', 468, 276, 79, 497, 1, 1, 1299, 0.56, 52);
INSERT INTO WORKS_LIST (WL_ID, WORK_DATE, MASHINE_ID, DRIVER_ID, TARIF_ID, OBJECT_ID, MAIN_REC, MAIN_NUM, TARIF_RATE, STENDBY_TIME, EMPL_ID) VALUES (1391, '2013-08-03', 414, 225, 79, 514, 1, 2, 1299, 0.25, 146);
INSERT INTO WORKS_LIST (WL_ID, WORK_DATE, MASHINE_ID, DRIVER_ID, TARIF_ID, OBJECT_ID, MAIN_REC, MAIN_NUM, TARIF_RATE, STENDBY_TIME, EMPL_ID) VALUES (1392, '2013-08-26', 442, 265, 81, 498, 0, 2, 2973, 0.49, 146);
INSERT INTO WORKS_LIST (WL_ID, WORK_DATE, MASHINE_ID, DRIVER_ID, TARIF_ID, OBJECT_ID, MAIN_REC, MAIN_NUM, TARIF_RATE, STENDBY_TIME, EMPL_ID) VALUES (1393, '2013-08-09', 461, 214, 80, 519, 1, 9, 1297, 0.51, 52);
INSERT INTO WORKS_LIST (WL_ID, WORK_DATE, MASHINE_ID, DRIVER_ID, TARIF_ID, OBJECT_ID, MAIN_REC, MAIN_NUM, TARIF_RATE, STENDBY_TIME, EMPL_ID) VALUES (1394, '2013-07-19', 419, 251, 78, 509, 0, 4, 1308, 0.83, 767);
INSERT INTO WORKS_LIST (WL_ID, WORK_DATE, MASHINE_ID, DRIVER_ID, TARIF_ID, OBJECT_ID, MAIN_REC, MAIN_NUM, TARIF_RATE, STENDBY_TIME, EMPL_ID) VALUES (1395, '2013-08-10', 457, 225, -1, 513, 1, 10, 2972, 0.03, 767);
INSERT INTO WORKS_LIST (WL_ID, WORK_DATE, MASHINE_ID, DRIVER_ID, TARIF_ID, OBJECT_ID, MAIN_REC, MAIN_NUM, TARIF_RATE, STENDBY_TIME, EMPL_ID) VALUES (1396, '2013-07-13', 422, 208, 82, 503, 1, 2, 1299, 0.39, 52);
INSERT INTO WORKS_LIST (WL_ID, WORK_DATE, MASHINE_ID, DRIVER_ID, TARIF_ID, OBJECT_ID, MAIN_REC, MAIN_NUM, TARIF_RATE, STENDBY_TIME, EMPL_ID) VALUES (1397, '2013-07-26', 457, 225, -1, 499, 0, 4, 160, 0.6, 52);
INSERT INTO WORKS_LIST (WL_ID, WORK_DATE, MASHINE_ID, DRIVER_ID, TARIF_ID, OBJECT_ID, MAIN_REC, MAIN_NUM, TARIF_RATE, STENDBY_TIME, EMPL_ID) VALUES (1398, '2013-07-15', 411, 294, 79, 500, 1, 6, 1318, 0.52, 146);
INSERT INTO WORKS_LIST (WL_ID, WORK_DATE, MASHINE_ID, DRIVER_ID, TARIF_ID, OBJECT_ID, MAIN_REC, MAIN_NUM, TARIF_RATE, STENDBY_TIME, EMPL_ID) VALUES (1399, '2013-08-20', 444, 250, 82, 504, 1, 8, 1371, 0.71, 146);
INSERT INTO WORKS_LIST (WL_ID, WORK_DATE, MASHINE_ID, DRIVER_ID, TARIF_ID, OBJECT_ID, MAIN_REC, MAIN_NUM, TARIF_RATE, STENDBY_TIME, EMPL_ID) VALUES (1400, '2013-08-09', 437, 258, 77, 505, 0, 6, 1373, 0.85, 52);
INSERT INTO WORKS_LIST (WL_ID, WORK_DATE, MASHINE_ID, DRIVER_ID, TARIF_ID, OBJECT_ID, MAIN_REC, MAIN_NUM, TARIF_RATE, STENDBY_TIME, EMPL_ID) VALUES (1401, '2013-09-06', 441, 231, 80, 494, 1, 2, 1376, 0.85, 1);
INSERT INTO WORKS_LIST (WL_ID, WORK_DATE, MASHINE_ID, DRIVER_ID, TARIF_ID, OBJECT_ID, MAIN_REC, MAIN_NUM, TARIF_RATE, STENDBY_TIME, EMPL_ID) VALUES (1402, '2013-08-03', 421, 279, 79, 509, 1, 10, 1319, 0.51, 1);
INSERT INTO WORKS_LIST (WL_ID, WORK_DATE, MASHINE_ID, DRIVER_ID, TARIF_ID, OBJECT_ID, MAIN_REC, MAIN_NUM, TARIF_RATE, STENDBY_TIME, EMPL_ID) VALUES (1403, '2013-08-23', 462, 246, 76, 504, 1, 10, 1277, 0.62, 767);
INSERT INTO WORKS_LIST (WL_ID, WORK_DATE, MASHINE_ID, DRIVER_ID, TARIF_ID, OBJECT_ID, MAIN_REC, MAIN_NUM, TARIF_RATE, STENDBY_TIME, EMPL_ID) VALUES (1404, '2013-08-01', 457, 272, 229, 493, 0, 4, 1313, 0.39, 767);
INSERT INTO WORKS_LIST (WL_ID, WORK_DATE, MASHINE_ID, DRIVER_ID, TARIF_ID, OBJECT_ID, MAIN_REC, MAIN_NUM, TARIF_RATE, STENDBY_TIME, EMPL_ID) VALUES (1405, '2013-07-27', 446, 207, -1, 511, 1, 5, 182, 0.59, 146);
INSERT INTO WORKS_LIST (WL_ID, WORK_DATE, MASHINE_ID, DRIVER_ID, TARIF_ID, OBJECT_ID, MAIN_REC, MAIN_NUM, TARIF_RATE, STENDBY_TIME, EMPL_ID) VALUES (1406, '2013-07-30', 465, 245, 81, 506, 1, 2, 1372, 0.07, 1);
INSERT INTO WORKS_LIST (WL_ID, WORK_DATE, MASHINE_ID, DRIVER_ID, TARIF_ID, OBJECT_ID, MAIN_REC, MAIN_NUM, TARIF_RATE, STENDBY_TIME, EMPL_ID) VALUES (1407, '2013-08-16', 435, 306, 80, 506, 0, 9, 1307, 0.48, 146);
INSERT INTO WORKS_LIST (WL_ID, WORK_DATE, MASHINE_ID, DRIVER_ID, TARIF_ID, OBJECT_ID, MAIN_REC, MAIN_NUM, TARIF_RATE, STENDBY_TIME, EMPL_ID) VALUES (1408, '2013-09-09', 420, 209, 72, 496, 0, 5, 1319, 0.73, 1);
INSERT INTO WORKS_LIST (WL_ID, WORK_DATE, MASHINE_ID, DRIVER_ID, TARIF_ID, OBJECT_ID, MAIN_REC, MAIN_NUM, TARIF_RATE, STENDBY_TIME, EMPL_ID) VALUES (1409, '2013-07-15', 429, 293, 82, 517, 0, 9, 160, 0.26, 52);
INSERT INTO WORKS_LIST (WL_ID, WORK_DATE, MASHINE_ID, DRIVER_ID, TARIF_ID, OBJECT_ID, MAIN_REC, MAIN_NUM, TARIF_RATE, STENDBY_TIME, EMPL_ID) VALUES (1410, '2013-08-09', 487, 282, 82, 490, 1, 9, 1370, 0.01, 52);
INSERT INTO WORKS_LIST (WL_ID, WORK_DATE, MASHINE_ID, DRIVER_ID, TARIF_ID, OBJECT_ID, MAIN_REC, MAIN_NUM, TARIF_RATE, STENDBY_TIME, EMPL_ID) VALUES (1411, '2013-08-31', 474, 308, 80, 514, 1, 5, 2973, 0.17, 767);
INSERT INTO WORKS_LIST (WL_ID, WORK_DATE, MASHINE_ID, DRIVER_ID, TARIF_ID, OBJECT_ID, MAIN_REC, MAIN_NUM, TARIF_RATE, STENDBY_TIME, EMPL_ID) VALUES (1412, '2013-07-30', 444, 307, 75, 517, 1, 7, 276, 0.69, 52);
INSERT INTO WORKS_LIST (WL_ID, WORK_DATE, MASHINE_ID, DRIVER_ID, TARIF_ID, OBJECT_ID, MAIN_REC, MAIN_NUM, TARIF_RATE, STENDBY_TIME, EMPL_ID) VALUES (1413, '2013-08-06', 464, 220, 80, 505, 0, 2, 181, 0.72, 767);
INSERT INTO WORKS_LIST (WL_ID, WORK_DATE, MASHINE_ID, DRIVER_ID, TARIF_ID, OBJECT_ID, MAIN_REC, MAIN_NUM, TARIF_RATE, STENDBY_TIME, EMPL_ID) VALUES (1414, '2013-08-22', 455, 289, 229, 502, 0, 9, 181, 0.78, 52);
INSERT INTO WORKS_LIST (WL_ID, WORK_DATE, MASHINE_ID, DRIVER_ID, TARIF_ID, OBJECT_ID, MAIN_REC, MAIN_NUM, TARIF_RATE, STENDBY_TIME, EMPL_ID) VALUES (1415, '2013-09-01', 400, 271, 78, 500, 0, 2, 1279, 0.17, 146);
INSERT INTO WORKS_LIST (WL_ID, WORK_DATE, MASHINE_ID, DRIVER_ID, TARIF_ID, OBJECT_ID, MAIN_REC, MAIN_NUM, TARIF_RATE, STENDBY_TIME, EMPL_ID) VALUES (1416, '2013-07-30', 457, 276, 76, 493, 1, 10, 275, 0.11, 52);
INSERT INTO WORKS_LIST (WL_ID, WORK_DATE, MASHINE_ID, DRIVER_ID, TARIF_ID, OBJECT_ID, MAIN_REC, MAIN_NUM, TARIF_RATE, STENDBY_TIME, EMPL_ID) VALUES (1417, '2013-08-16', 485, 257, 80, 517, 1, 8, 1307, 0.16, 52);
INSERT INTO WORKS_LIST (WL_ID, WORK_DATE, MASHINE_ID, DRIVER_ID, TARIF_ID, OBJECT_ID, MAIN_REC, MAIN_NUM, TARIF_RATE, STENDBY_TIME, EMPL_ID) VALUES (1418, '2013-09-09', 446, 233, 81, 502, 0, 7, 2973, 0.77, 1);
INSERT INTO WORKS_LIST (WL_ID, WORK_DATE, MASHINE_ID, DRIVER_ID, TARIF_ID, OBJECT_ID, MAIN_REC, MAIN_NUM, TARIF_RATE, STENDBY_TIME, EMPL_ID) VALUES (1419, '2013-09-07', 461, 242, 80, 490, 0, 1, 1371, 0.4, 767);
INSERT INTO WORKS_LIST (WL_ID, WORK_DATE, MASHINE_ID, DRIVER_ID, TARIF_ID, OBJECT_ID, MAIN_REC, MAIN_NUM, TARIF_RATE, STENDBY_TIME, EMPL_ID) VALUES (1420, '2013-07-21', 423, 250, 76, 492, 0, 1, 181, 0.88, 146);
INSERT INTO WORKS_LIST (WL_ID, WORK_DATE, MASHINE_ID, DRIVER_ID, TARIF_ID, OBJECT_ID, MAIN_REC, MAIN_NUM, TARIF_RATE, STENDBY_TIME, EMPL_ID) VALUES (1421, '2013-08-23', 468, 224, 78, 495, 0, 4, 211, 0.55, 146);
INSERT INTO WORKS_LIST (WL_ID, WORK_DATE, MASHINE_ID, DRIVER_ID, TARIF_ID, OBJECT_ID, MAIN_REC, MAIN_NUM, TARIF_RATE, STENDBY_TIME, EMPL_ID) VALUES (1422, '2013-09-08', 417, 295, 72, 495, 0, 5, 1371, 0.53, 52);
INSERT INTO WORKS_LIST (WL_ID, WORK_DATE, MASHINE_ID, DRIVER_ID, TARIF_ID, OBJECT_ID, MAIN_REC, MAIN_NUM, TARIF_RATE, STENDBY_TIME, EMPL_ID) VALUES (1423, '2013-07-28', 419, 212, 76, 508, 1, 2, 182, 0.79, 52);
INSERT INTO WORKS_LIST (WL_ID, WORK_DATE, MASHINE_ID, DRIVER_ID, TARIF_ID, OBJECT_ID, MAIN_REC, MAIN_NUM, TARIF_RATE, STENDBY_TIME, EMPL_ID) VALUES (1424, '2013-08-04', 441, 281, 81, 512, 1, 1, 1298, 0.97, 1);
INSERT INTO WORKS_LIST (WL_ID, WORK_DATE, MASHINE_ID, DRIVER_ID, TARIF_ID, OBJECT_ID, MAIN_REC, MAIN_NUM, TARIF_RATE, STENDBY_TIME, EMPL_ID) VALUES (1425, '2013-08-03', 454, 240, -1, 501, 0, 6, 276, 0.67, 52);
INSERT INTO WORKS_LIST (WL_ID, WORK_DATE, MASHINE_ID, DRIVER_ID, TARIF_ID, OBJECT_ID, MAIN_REC, MAIN_NUM, TARIF_RATE, STENDBY_TIME, EMPL_ID) VALUES (1426, '2013-08-15', 422, 255, 75, 512, 1, 3, 277, 0.18, 767);
INSERT INTO WORKS_LIST (WL_ID, WORK_DATE, MASHINE_ID, DRIVER_ID, TARIF_ID, OBJECT_ID, MAIN_REC, MAIN_NUM, TARIF_RATE, STENDBY_TIME, EMPL_ID) VALUES (1427, '2013-08-08', 446, 303, 229, 503, 0, 1, 1371, 0.27, 52);
INSERT INTO WORKS_LIST (WL_ID, WORK_DATE, MASHINE_ID, DRIVER_ID, TARIF_ID, OBJECT_ID, MAIN_REC, MAIN_NUM, TARIF_RATE, STENDBY_TIME, EMPL_ID) VALUES (1428, '2013-08-14', 441, 293, 77, 511, 0, 5, 180, 0.62, 1);
INSERT INTO WORKS_LIST (WL_ID, WORK_DATE, MASHINE_ID, DRIVER_ID, TARIF_ID, OBJECT_ID, MAIN_REC, MAIN_NUM, TARIF_RATE, STENDBY_TIME, EMPL_ID) VALUES (1429, '2013-09-07', 420, 235, 77, 493, 1, 10, 1371, 0.68, 52);
INSERT INTO WORKS_LIST (WL_ID, WORK_DATE, MASHINE_ID, DRIVER_ID, TARIF_ID, OBJECT_ID, MAIN_REC, MAIN_NUM, TARIF_RATE, STENDBY_TIME, EMPL_ID) VALUES (1430, '2013-09-06', 462, 220, 82, 516, 1, 7, 181, 0.76, 52);
INSERT INTO WORKS_LIST (WL_ID, WORK_DATE, MASHINE_ID, DRIVER_ID, TARIF_ID, OBJECT_ID, MAIN_REC, MAIN_NUM, TARIF_RATE, STENDBY_TIME, EMPL_ID) VALUES (1431, '2013-07-24', 437, 292, 74, 519, 0, 6, 1352, 0.42, 146);
INSERT INTO WORKS_LIST (WL_ID, WORK_DATE, MASHINE_ID, DRIVER_ID, TARIF_ID, OBJECT_ID, MAIN_REC, MAIN_NUM, TARIF_RATE, STENDBY_TIME, EMPL_ID) VALUES (1432, '2013-07-16', 451, 274, 75, 503, 0, 1, 1298, 0.49, 52);
INSERT INTO WORKS_LIST (WL_ID, WORK_DATE, MASHINE_ID, DRIVER_ID, TARIF_ID, OBJECT_ID, MAIN_REC, MAIN_NUM, TARIF_RATE, STENDBY_TIME, EMPL_ID) VALUES (1433, '2013-08-29', 425, 274, 80, 510, 0, 6, 1277, 0.28, 767);
INSERT INTO WORKS_LIST (WL_ID, WORK_DATE, MASHINE_ID, DRIVER_ID, TARIF_ID, OBJECT_ID, MAIN_REC, MAIN_NUM, TARIF_RATE, STENDBY_TIME, EMPL_ID) VALUES (1434, '2013-09-01', 432, 268, 72, 492, 0, 4, 1297, 0.75, 1);
INSERT INTO WORKS_LIST (WL_ID, WORK_DATE, MASHINE_ID, DRIVER_ID, TARIF_ID, OBJECT_ID, MAIN_REC, MAIN_NUM, TARIF_RATE, STENDBY_TIME, EMPL_ID) VALUES (1435, '2013-08-14', 444, 279, 81, 491, 1, 10, 1308, 0.64, 1);
INSERT INTO WORKS_LIST (WL_ID, WORK_DATE, MASHINE_ID, DRIVER_ID, TARIF_ID, OBJECT_ID, MAIN_REC, MAIN_NUM, TARIF_RATE, STENDBY_TIME, EMPL_ID) VALUES (1436, '2013-08-10', 451, 304, 72, 511, 0, 7, 179, 0.9, 1);
INSERT INTO WORKS_LIST (WL_ID, WORK_DATE, MASHINE_ID, DRIVER_ID, TARIF_ID, OBJECT_ID, MAIN_REC, MAIN_NUM, TARIF_RATE, STENDBY_TIME, EMPL_ID) VALUES (1437, '2013-07-25', 465, 305, 81, 491, 1, 8, 1318, 0.41, 1);
INSERT INTO WORKS_LIST (WL_ID, WORK_DATE, MASHINE_ID, DRIVER_ID, TARIF_ID, OBJECT_ID, MAIN_REC, MAIN_NUM, TARIF_RATE, STENDBY_TIME, EMPL_ID) VALUES (1438, '2013-07-31', 461, 231, 82, 492, 1, 10, 179, 0.59, 52);
INSERT INTO WORKS_LIST (WL_ID, WORK_DATE, MASHINE_ID, DRIVER_ID, TARIF_ID, OBJECT_ID, MAIN_REC, MAIN_NUM, TARIF_RATE, STENDBY_TIME, EMPL_ID) VALUES (1439, '2013-07-13', 426, 209, 80, 498, 1, 10, 1319, 0.91, 146);
INSERT INTO WORKS_LIST (WL_ID, WORK_DATE, MASHINE_ID, DRIVER_ID, TARIF_ID, OBJECT_ID, MAIN_REC, MAIN_NUM, TARIF_RATE, STENDBY_TIME, EMPL_ID) VALUES (1440, '2013-09-09', 424, 274, 72, 501, 0, 6, 179, 0.22, 1);
INSERT INTO WORKS_LIST (WL_ID, WORK_DATE, MASHINE_ID, DRIVER_ID, TARIF_ID, OBJECT_ID, MAIN_REC, MAIN_NUM, TARIF_RATE, STENDBY_TIME, EMPL_ID) VALUES (1441, '2013-07-27', 452, 246, 72, 510, 0, 6, 1297, 0.54, 767);
INSERT INTO WORKS_LIST (WL_ID, WORK_DATE, MASHINE_ID, DRIVER_ID, TARIF_ID, OBJECT_ID, MAIN_REC, MAIN_NUM, TARIF_RATE, STENDBY_TIME, EMPL_ID) VALUES (1442, '2013-08-07', 479, 214, 229, 506, 0, 6, 1307, 0.29, 52);
INSERT INTO WORKS_LIST (WL_ID, WORK_DATE, MASHINE_ID, DRIVER_ID, TARIF_ID, OBJECT_ID, MAIN_REC, MAIN_NUM, TARIF_RATE, STENDBY_TIME, EMPL_ID) VALUES (1443, '2013-08-17', 467, 274, 75, 513, 0, 6, 275, 0.03, 52);
INSERT INTO WORKS_LIST (WL_ID, WORK_DATE, MASHINE_ID, DRIVER_ID, TARIF_ID, OBJECT_ID, MAIN_REC, MAIN_NUM, TARIF_RATE, STENDBY_TIME, EMPL_ID) VALUES (1444, '2013-07-27', 444, 298, 82, 509, 1, 6, 1313, 0.16, 767);
INSERT INTO WORKS_LIST (WL_ID, WORK_DATE, MASHINE_ID, DRIVER_ID, TARIF_ID, OBJECT_ID, MAIN_REC, MAIN_NUM, TARIF_RATE, STENDBY_TIME, EMPL_ID) VALUES (1445, '2013-07-28', 468, 208, 229, 499, 1, 6, 181, 0.47, 146);
INSERT INTO WORKS_LIST (WL_ID, WORK_DATE, MASHINE_ID, DRIVER_ID, TARIF_ID, OBJECT_ID, MAIN_REC, MAIN_NUM, TARIF_RATE, STENDBY_TIME, EMPL_ID) VALUES (1446, '2013-08-26', 480, 247, 81, 490, 0, 6, 1321, 0.06, 52);
INSERT INTO WORKS_LIST (WL_ID, WORK_DATE, MASHINE_ID, DRIVER_ID, TARIF_ID, OBJECT_ID, MAIN_REC, MAIN_NUM, TARIF_RATE, STENDBY_TIME, EMPL_ID) VALUES (1447, '2013-08-10', 436, 276, 80, 495, 0, 5, 179, 0.56, 767);
INSERT INTO WORKS_LIST (WL_ID, WORK_DATE, MASHINE_ID, DRIVER_ID, TARIF_ID, OBJECT_ID, MAIN_REC, MAIN_NUM, TARIF_RATE, STENDBY_TIME, EMPL_ID) VALUES (1448, '2013-08-16', 435, 297, -1, 499, 1, 7, 1371, 0.3, 52);
INSERT INTO WORKS_LIST (WL_ID, WORK_DATE, MASHINE_ID, DRIVER_ID, TARIF_ID, OBJECT_ID, MAIN_REC, MAIN_NUM, TARIF_RATE, STENDBY_TIME, EMPL_ID) VALUES (1449, '2013-08-08', 443, 256, 82, 497, 0, 3, 1313, 0.75, 52);
INSERT INTO WORKS_LIST (WL_ID, WORK_DATE, MASHINE_ID, DRIVER_ID, TARIF_ID, OBJECT_ID, MAIN_REC, MAIN_NUM, TARIF_RATE, STENDBY_TIME, EMPL_ID) VALUES (1450, '2013-08-26', 424, 240, -1, 501, 0, 7, 180, 0.09, 52);
INSERT INTO WORKS_LIST (WL_ID, WORK_DATE, MASHINE_ID, DRIVER_ID, TARIF_ID, OBJECT_ID, MAIN_REC, MAIN_NUM, TARIF_RATE, STENDBY_TIME, EMPL_ID) VALUES (1451, '2013-08-20', 465, 309, 82, 490, 1, 9, 1314, 0.2, 52);
INSERT INTO WORKS_LIST (WL_ID, WORK_DATE, MASHINE_ID, DRIVER_ID, TARIF_ID, OBJECT_ID, MAIN_REC, MAIN_NUM, TARIF_RATE, STENDBY_TIME, EMPL_ID) VALUES (1452, '2013-08-05', 420, 265, 77, 512, 0, 8, 2972, 0.51, 1);
INSERT INTO WORKS_LIST (WL_ID, WORK_DATE, MASHINE_ID, DRIVER_ID, TARIF_ID, OBJECT_ID, MAIN_REC, MAIN_NUM, TARIF_RATE, STENDBY_TIME, EMPL_ID) VALUES (1453, '2013-09-08', 422, 265, 74, 507, 0, 8, 1277, 0.66, 767);
INSERT INTO WORKS_LIST (WL_ID, WORK_DATE, MASHINE_ID, DRIVER_ID, TARIF_ID, OBJECT_ID, MAIN_REC, MAIN_NUM, TARIF_RATE, STENDBY_TIME, EMPL_ID) VALUES (1454, '2013-08-26', 437, 297, 75, 502, 0, 7, 180, 0.29, 52);
INSERT INTO WORKS_LIST (WL_ID, WORK_DATE, MASHINE_ID, DRIVER_ID, TARIF_ID, OBJECT_ID, MAIN_REC, MAIN_NUM, TARIF_RATE, STENDBY_TIME, EMPL_ID) VALUES (1455, '2013-07-27', 462, 221, 77, 503, 0, 6, 1280, 0.82, 767);
INSERT INTO WORKS_LIST (WL_ID, WORK_DATE, MASHINE_ID, DRIVER_ID, TARIF_ID, OBJECT_ID, MAIN_REC, MAIN_NUM, TARIF_RATE, STENDBY_TIME, EMPL_ID) VALUES (1456, '2013-09-09', 443, 211, 75, 511, 1, 2, 277, 0.61, 146);
INSERT INTO WORKS_LIST (WL_ID, WORK_DATE, MASHINE_ID, DRIVER_ID, TARIF_ID, OBJECT_ID, MAIN_REC, MAIN_NUM, TARIF_RATE, STENDBY_TIME, EMPL_ID) VALUES (1457, '2013-07-15', 400, 244, 72, 506, 0, 2, 1321, 0.67, 52);
INSERT INTO WORKS_LIST (WL_ID, WORK_DATE, MASHINE_ID, DRIVER_ID, TARIF_ID, OBJECT_ID, MAIN_REC, MAIN_NUM, TARIF_RATE, STENDBY_TIME, EMPL_ID) VALUES (1458, '2013-07-16', 467, 286, 76, 513, 1, 5, 1318, 0.15, 52);
INSERT INTO WORKS_LIST (WL_ID, WORK_DATE, MASHINE_ID, DRIVER_ID, TARIF_ID, OBJECT_ID, MAIN_REC, MAIN_NUM, TARIF_RATE, STENDBY_TIME, EMPL_ID) VALUES (1459, '2013-08-30', 426, 309, 76, 491, 1, 9, 276, 0.95, 146);
INSERT INTO WORKS_LIST (WL_ID, WORK_DATE, MASHINE_ID, DRIVER_ID, TARIF_ID, OBJECT_ID, MAIN_REC, MAIN_NUM, TARIF_RATE, STENDBY_TIME, EMPL_ID) VALUES (1460, '2013-08-19', 445, 211, 75, 516, 1, 1, 211, 0.92, 767);
INSERT INTO WORKS_LIST (WL_ID, WORK_DATE, MASHINE_ID, DRIVER_ID, TARIF_ID, OBJECT_ID, MAIN_REC, MAIN_NUM, TARIF_RATE, STENDBY_TIME, EMPL_ID) VALUES (1461, '2013-08-29', 465, 290, 72, 491, 0, 2, 1279, 0.59, 767);
INSERT INTO WORKS_LIST (WL_ID, WORK_DATE, MASHINE_ID, DRIVER_ID, TARIF_ID, OBJECT_ID, MAIN_REC, MAIN_NUM, TARIF_RATE, STENDBY_TIME, EMPL_ID) VALUES (1462, '2013-08-15', 414, 249, 80, 501, 1, 2, 1313, 0.67, 52);
INSERT INTO WORKS_LIST (WL_ID, WORK_DATE, MASHINE_ID, DRIVER_ID, TARIF_ID, OBJECT_ID, MAIN_REC, MAIN_NUM, TARIF_RATE, STENDBY_TIME, EMPL_ID) VALUES (1463, '2013-07-28', 463, 255, 229, 502, 0, 6, 1297, 0.96, 146);
INSERT INTO WORKS_LIST (WL_ID, WORK_DATE, MASHINE_ID, DRIVER_ID, TARIF_ID, OBJECT_ID, MAIN_REC, MAIN_NUM, TARIF_RATE, STENDBY_TIME, EMPL_ID) VALUES (1464, '2013-09-07', 423, 295, 76, 504, 0, 9, 1314, 0.99, 1);
INSERT INTO WORKS_LIST (WL_ID, WORK_DATE, MASHINE_ID, DRIVER_ID, TARIF_ID, OBJECT_ID, MAIN_REC, MAIN_NUM, TARIF_RATE, STENDBY_TIME, EMPL_ID) VALUES (1465, '2013-09-06', 453, 243, 78, 509, 1, 10, 1297, 0.17, 146);
INSERT INTO WORKS_LIST (WL_ID, WORK_DATE, MASHINE_ID, DRIVER_ID, TARIF_ID, OBJECT_ID, MAIN_REC, MAIN_NUM, TARIF_RATE, STENDBY_TIME, EMPL_ID) VALUES (1466, '2013-08-04', 453, 276, 77, 515, 1, 4, 182, 0.31, 52);
INSERT INTO WORKS_LIST (WL_ID, WORK_DATE, MASHINE_ID, DRIVER_ID, TARIF_ID, OBJECT_ID, MAIN_REC, MAIN_NUM, TARIF_RATE, STENDBY_TIME, EMPL_ID) VALUES (1467, '2013-08-25', 464, 305, 74, 503, 0, 2, 1318, 0.7, 767);
INSERT INTO WORKS_LIST (WL_ID, WORK_DATE, MASHINE_ID, DRIVER_ID, TARIF_ID, OBJECT_ID, MAIN_REC, MAIN_NUM, TARIF_RATE, STENDBY_TIME, EMPL_ID) VALUES (1468, '2013-08-25', 479, 229, 72, 501, 1, 3, 181, 0.38, 52);
INSERT INTO WORKS_LIST (WL_ID, WORK_DATE, MASHINE_ID, DRIVER_ID, TARIF_ID, OBJECT_ID, MAIN_REC, MAIN_NUM, TARIF_RATE, STENDBY_TIME, EMPL_ID) VALUES (1469, '2013-07-25', 425, 211, 81, 518, 0, 5, 1277, 0.32, 767);
INSERT INTO WORKS_LIST (WL_ID, WORK_DATE, MASHINE_ID, DRIVER_ID, TARIF_ID, OBJECT_ID, MAIN_REC, MAIN_NUM, TARIF_RATE, STENDBY_TIME, EMPL_ID) VALUES (1470, '2013-07-22', 448, 266, 81, 504, 0, 9, 1297, 0.06, 1);
INSERT INTO WORKS_LIST (WL_ID, WORK_DATE, MASHINE_ID, DRIVER_ID, TARIF_ID, OBJECT_ID, MAIN_REC, MAIN_NUM, TARIF_RATE, STENDBY_TIME, EMPL_ID) VALUES (1471, '2013-07-25', 451, 235, 79, 505, 0, 9, 1307, 0.77, 52);
INSERT INTO WORKS_LIST (WL_ID, WORK_DATE, MASHINE_ID, DRIVER_ID, TARIF_ID, OBJECT_ID, MAIN_REC, MAIN_NUM, TARIF_RATE, STENDBY_TIME, EMPL_ID) VALUES (1472, '2013-08-31', 420, 233, 75, 495, 0, 7, 1318, 0.42, 767);
INSERT INTO WORKS_LIST (WL_ID, WORK_DATE, MASHINE_ID, DRIVER_ID, TARIF_ID, OBJECT_ID, MAIN_REC, MAIN_NUM, TARIF_RATE, STENDBY_TIME, EMPL_ID) VALUES (1473, '2013-08-26', 443, 207, 80, 517, 1, 7, 1352, 0.91, 52);
INSERT INTO WORKS_LIST (WL_ID, WORK_DATE, MASHINE_ID, DRIVER_ID, TARIF_ID, OBJECT_ID, MAIN_REC, MAIN_NUM, TARIF_RATE, STENDBY_TIME, EMPL_ID) VALUES (1474, '2013-08-04', 433, 249, 82, 506, 1, 5, 1308, 0.49, 767);
INSERT INTO WORKS_LIST (WL_ID, WORK_DATE, MASHINE_ID, DRIVER_ID, TARIF_ID, OBJECT_ID, MAIN_REC, MAIN_NUM, TARIF_RATE, STENDBY_TIME, EMPL_ID) VALUES (1475, '2013-09-10', 433, 210, 74, 505, 0, 3, 1372, 0.28, 146);
INSERT INTO WORKS_LIST (WL_ID, WORK_DATE, MASHINE_ID, DRIVER_ID, TARIF_ID, OBJECT_ID, MAIN_REC, MAIN_NUM, TARIF_RATE, STENDBY_TIME, EMPL_ID) VALUES (1476, '2013-08-16', 481, 295, 72, 492, 1, 10, 275, 0.14, 767);
INSERT INTO WORKS_LIST (WL_ID, WORK_DATE, MASHINE_ID, DRIVER_ID, TARIF_ID, OBJECT_ID, MAIN_REC, MAIN_NUM, TARIF_RATE, STENDBY_TIME, EMPL_ID) VALUES (1477, '2013-07-18', 461, 295, 229, 492, 1, 2, 1308, 0.07, 52);
INSERT INTO WORKS_LIST (WL_ID, WORK_DATE, MASHINE_ID, DRIVER_ID, TARIF_ID, OBJECT_ID, MAIN_REC, MAIN_NUM, TARIF_RATE, STENDBY_TIME, EMPL_ID) VALUES (1478, '2013-07-24', 444, 243, 77, 508, 0, 6, 1277, 0.96, 1);
INSERT INTO WORKS_LIST (WL_ID, WORK_DATE, MASHINE_ID, DRIVER_ID, TARIF_ID, OBJECT_ID, MAIN_REC, MAIN_NUM, TARIF_RATE, STENDBY_TIME, EMPL_ID) VALUES (1479, '2013-09-08', 432, 246, 72, 508, 0, 7, 277, 0.25, 1);
INSERT INTO WORKS_LIST (WL_ID, WORK_DATE, MASHINE_ID, DRIVER_ID, TARIF_ID, OBJECT_ID, MAIN_REC, MAIN_NUM, TARIF_RATE, STENDBY_TIME, EMPL_ID) VALUES (1480, '2013-08-08', 437, 216, 72, 509, 0, 5, 2973, 0.18, 146);
INSERT INTO WORKS_LIST (WL_ID, WORK_DATE, MASHINE_ID, DRIVER_ID, TARIF_ID, OBJECT_ID, MAIN_REC, MAIN_NUM, TARIF_RATE, STENDBY_TIME, EMPL_ID) VALUES (1481, '2013-07-28', 445, 302, 77, 501, 1, 10, 1280, 0.1, 52);
INSERT INTO WORKS_LIST (WL_ID, WORK_DATE, MASHINE_ID, DRIVER_ID, TARIF_ID, OBJECT_ID, MAIN_REC, MAIN_NUM, TARIF_RATE, STENDBY_TIME, EMPL_ID) VALUES (1482, '2013-08-05', 457, 298, 229, 508, 1, 6, 1280, 0.83, 52);
INSERT INTO WORKS_LIST (WL_ID, WORK_DATE, MASHINE_ID, DRIVER_ID, TARIF_ID, OBJECT_ID, MAIN_REC, MAIN_NUM, TARIF_RATE, STENDBY_TIME, EMPL_ID) VALUES (1483, '2013-08-18', 432, 253, 82, 515, 1, 1, 1307, 0.52, 767);
INSERT INTO WORKS_LIST (WL_ID, WORK_DATE, MASHINE_ID, DRIVER_ID, TARIF_ID, OBJECT_ID, MAIN_REC, MAIN_NUM, TARIF_RATE, STENDBY_TIME, EMPL_ID) VALUES (1484, '2013-09-09', 418, 249, 76, 496, 0, 10, 1371, 0.83, 1);
INSERT INTO WORKS_LIST (WL_ID, WORK_DATE, MASHINE_ID, DRIVER_ID, TARIF_ID, OBJECT_ID, MAIN_REC, MAIN_NUM, TARIF_RATE, STENDBY_TIME, EMPL_ID) VALUES (1485, '2013-07-28', 441, 260, -1, 492, 1, 9, 1299, 0.92, 146);
INSERT INTO WORKS_LIST (WL_ID, WORK_DATE, MASHINE_ID, DRIVER_ID, TARIF_ID, OBJECT_ID, MAIN_REC, MAIN_NUM, TARIF_RATE, STENDBY_TIME, EMPL_ID) VALUES (1486, '2013-09-03', 460, 247, 229, 516, 0, 2, 180, 0.72, 767);
INSERT INTO WORKS_LIST (WL_ID, WORK_DATE, MASHINE_ID, DRIVER_ID, TARIF_ID, OBJECT_ID, MAIN_REC, MAIN_NUM, TARIF_RATE, STENDBY_TIME, EMPL_ID) VALUES (1487, '2013-09-09', 418, 214, 82, 506, 1, 7, 211, 0.28, 52);
INSERT INTO WORKS_LIST (WL_ID, WORK_DATE, MASHINE_ID, DRIVER_ID, TARIF_ID, OBJECT_ID, MAIN_REC, MAIN_NUM, TARIF_RATE, STENDBY_TIME, EMPL_ID) VALUES (1488, '2013-07-19', 430, 257, 229, 497, 0, 2, 181, 0.07, 52);
INSERT INTO WORKS_LIST (WL_ID, WORK_DATE, MASHINE_ID, DRIVER_ID, TARIF_ID, OBJECT_ID, MAIN_REC, MAIN_NUM, TARIF_RATE, STENDBY_TIME, EMPL_ID) VALUES (1489, '2013-09-02', 454, 267, 74, 496, 0, 2, 211, 0.1, 52);
INSERT INTO WORKS_LIST (WL_ID, WORK_DATE, MASHINE_ID, DRIVER_ID, TARIF_ID, OBJECT_ID, MAIN_REC, MAIN_NUM, TARIF_RATE, STENDBY_TIME, EMPL_ID) VALUES (1490, '2013-07-29', 487, 307, 82, 508, 0, 6, 1308, 0.91, 1);
INSERT INTO WORKS_LIST (WL_ID, WORK_DATE, MASHINE_ID, DRIVER_ID, TARIF_ID, OBJECT_ID, MAIN_REC, MAIN_NUM, TARIF_RATE, STENDBY_TIME, EMPL_ID) VALUES (1491, '2013-08-04', 404, 212, 75, 507, 1, 8, 1314, 0.04, 1);
INSERT INTO WORKS_LIST (WL_ID, WORK_DATE, MASHINE_ID, DRIVER_ID, TARIF_ID, OBJECT_ID, MAIN_REC, MAIN_NUM, TARIF_RATE, STENDBY_TIME, EMPL_ID) VALUES (1492, '2013-08-24', 460, 236, 80, 501, 0, 3, 277, 0.72, 767);
INSERT INTO WORKS_LIST (WL_ID, WORK_DATE, MASHINE_ID, DRIVER_ID, TARIF_ID, OBJECT_ID, MAIN_REC, MAIN_NUM, TARIF_RATE, STENDBY_TIME, EMPL_ID) VALUES (1493, '2013-08-29', 448, 255, 229, 490, 1, 7, 1307, 0.45, 52);
INSERT INTO WORKS_LIST (WL_ID, WORK_DATE, MASHINE_ID, DRIVER_ID, TARIF_ID, OBJECT_ID, MAIN_REC, MAIN_NUM, TARIF_RATE, STENDBY_TIME, EMPL_ID) VALUES (1494, '2013-09-09', 443, 274, 81, 509, 1, 9, 1308, 0.71, 767);
INSERT INTO WORKS_LIST (WL_ID, WORK_DATE, MASHINE_ID, DRIVER_ID, TARIF_ID, OBJECT_ID, MAIN_REC, MAIN_NUM, TARIF_RATE, STENDBY_TIME, EMPL_ID) VALUES (1495, '2013-08-30', 432, 208, 74, 502, 1, 9, 1372, 0.33, 146);
INSERT INTO WORKS_LIST (WL_ID, WORK_DATE, MASHINE_ID, DRIVER_ID, TARIF_ID, OBJECT_ID, MAIN_REC, MAIN_NUM, TARIF_RATE, STENDBY_TIME, EMPL_ID) VALUES (1496, '2013-08-12', 419, 236, 74, 505, 1, 8, 181, 0.6, 1);
INSERT INTO WORKS_LIST (WL_ID, WORK_DATE, MASHINE_ID, DRIVER_ID, TARIF_ID, OBJECT_ID, MAIN_REC, MAIN_NUM, TARIF_RATE, STENDBY_TIME, EMPL_ID) VALUES (1497, '2013-09-10', 485, 251, 229, 494, 1, 4, 211, 0.16, 1);
INSERT INTO WORKS_LIST (WL_ID, WORK_DATE, MASHINE_ID, DRIVER_ID, TARIF_ID, OBJECT_ID, MAIN_REC, MAIN_NUM, TARIF_RATE, STENDBY_TIME, EMPL_ID) VALUES (1498, '2013-08-05', 426, 307, 82, 509, 0, 6, 1298, 0.94, 767);
INSERT INTO WORKS_LIST (WL_ID, WORK_DATE, MASHINE_ID, DRIVER_ID, TARIF_ID, OBJECT_ID, MAIN_REC, MAIN_NUM, TARIF_RATE, STENDBY_TIME, EMPL_ID) VALUES (1499, '2013-08-05', 414, 271, 79, 518, 1, 3, 1352, 0.83, 767);
INSERT INTO WORKS_LIST (WL_ID, WORK_DATE, MASHINE_ID, DRIVER_ID, TARIF_ID, OBJECT_ID, MAIN_REC, MAIN_NUM, TARIF_RATE, STENDBY_TIME, EMPL_ID) VALUES (1500, '2013-08-03', 480, 233, -1, 501, 0, 7, 1277, 0.83, 1);
INSERT INTO WORKS_LIST (WL_ID, WORK_DATE, MASHINE_ID, DRIVER_ID, TARIF_ID, OBJECT_ID, MAIN_REC, MAIN_NUM, TARIF_RATE, STENDBY_TIME, EMPL_ID) VALUES (1501, '2013-08-15', 463, 304, -1, 511, 1, 10, 1297, 0.5, 767);
INSERT INTO WORKS_LIST (WL_ID, WORK_DATE, MASHINE_ID, DRIVER_ID, TARIF_ID, OBJECT_ID, MAIN_REC, MAIN_NUM, TARIF_RATE, STENDBY_TIME, EMPL_ID) VALUES (1502, '2013-08-23', 452, 281, 80, 501, 1, 5, 182, 0.5, 52);
INSERT INTO WORKS_LIST (WL_ID, WORK_DATE, MASHINE_ID, DRIVER_ID, TARIF_ID, OBJECT_ID, MAIN_REC, MAIN_NUM, TARIF_RATE, STENDBY_TIME, EMPL_ID) VALUES (1503, '2013-08-09', 468, 308, 79, 494, 0, 2, 277, 0.13, 52);
INSERT INTO WORKS_LIST (WL_ID, WORK_DATE, MASHINE_ID, DRIVER_ID, TARIF_ID, OBJECT_ID, MAIN_REC, MAIN_NUM, TARIF_RATE, STENDBY_TIME, EMPL_ID) VALUES (1504, '2013-08-22', 479, 241, 81, 499, 1, 5, 1307, 0.13, 146);
INSERT INTO WORKS_LIST (WL_ID, WORK_DATE, MASHINE_ID, DRIVER_ID, TARIF_ID, OBJECT_ID, MAIN_REC, MAIN_NUM, TARIF_RATE, STENDBY_TIME, EMPL_ID) VALUES (1505, '2013-08-14', 481, 286, 81, 490, 1, 9, 1308, 0.1, 1);
INSERT INTO WORKS_LIST (WL_ID, WORK_DATE, MASHINE_ID, DRIVER_ID, TARIF_ID, OBJECT_ID, MAIN_REC, MAIN_NUM, TARIF_RATE, STENDBY_TIME, EMPL_ID) VALUES (1506, '2013-08-16', 457, 212, 79, 505, 0, 1, 1313, 0.92, 52);
INSERT INTO WORKS_LIST (WL_ID, WORK_DATE, MASHINE_ID, DRIVER_ID, TARIF_ID, OBJECT_ID, MAIN_REC, MAIN_NUM, TARIF_RATE, STENDBY_TIME, EMPL_ID) VALUES (1507, '2013-08-11', 477, 258, 72, 509, 1, 10, 1313, 0.02, 52);
INSERT INTO WORKS_LIST (WL_ID, WORK_DATE, MASHINE_ID, DRIVER_ID, TARIF_ID, OBJECT_ID, MAIN_REC, MAIN_NUM, TARIF_RATE, STENDBY_TIME, EMPL_ID) VALUES (1508, '2013-08-02', 422, 307, 77, 499, 1, 2, 1313, 0.19, 146);
INSERT INTO WORKS_LIST (WL_ID, WORK_DATE, MASHINE_ID, DRIVER_ID, TARIF_ID, OBJECT_ID, MAIN_REC, MAIN_NUM, TARIF_RATE, STENDBY_TIME, EMPL_ID) VALUES (1509, '2013-08-16', 463, 304, 74, 498, 0, 9, 181, 0.78, 1);
INSERT INTO WORKS_LIST (WL_ID, WORK_DATE, MASHINE_ID, DRIVER_ID, TARIF_ID, OBJECT_ID, MAIN_REC, MAIN_NUM, TARIF_RATE, STENDBY_TIME, EMPL_ID) VALUES (1510, '2013-08-21', 465, 225, 76, 508, 0, 6, 276, 0.07, 767);
INSERT INTO WORKS_LIST (WL_ID, WORK_DATE, MASHINE_ID, DRIVER_ID, TARIF_ID, OBJECT_ID, MAIN_REC, MAIN_NUM, TARIF_RATE, STENDBY_TIME, EMPL_ID) VALUES (1511, '2013-09-04', 481, 305, 74, 517, 0, 2, 1279, 0.36, 767);
INSERT INTO WORKS_LIST (WL_ID, WORK_DATE, MASHINE_ID, DRIVER_ID, TARIF_ID, OBJECT_ID, MAIN_REC, MAIN_NUM, TARIF_RATE, STENDBY_TIME, EMPL_ID) VALUES (1512, '2013-09-02', 465, 214, 229, 509, 1, 4, 1352, 0.12, 146);
INSERT INTO WORKS_LIST (WL_ID, WORK_DATE, MASHINE_ID, DRIVER_ID, TARIF_ID, OBJECT_ID, MAIN_REC, MAIN_NUM, TARIF_RATE, STENDBY_TIME, EMPL_ID) VALUES (1513, '2013-07-31', 449, 263, 80, 491, 0, 2, 1279, 0.97, 767);
INSERT INTO WORKS_LIST (WL_ID, WORK_DATE, MASHINE_ID, DRIVER_ID, TARIF_ID, OBJECT_ID, MAIN_REC, MAIN_NUM, TARIF_RATE, STENDBY_TIME, EMPL_ID) VALUES (1514, '2013-09-09', 417, 288, 75, 504, 1, 1, 160, 0.85, 767);
INSERT INTO WORKS_LIST (WL_ID, WORK_DATE, MASHINE_ID, DRIVER_ID, TARIF_ID, OBJECT_ID, MAIN_REC, MAIN_NUM, TARIF_RATE, STENDBY_TIME, EMPL_ID) VALUES (1515, '2013-08-16', 426, 290, 77, 502, 1, 5, 159, 0.53, 767);
INSERT INTO WORKS_LIST (WL_ID, WORK_DATE, MASHINE_ID, DRIVER_ID, TARIF_ID, OBJECT_ID, MAIN_REC, MAIN_NUM, TARIF_RATE, STENDBY_TIME, EMPL_ID) VALUES (1516, '2013-08-29', 453, 249, 75, 502, 1, 1, 1318, 0.97, 767);
INSERT INTO WORKS_LIST (WL_ID, WORK_DATE, MASHINE_ID, DRIVER_ID, TARIF_ID, OBJECT_ID, MAIN_REC, MAIN_NUM, TARIF_RATE, STENDBY_TIME, EMPL_ID) VALUES (1517, '2013-08-15', 436, 236, 72, 504, 1, 4, 2973, 0.62, 767);
INSERT INTO WORKS_LIST (WL_ID, WORK_DATE, MASHINE_ID, DRIVER_ID, TARIF_ID, OBJECT_ID, MAIN_REC, MAIN_NUM, TARIF_RATE, STENDBY_TIME, EMPL_ID) VALUES (1518, '2013-09-01', 435, 233, 72, 517, 0, 7, 1371, 0.99, 146);
INSERT INTO WORKS_LIST (WL_ID, WORK_DATE, MASHINE_ID, DRIVER_ID, TARIF_ID, OBJECT_ID, MAIN_REC, MAIN_NUM, TARIF_RATE, STENDBY_TIME, EMPL_ID) VALUES (1519, '2013-08-05', 406, 309, 229, 505, 1, 4, 180, 0.36, 52);
INSERT INTO WORKS_LIST (WL_ID, WORK_DATE, MASHINE_ID, DRIVER_ID, TARIF_ID, OBJECT_ID, MAIN_REC, MAIN_NUM, TARIF_RATE, STENDBY_TIME, EMPL_ID) VALUES (1520, '2013-08-15', 487, 220, 82, 510, 0, 9, 1313, 0.28, 52);
INSERT INTO WORKS_LIST (WL_ID, WORK_DATE, MASHINE_ID, DRIVER_ID, TARIF_ID, OBJECT_ID, MAIN_REC, MAIN_NUM, TARIF_RATE, STENDBY_TIME, EMPL_ID) VALUES (1521, '2013-08-09', 461, 270, 76, 501, 0, 4, 179, 0.78, 52);
INSERT INTO WORKS_LIST (WL_ID, WORK_DATE, MASHINE_ID, DRIVER_ID, TARIF_ID, OBJECT_ID, MAIN_REC, MAIN_NUM, TARIF_RATE, STENDBY_TIME, EMPL_ID) VALUES (1522, '2013-07-17', 424, 233, 72, 502, 1, 4, 1352, 0.91, 767);
INSERT INTO WORKS_LIST (WL_ID, WORK_DATE, MASHINE_ID, DRIVER_ID, TARIF_ID, OBJECT_ID, MAIN_REC, MAIN_NUM, TARIF_RATE, STENDBY_TIME, EMPL_ID) VALUES (1523, '2013-07-25', 420, 211, 72, 498, 0, 3, 277, 0.76, 146);
INSERT INTO WORKS_LIST (WL_ID, WORK_DATE, MASHINE_ID, DRIVER_ID, TARIF_ID, OBJECT_ID, MAIN_REC, MAIN_NUM, TARIF_RATE, STENDBY_TIME, EMPL_ID) VALUES (1524, '2013-08-12', 444, 226, 229, 518, 0, 6, 160, 0.72, 146);
INSERT INTO WORKS_LIST (WL_ID, WORK_DATE, MASHINE_ID, DRIVER_ID, TARIF_ID, OBJECT_ID, MAIN_REC, MAIN_NUM, TARIF_RATE, STENDBY_TIME, EMPL_ID) VALUES (1525, '2013-07-27', 485, 247, 76, 495, 1, 6, 1307, 0.63, 146);

COMMIT WORK;


/******************************************************************************/
/***                           Unique constraints                           ***/
/******************************************************************************/

ALTER TABLE DCL_GLOBAL_PARAMS ADD CONSTRAINT UNQ1_DCL_GLOBAL_PARAMS UNIQUE (PARAM_NAME);
ALTER TABLE DCL_SCRIPTS ADD CONSTRAINT UNQ1_DCL_SCRIPTS UNIQUE (IDENT);

/******************************************************************************/
/***                              Primary keys                              ***/
/******************************************************************************/

ALTER TABLE ADDONS_REF ADD CONSTRAINT PK_ADDONS_REF PRIMARY KEY (AD_ID);
ALTER TABLE DCL_ACTIVE_USERS ADD CONSTRAINT PK_DCL_ACTIVE_USERS PRIMARY KEY (AU_ID);
ALTER TABLE DCL_INI_PROFILES ADD CONSTRAINT PK_INI_PROFILES PRIMARY KEY (INI_ID);
ALTER TABLE DCL_NOTIFYCATIONS ADD CONSTRAINT PK_DCL_NOTIFYCATIONS PRIMARY KEY (NOTIFY_ID);
ALTER TABLE DCL_ROLES ADD CONSTRAINT PK_DCL_ROLES PRIMARY KEY (ROLESID);
ALTER TABLE DCL_ROLESMENU ADD CONSTRAINT PK_DCL_ROLESMENU PRIMARY KEY (RM_ID);
ALTER TABLE DCL_SCRIPTS ADD CONSTRAINT PK_DCL_SCRIPTS PRIMARY KEY (NUMSEQ);
ALTER TABLE DCL_USERS ADD CONSTRAINT PK_DCL_USERS PRIMARY KEY (UID);
ALTER TABLE DCL_USER_LOGIN_HISTORY ADD CONSTRAINT PK_DCL_USER_LOGIN_HISTORY PRIMARY KEY (UL_ID);
ALTER TABLE DEPS ADD CONSTRAINT PK_DEPS PRIMARY KEY (DEP_ID);
ALTER TABLE EMPL ADD CONSTRAINT PK_EMPL PRIMARY KEY (EMP_ID);
ALTER TABLE EMPL_TYPES ADD CONSTRAINT PK_EMPL_TYPES PRIMARY KEY (TYPE_ID);
ALTER TABLE MASHINS ADD CONSTRAINT PK_MASHINS PRIMARY KEY (CAR_ID);
ALTER TABLE OBJECTS ADD CONSTRAINT PK_OBJECTS PRIMARY KEY (OBJ_ID);
ALTER TABLE TARIFS ADD CONSTRAINT PK_TARIFS PRIMARY KEY (TARIF_ID);
ALTER TABLE WORKS_LIST ADD CONSTRAINT PK_WORKS_LIST PRIMARY KEY (WL_ID);

/******************************************************************************/
/***                              Foreign keys                              ***/
/******************************************************************************/

ALTER TABLE DCL_NOTIFYCATIONS ADD CONSTRAINT FK_DCL_NOTIFYCATIONS_1 FOREIGN KEY (USER_ID) REFERENCES DCL_USERS (UID);
ALTER TABLE DCL_ROLESMENU ADD CONSTRAINT FK_DCL_ROLESMENU_1 FOREIGN KEY (ROLEID) REFERENCES DCL_ROLES (ROLESID) ON DELETE CASCADE ON UPDATE CASCADE;
ALTER TABLE EMPL ADD CONSTRAINT FK_EMPL_1 FOREIGN KEY (SUBDCODE) REFERENCES DEPS (DEP_ID);
ALTER TABLE MASHINS ADD CONSTRAINT FK_MASHINS_1 FOREIGN KEY (DRIVER_ID) REFERENCES EMPL (EMP_ID);
ALTER TABLE MASHINS ADD CONSTRAINT FK_MASHINS_2 FOREIGN KEY (HTARIF) REFERENCES TARIFS (TARIF_ID);
ALTER TABLE WORKS_LIST ADD CONSTRAINT FK_WORKS_LIST_DRIVER FOREIGN KEY (DRIVER_ID) REFERENCES EMPL (EMP_ID);
ALTER TABLE WORKS_LIST ADD CONSTRAINT FK_WORKS_LIST_MASHINE FOREIGN KEY (MASHINE_ID) REFERENCES MASHINS (CAR_ID);
ALTER TABLE WORKS_LIST ADD CONSTRAINT FK_WORKS_LIST_OBJ FOREIGN KEY (OBJECT_ID) REFERENCES OBJECTS (OBJ_ID);
ALTER TABLE WORKS_LIST ADD CONSTRAINT FK_WORKS_LIST_TARIF FOREIGN KEY (TARIF_ID) REFERENCES ADDONS_REF (AD_ID);

/******************************************************************************/
/***                                Indices                                 ***/
/******************************************************************************/

CREATE INDEX DCL_ROLESMENU_IDX1 ON DCL_ROLESMENU (ROLEID, MENUITEMID);
CREATE INDEX DCL_SCRIPTS_IDX2 ON DCL_SCRIPTS (DCLNAME);
CREATE UNIQUE INDEX DCL_SCRIPTS_IDX3 ON DCL_SCRIPTS (IDENT, PARENT);
CREATE UNIQUE INDEX TARIFS_IDX1 ON TARIFS (TARIFGROUP, TARIF_BEG, GRUP);

/******************************************************************************/
/***                                Triggers                                ***/
/******************************************************************************/

SET TERM ^ ;

/* Trigger: ACTIVE_USERS_BI */
CREATE OR ALTER TRIGGER ACTIVE_USERS_BI FOR ACTIVE_USERS
ACTIVE BEFORE INSERT POSITION 0
as
begin
  if (new.uid is null) then
    new.uid = gen_id(gen_seqnum_ref_id,1);
  new.atime='now';
end
^

/* Trigger: ADDONS_REF_BI */
CREATE OR ALTER TRIGGER ADDONS_REF_BI FOR ADDONS_REF
ACTIVE BEFORE INSERT POSITION 0
AS
BEGIN
  IF (NEW.AD_ID IS NULL) THEN
    NEW.AD_ID = GEN_ID(GEN_seqNum_REF_ID,1);
END
^

/* Trigger: DCL_ACTIVE_USERS_BI */
CREATE OR ALTER TRIGGER DCL_ACTIVE_USERS_BI FOR DCL_ACTIVE_USERS
ACTIVE BEFORE INSERT POSITION 0
as
begin
  if (new.au_id is null) then
    new.au_id = gen_id(gen_dcl_active_users_id,1);
  if (inserting) then
    if (new.active_user_login_time is null) then
      new.active_user_login_time='now';
end
^

/* Trigger: DCL_GLOBAL_PARAMS_BI */
CREATE OR ALTER TRIGGER DCL_GLOBAL_PARAMS_BI FOR DCL_GLOBAL_PARAMS
ACTIVE BEFORE INSERT POSITION 0
as
begin
  if (new.param_id is null) then
    new.param_id = gen_id(main_generator_id,1);
end
^

/* Trigger: DCL_NOTIFYCATIONS_BI0 */
CREATE OR ALTER TRIGGER DCL_NOTIFYCATIONS_BI0 FOR DCL_NOTIFYCATIONS
ACTIVE BEFORE INSERT POSITION 0
as
begin
  if (new.NOTIFY_ID is null) then
    new.NOTIFY_ID = gen_id(MAIN_GENERATOR_ID, 1);
  if (inserting) then
    new.add_date = 'now';
end
^

/* Trigger: DCL_ROLESMENU_BI */
CREATE OR ALTER TRIGGER DCL_ROLESMENU_BI FOR DCL_ROLESMENU
ACTIVE BEFORE INSERT POSITION 0
as
begin
  if (new.rm_id is null) then
    new.rm_id = gen_id(main_generator_id,1);
end
^

/* Trigger: DCL_ROLES_BI */
CREATE OR ALTER TRIGGER DCL_ROLES_BI FOR DCL_ROLES
ACTIVE BEFORE INSERT POSITION 0
as
begin
  if (new.rolesid is null) then
    new.rolesid = gen_id(main_generator_id,1);
end
^

/* Trigger: DCL_SCRIPTS_BI */
CREATE OR ALTER TRIGGER DCL_SCRIPTS_BI FOR DCL_SCRIPTS
ACTIVE BEFORE INSERT OR UPDATE POSITION 0
AS
BEGIN
IF (NEW.NUMSEQ IS NULL) THEN
    NEW.NUMSEQ = GEN_ID(SCRYPTS_NUM,1);

new.updates='now';
if (inserting) then
new.actinon='I';
if (updating) then
new.actinon='U';
END
^

/* Trigger: DCL_USERS_BI */
CREATE OR ALTER TRIGGER DCL_USERS_BI FOR DCL_USERS
ACTIVE BEFORE INSERT POSITION 0
as
begin
  if (new.uid is null) then
    new.uid = gen_id(main_generator_id,1);
end
^

/* Trigger: DCL_USER_LOGIN_HISTORY_BI */
CREATE OR ALTER TRIGGER DCL_USER_LOGIN_HISTORY_BI FOR DCL_USER_LOGIN_HISTORY
ACTIVE BEFORE INSERT POSITION 0
as
begin
  if (new.ul_id is null) then
    new.ul_id = gen_id(gen_dcl_user_login_history_id,1);
end
^

/* Trigger: DEPS_BI */
CREATE OR ALTER TRIGGER DEPS_BI FOR DEPS
ACTIVE BEFORE INSERT POSITION 0
AS
BEGIN
  IF (NEW.DEP_ID IS NULL) THEN
    NEW.DEP_ID = GEN_ID(GEN_SEQNUM_REF_ID,1);
END
^

/* Trigger: EMPL_BI */
CREATE OR ALTER TRIGGER EMPL_BI FOR EMPL
ACTIVE BEFORE INSERT POSITION 0
AS
BEGIN
  IF (NEW.EMP_ID IS NULL) THEN
    NEW.EMP_ID = GEN_ID(GEN_SEQNUM_REF_ID,1);
END
^

/* Trigger: EMPL_TYPES_BI */
CREATE OR ALTER TRIGGER EMPL_TYPES_BI FOR EMPL_TYPES
ACTIVE BEFORE INSERT POSITION 0
AS
BEGIN
  IF (NEW.TYPE_ID IS NULL) THEN
    NEW.TYPE_ID = GEN_ID(GEN_SEQNUM_REF_ID,1);
END
^

/* Trigger: GLOBAL_PARAMS_BI */
CREATE OR ALTER TRIGGER GLOBAL_PARAMS_BI FOR GLOBAL_PARAMS
ACTIVE BEFORE INSERT POSITION 0
AS
BEGIN
  IF (NEW.PARAM_ID IS NULL) THEN
    NEW.PARAM_ID = GEN_ID(gen_seqnum_ref_id,1);
END
^

/* Trigger: INI_PROFILES_BI */
CREATE OR ALTER TRIGGER INI_PROFILES_BI FOR DCL_INI_PROFILES
ACTIVE BEFORE INSERT POSITION 0
as
begin
  if (new.ini_id is null) then
    new.ini_id = gen_id(gen_ini_profiles_id,1);
end
^

/* Trigger: MASHINS_BI */
CREATE OR ALTER TRIGGER MASHINS_BI FOR MASHINS
ACTIVE BEFORE INSERT POSITION 0
AS
BEGIN
  IF (NEW.CAR_ID IS NULL) THEN
    NEW.CAR_ID = GEN_ID(GEN_SEQNUM_REF_ID,1);
END
^

/* Trigger: OBJECTS_BI */
CREATE OR ALTER TRIGGER OBJECTS_BI FOR OBJECTS
ACTIVE BEFORE INSERT POSITION 0
AS
BEGIN
  IF (NEW.OBJ_ID IS NULL) THEN
    NEW.OBJ_ID = GEN_ID(GEN_SEQNUM_REF_ID,1);
END
^

/* Trigger: TARIFS_BI */
CREATE OR ALTER TRIGGER TARIFS_BI FOR TARIFS
ACTIVE BEFORE INSERT POSITION 0
AS
BEGIN
  IF (NEW.TARIF_ID IS NULL) THEN
    NEW.TARIF_ID = GEN_ID(GEN_SEQNUM_REF_ID,1);
END
^

/* Trigger: WORKS_LIST_BI */
CREATE OR ALTER TRIGGER WORKS_LIST_BI FOR WORKS_LIST
ACTIVE BEFORE INSERT POSITION 0
AS
BEGIN
  IF (NEW.WL_ID IS NULL) THEN
    NEW.WL_ID = GEN_ID(GEN_SEQNUM_REF_ID,1);
END
^
SET TERM ; ^

/******************************************************************************/
/***                           Stored procedures                            ***/
/******************************************************************************/

SET TERM ^ ;

CREATE OR ALTER PROCEDURE ADD_EMPL (
    FULL_NAME VARCHAR(45),
    CLASS SMALLINT,
    DEP_CODE INTEGER,
    TARIF_SUM NUMERIC(9,2),
    TYPE_CODE SMALLINT)
AS
DECLARE VARIABLE TMP1 INTEGER;
begin
select count(*) from empl e where upper(e.full_name)=upper(:full_name) and e.class=:class and e.subdcode=:dep_code into :tmp1;
if (:tmp1=0) then
Begin
    if (:tarif_sum=0) then tarif_sum=null;
    Insert into empl(Full_Name, SubDCode, Class, Salary, EmplType) values(:full_name, :dep_code, :class, :tarif_sum, :type_code);
End
else
    exception alrady_exists;
end^


CREATE OR ALTER PROCEDURE ADD_MENU_ITEM_TO_ROLE (
    ROLEID INTEGER,
    MENUITEMID INTEGER)
RETURNS (
    ISAPPEND INTEGER)
AS
declare variable TMP1 integer;
begin
  select count(R.ROLEID)
  from DCL_ROLESMENU R
  where R.ROLEID = :ROLEID and
        R.MENUITEMID = :MENUITEMID
  into TMP1;
  if (:TMP1 = 0) then
  begin
    insert into DCL_ROLESMENU (ROLEID, MENUITEMID)
    values (:ROLEID, :MENUITEMID);
    ISAPPEND = 1;
    suspend;
  end
  else
  begin
    ISAPPEND = 0;
    suspend;
  end
end^


CREATE OR ALTER PROCEDURE ADD_WORK (
    WORK_DATE DATE,
    DRIVER_ID INTEGER,
    MASHINE_ID INTEGER,
    TARIF_ID INTEGER,
    TARIF_RATE NUMERIC(9,2),
    OBJECT_ID INTEGER,
    STENDBY_TIME NUMERIC(9,2),
    EMPL_ID INTEGER)
AS
declare variable tmp date;
declare variable tmp1 integer;
declare variable num1 integer;
declare variable tmp2 integer;
declare variable tmp3 integer;
begin
/*if (:empl_id is null) then empl_id=0;*/
if (:stendby_time=0) then STENDBY_TIME=null;
tmp3=extract(month from :work_date);
num1=extract(year from :work_date);
TMP = :work_date - EXTRACT(DAY FROM :work_date) + 32;
tmp2  = EXTRACT(DAY FROM (TMP - EXTRACT(DAY FROM TMP)));
select count(*) from works_list wl where wl.mashine_id=:mashine_id and wl.object_id=:object_id and wl.driver_id=:driver_id and wl.work_date between CAST(('01.' || Cast(:tmp3 as varchar(2)) || '.'  || Cast(:num1 as varchar(4))) as DATE) and CAST((Cast(:tmp2 as varchar(2)) || '.' || Cast(:tmp3 as varchar(2)) || '.'  || Cast(:num1 as varchar(4))) as DATE) and wl.main_rec is not null into tmp2;
select gen_id(GEN_SEQNUM_REF_ID, 1) from rdb$database into :num1;
select Count(*) from works_list wl, mashins m, empl e, addons_ref ad, objects o where wl.mashine_id=m.car_id and wl.driver_id=e.emp_id and wl.tarif_id=ad.ad_id and wl.object_id=o.obj_id and wl.work_date=:work_date and wl.driver_id=:driver_id and wl.mashine_id=:mashine_id and wl.object_id=:object_id and wl.main_rec is not null and wl.tarif_id=-1 into :tmp1;
if (:tmp1=0) then
Begin
    if (:tmp2=0) then
        insert into works_list(work_date, mashine_id, driver_id, tarif_id, object_id, tarif_rate, main_rec, main_num, empl_id) values(:work_date, :mashine_id, :driver_id, :tarif_id, :object_id, :tarif_rate, :num1, null, :empl_id);
    else
        exception full_proof;
End
else
begin
    select Count(*) from works_list wl, mashins m, empl e, addons_ref ad, objects o where wl.mashine_id=m.car_id and wl.driver_id=e.emp_id and wl.tarif_id=ad.ad_id and wl.object_id=o.obj_id and wl.work_date=:work_date and wl.driver_id=:driver_id and wl.mashine_id=:mashine_id and wl.object_id=:object_id and wl.tarif_id=:tarif_id into :tmp1;
    if (:tmp1=0) then
    Begin
        select wl.main_rec from works_list wl, mashins m, empl e, addons_ref ad, objects o where wl.mashine_id=m.car_id and wl.driver_id=e.emp_id and wl.tarif_id=ad.ad_id and wl.object_id=o.obj_id and wl.work_date=:work_date and wl.driver_id=:driver_id and wl.mashine_id=:mashine_id and wl.object_id=:object_id and wl.main_rec is not null into :num1;
        insert into works_list(work_date, mashine_id, driver_id, tarif_id, object_id, tarif_rate, main_rec, main_num, stendby_time, empl_id) values(:work_date, :mashine_id, :driver_id, :tarif_id, :object_id, :tarif_rate, Null, :num1, :stendby_time, :empl_id);
    End
    Else exception alrady_exists;
End
end^


CREATE OR ALTER PROCEDURE CALC_ITOG (
    CBEGWORKDATE DATE,
    CENDWORKDATE DATE,
    ORGCODE INTEGER,
    EM_TYPE INTEGER,
    FILTERVALUE VARCHAR(150))
RETURNS (
    TOTAL NUMERIC(9,2))
AS
begin
if (:orgcode=-1) then orgcode=null;
if (:em_type=-1) then em_type=null;
if (:filtervalue='') then filtervalue=null;
if (:orgcode is not null) then
begin
    if (:em_type is not null) then
    begin
        if (:filtervalue is not null) then
            select Sum(wl.tarif_sum) total from worklist_consolidate(:CBegWorkDate, :CEndWorkDate) wl where wl.rec_type=12 and wl.DEP_CODE=:OrgCode and wl.empl_type=:Em_Type and upper(wl.full_name) like Upper(:filtervalue) into :total;
        else
            select Sum(wl.tarif_sum) total from worklist_consolidate(:CBegWorkDate, :CEndWorkDate) wl where wl.rec_type=12 and wl.DEP_CODE=:OrgCode and wl.empl_type=:Em_Type into :total;
    end
    else
        if (:filtervalue is not null) then
        select Sum(wl.tarif_sum) total from worklist_consolidate(:CBegWorkDate, :CEndWorkDate) wl where wl.rec_type=12 and wl.DEP_CODE=:OrgCode and upper(wl.full_name) like Upper(:filtervalue) into :total;
        else
        select Sum(wl.tarif_sum) total from worklist_consolidate(:CBegWorkDate, :CEndWorkDate) wl where wl.rec_type=12 and wl.DEP_CODE=:OrgCode into :total;
end
else
begin
    if (:em_type is not null) then
    begin
        if (:filtervalue is not null) then
        select Sum(wl.tarif_sum) total from worklist_consolidate(:CBegWorkDate, :CEndWorkDate) wl where wl.rec_type=12 and wl.empl_type=:Em_Type and upper(wl.full_name) like Upper(:filtervalue) into :total;
        else
        select Sum(wl.tarif_sum) total from worklist_consolidate(:CBegWorkDate, :CEndWorkDate) wl where wl.rec_type=12 and wl.empl_type=:Em_Type into :total;
    end
    else
        if (:filtervalue is not null) then
        select Sum(wl.tarif_sum) total from worklist_consolidate(:CBegWorkDate, :CEndWorkDate) wl where wl.rec_type=12 and upper(wl.full_name) like Upper(:filtervalue) into :total;
        else
        select Sum(wl.tarif_sum) total from worklist_consolidate(:CBegWorkDate, :CEndWorkDate) wl where wl.rec_type=12 into :total;
end
  suspend;
end^


CREATE OR ALTER PROCEDURE COPY_ROLE (
    ROLEIDFROM INTEGER,
    ROLEIDTO INTEGER)
AS
begin
  insert into DCL_ROLESMENU(ROLEID, MENUITEMID)
  select :ROLEIDTO, MENUITEMID
  from DCL_ROLESMENU R
  where R.ROLEID = :ROLEIDFROM;
end^


CREATE OR ALTER PROCEDURE DAY_NUMB (
    ADATE DATE)
RETURNS (
    RESULT INTEGER)
AS
begin
Result=EXTRACT(YEARDAY FROM ADate)+1;
  suspend;
end^


CREATE OR ALTER PROCEDURE DAY_OF_WEEK (
    ADATE DATE)
RETURNS (
    RESULT INTEGER)
AS
DECLARE VARIABLE ELAPSED INTEGER;
BEGIN
  Elapsed=ADate-Cast('1.1.1996' as Date);
  if (Elapsed = 0) THEN
  Result = 0;
  ELSE
  Result = Elapsed-(CAST((Elapsed / 7)-0.5 AS INTEGER)*7);
suspend;
END^


CREATE OR ALTER PROCEDURE DAYS_OF_YEAR (
    ADATE DATE)
RETURNS (
    RESULT INTEGER)
AS
BEGIN
  IF ( 2 = EXTRACT(MONTH FROM (ADate - EXTRACT(YEARDAY FROM ADate) + 59)) ) THEN
    Result = 366;
  ELSE
    Result = 365;
suspend;
END^


CREATE OR ALTER PROCEDURE DECODE (
    IVALUE VARCHAR(20),
    CONDITION VARCHAR(20),
    CONDITION2 VARCHAR(20),
    RETURNV VARCHAR(20),
    ELSE_RETURN VARCHAR(20),
    DEFAULTV VARCHAR(20))
RETURNS (
    RESULT VARCHAR(20))
AS
begin
if (:ivalue=:condition) then
RESULT=:RETURNV;
else
    if (:ivalue=:CONDITION2) then
    RESULT=:else_return;
    else
    RESULT=:defaultv;
  suspend;
end^


CREATE OR ALTER PROCEDURE DEL_EMPL (
    EMPL_ID INTEGER)
AS
begin
update empl e set e.delflg=1 where e.emp_id=:empl_id;
end^


CREATE OR ALTER PROCEDURE DEL_EMPL_CASCADE (
    EMPL_ID INTEGER)
AS
begin
delete from works_list w where w.driver_id=:empl_id;
delete from empl e where e.emp_id=:empl_id;
update mashins m set m.driver_id=null where m.driver_id=:empl_id;
end^


CREATE OR ALTER PROCEDURE DEL_MASHINE (
    MASHINE_ID INTEGER)
AS
DECLARE VARIABLE TMP1 INTEGER;
begin
select count(*) from works_list wl where wl.mashine_id=:mashine_id into :tmp1;
if (:tmp1=0) then
Begin
delete from mashins m where m.car_id=:mashine_id;
end
Else
begin
exception DEPENDS_ELEMENTS;
End
end^


CREATE OR ALTER PROCEDURE DEL_ROLE_AND_MENU (
    ROLEID INTEGER)
AS
begin
  delete from DCL_ROLESMENU R
  where R.ROLEID = :ROLEID and
        R.ROLEID not in (select U1.DCL_ROLE
                         from DCL_USERS U1);
  delete from DCL_ROLES R
  where R.ROLESID = :ROLEID and
        R.ROLESID not in (select U1.DCL_ROLE
                          from DCL_USERS U1);
end^


CREATE OR ALTER PROCEDURE DEL_ROLE_MENU (
    ROLEID INTEGER)
AS
begin
    delete from DCL_rolesmenu r where r.roleid=:roleid and r.roleid not in (select u1.dcl_role from dcl_users u1);
end^


CREATE OR ALTER PROCEDURE DEL_WORK (
    WORK_ID INTEGER)
AS
DECLARE VARIABLE TMP1 INTEGER;
begin
select Count(*) from works_list wl where wl.wl_id=:work_id into :tmp1;
if (:tmp1<>0) then
Begin
    select wl.main_rec from works_list wl where wl.wl_id=:work_id into :tmp1;
    delete from works_list wl where wl.wl_id=:work_id;
        if (:tmp1 is not null) then
        Begin
            delete from works_list wl where wl.main_num=:tmp1;
        End
End
end^


CREATE OR ALTER PROCEDURE DISTANCE_OF_DATES (
    ADATE_BEG DATE,
    ADATE_END DATE)
RETURNS (
    RESULT INTEGER)
AS
begin
Result=ADATE_END-ADATE_BEG;
  suspend;
end^


CREATE OR ALTER PROCEDURE EXTRACT_MONTH (
    ADATE DATE)
RETURNS (
    MONTH_NUM INTEGER)
AS
begin
if (:adate is null) then adate='now';
month_num=extract(month from ADate);
  suspend;
end^


CREATE OR ALTER PROCEDURE EXTRACT_YEAR (
    ADATE DATE)
RETURNS (
    YEAR_NUM INTEGER)
AS
begin
if (:adate is null) then adate='now';
year_num=extract(year from ADate);
  suspend;
end^


CREATE OR ALTER PROCEDURE FIRST_DAY_OF_MONTH (
    ADATE DATE)
RETURNS (
    RESULT DATE)
AS
begin
if (:adate is null) then adate='now';
Result=ADate-EXTRACT(DAY FROM ADate) + 1;
  suspend;
end^


CREATE OR ALTER PROCEDURE FIRST_DAY_OF_NEXT_MONTH (
    ADATE DATE)
RETURNS (
    RESULT DATE)
AS
begin
Result=ADate-EXTRACT(DAY FROM ADate) + 32;
Result=Result-EXTRACT(DAY FROM Result) + 1;
  suspend;
end^


CREATE OR ALTER PROCEDURE LAST_DAY_OF_MONTH (
    ADATE DATE)
RETURNS (
    RESULT DATE)
AS
begin
if (:adate is null) then adate='now';
Result=ADate-EXTRACT(DAY FROM ADate) + 32;
Result=Result-EXTRACT(DAY FROM Result);
  suspend;
end^


CREATE OR ALTER PROCEDURE MONTH_LENGTH (
    ADATE DATE)
RETURNS (
    RESULT INTEGER)
AS
DECLARE VARIABLE TMP DATE;
BEGIN
    TMP = ADate - EXTRACT(DAY FROM ADate) + 32;
    Result  = EXTRACT(DAY FROM (TMP - EXTRACT(DAY FROM TMP)));
suspend;
END^


CREATE OR ALTER PROCEDURE MONTH_NUM (
    ADATE DATE)
RETURNS (
    MONTH_NUM INTEGER)
AS
begin
if (:adate is null) then adate='now';
month_num=extract(month from ADate);
  suspend;
end^


CREATE OR ALTER PROCEDURE REPLASE_EMPLOYER_ORG (
    EMP_ID INTEGER,
    NEW_ORG_CODE INTEGER)
AS
declare variable tmp1 integer;
declare variable full_name varchar(50) character set win1251;
declare variable class smallint;
declare variable salary numeric(9,2);
declare variable empl_type integer;
begin
select em.subdcode from empl em where em.emp_id=:emp_id into :tmp1;
if (:tmp1<>:new_org_code) then
Begin
select em.full_name, em.class, em.salary, em.empltype from empl em where em.emp_id=:emp_id into :full_name, :class, :salary, :empl_type;
update empl e set e.delflg=1 where e.emp_id=:emp_id;
insert into empl(subdcode, full_name, class,  Salary, EmplType) values(:new_org_code, :full_name, :class, :salary, :empl_type);
end
end^


CREATE OR ALTER PROCEDURE REPLASE_EMPLOYER_TYPE (
    EMP_ID INTEGER,
    NEW_TYPE_CODE INTEGER)
AS
declare variable tmp1 integer;
declare variable full_name varchar(50) character set win1251;
declare variable class smallint;
declare variable salary numeric(9,2);
declare variable empl_type integer;
declare variable subdcode integer;
begin
select em.empltype from empl em where em.emp_id=:emp_id into :tmp1;
if (:tmp1<>:new_type_code) then
Begin
select em.subdcode, em.full_name, em.class, em.salary from empl em where em.emp_id=:emp_id into :subdcode, :full_name, :class, :salary;
update empl e set e.delflg=1 where e.emp_id=:emp_id;
insert into empl(subdcode, full_name, class,  Salary, EmplType) values(:subdcode, :full_name, :class, :salary, :new_type_code);
end
end^


CREATE OR ALTER PROCEDURE REPORT_WITH_PARAMS (
    ORG INTEGER,
    EMPLID INTEGER,
    EM_TYPE INTEGER,
    BEG_DATE DATE,
    END_DATE DATE)
RETURNS (
    WORK_DATE DATE,
    DRIVER_ID INTEGER,
    MASHINE_ID INTEGER,
    TARIF_ID INTEGER,
    ADD_NAME VARCHAR(45),
    TARIF_RATE NUMERIC(9,2),
    MAIN_REC INTEGER,
    MAIN_NUM INTEGER,
    EMP_ID INTEGER,
    FULL_NAME VARCHAR(150),
    CLASS SMALLINT,
    CLASS_RATE SMALLINT,
    CLASS_SUM NUMERIC(9,2),
    SALARY NUMERIC(9,2),
    M_NAME VARCHAR(150),
    GOS_NOM VARCHAR(15),
    HOUR_TARIF_RATE NUMERIC(9,2),
    OBJ_ID INTEGER,
    O_NAME VARCHAR(150),
    TARIF_SUM NUMERIC(9,2),
    AD_RATE NUMERIC(9,2),
    CALC_TYPE VARCHAR(150),
    STENDBY_TIME NUMERIC(9,2),
    ORDER_F INTEGER,
    EMPL_TYPE INTEGER,
    EMPL_T_NAME VARCHAR(45),
    REC_TYPE SMALLINT,
    ADD2ALL_HOURS SMALLINT,
    ADD2ALL SMALLINT,
    DEPEND_ADD INTEGER,
    DEP_CODE INTEGER)
AS
begin
if (:org=-1) then org=null;
if (:emplid=-1) then emplid=null;
if (:em_type=-1) then em_type=null;
if (:org is not null) then
begin
    if (:emplid is not null) then
    begin
        if (:em_type is not null) then
        for select work_date, driver_id, mashine_id, tarif_id, add_name, tarif_rate, main_rec, main_num, emp_id, full_name, class, class_rate, class_sum, salary, m_name, gos_nom, hour_tarif_rate, obj_id, o_name, tarif_sum, ad_rate, calc_type, stendby_time, order_f, empl_type, empl_t_name, rec_type, add2all_hours, add2all, depend_add, dep_code from worklist_consolidate(:beg_date, :end_date) wl where wl.dep_code=:org and wl.driver_id=:emplid and wl.empl_type=:em_type into work_date, driver_id, mashine_id, tarif_id, add_name, tarif_rate, main_rec, main_num, emp_id, full_name, class, class_rate, class_sum, salary, m_name, gos_nom, hour_tarif_rate, obj_id, o_name, tarif_sum, ad_rate, calc_type, stendby_time, order_f, empl_type, empl_t_name, rec_type, add2all_hours, add2all, depend_add, dep_code do suspend;
        else
        for select work_date, driver_id, mashine_id, tarif_id, add_name, tarif_rate, main_rec, main_num, emp_id, full_name, class, class_rate, class_sum, salary, m_name, gos_nom, hour_tarif_rate, obj_id, o_name, tarif_sum, ad_rate, calc_type, stendby_time, order_f, empl_type, empl_t_name, rec_type, add2all_hours, add2all, depend_add, dep_code from worklist_consolidate(:beg_date, :end_date) wl where wl.dep_code=:org and wl.driver_id=:emplid into work_date, driver_id, mashine_id, tarif_id, add_name, tarif_rate, main_rec, main_num, emp_id, full_name, class, class_rate, class_sum, salary, m_name, gos_nom, hour_tarif_rate, obj_id, o_name, tarif_sum, ad_rate, calc_type, stendby_time, order_f, empl_type, empl_t_name, rec_type, add2all_hours, add2all, depend_add, dep_code do suspend;
    end
    else
    begin
        if (:em_type is not null) then
        for select work_date, driver_id, mashine_id, tarif_id, add_name, tarif_rate, main_rec, main_num, emp_id, full_name, class, class_rate, class_sum, salary, m_name, gos_nom, hour_tarif_rate, obj_id, o_name, tarif_sum, ad_rate, calc_type, stendby_time, order_f, empl_type, empl_t_name, rec_type, add2all_hours, add2all, depend_add, dep_code from worklist_consolidate(:beg_date, :end_date) wl where wl.dep_code=:org and wl.empl_type=:em_type into work_date, driver_id, mashine_id, tarif_id, add_name, tarif_rate, main_rec, main_num, emp_id, full_name, class, class_rate, class_sum, salary, m_name, gos_nom, hour_tarif_rate, obj_id, o_name, tarif_sum, ad_rate, calc_type, stendby_time, order_f, empl_type, empl_t_name, rec_type, add2all_hours, add2all, depend_add, dep_code do suspend;
        else
        for select work_date, driver_id, mashine_id, tarif_id, add_name, tarif_rate, main_rec, main_num, emp_id, full_name, class, class_rate, class_sum, salary, m_name, gos_nom, hour_tarif_rate, obj_id, o_name, tarif_sum, ad_rate, calc_type, stendby_time, order_f, empl_type, empl_t_name, rec_type, add2all_hours, add2all, depend_add, dep_code from worklist_consolidate(:beg_date, :end_date) wl where wl.dep_code=:org into work_date, driver_id, mashine_id, tarif_id, add_name, tarif_rate, main_rec, main_num, emp_id, full_name, class, class_rate, class_sum, salary, m_name, gos_nom, hour_tarif_rate, obj_id, o_name, tarif_sum, ad_rate, calc_type, stendby_time, order_f, empl_type, empl_t_name, rec_type, add2all_hours, add2all, depend_add, dep_code do suspend;
    end
end
else
begin
    if (:emplid is not null) then
    begin
        if (:empl_type is not null) then
        for select work_date, driver_id, mashine_id, tarif_id, add_name, tarif_rate, main_rec, main_num, emp_id, full_name, class, class_rate, class_sum, salary, m_name, gos_nom, hour_tarif_rate, obj_id, o_name, tarif_sum, ad_rate, calc_type, stendby_time, order_f, empl_type, empl_t_name, rec_type, add2all_hours, add2all, depend_add, dep_code from worklist_consolidate(:beg_date, :end_date) wl where wl.driver_id=:emplid and wl.empl_type=:em_type into work_date, driver_id, mashine_id, tarif_id, add_name, tarif_rate, main_rec, main_num, emp_id, full_name, class, class_rate, class_sum, salary, m_name, gos_nom, hour_tarif_rate, obj_id, o_name, tarif_sum, ad_rate, calc_type, stendby_time, order_f, empl_type, empl_t_name, rec_type, add2all_hours, add2all, depend_add, dep_code do suspend;
        else
        for select work_date, driver_id, mashine_id, tarif_id, add_name, tarif_rate, main_rec, main_num, emp_id, full_name, class, class_rate, class_sum, salary, m_name, gos_nom, hour_tarif_rate, obj_id, o_name, tarif_sum, ad_rate, calc_type, stendby_time, order_f, empl_type, empl_t_name, rec_type, add2all_hours, add2all, depend_add, dep_code from worklist_consolidate(:beg_date, :end_date) wl where wl.driver_id=:emplid into work_date, driver_id, mashine_id, tarif_id, add_name, tarif_rate, main_rec, main_num, emp_id, full_name, class, class_rate, class_sum, salary, m_name, gos_nom, hour_tarif_rate, obj_id, o_name, tarif_sum, ad_rate, calc_type, stendby_time, order_f, empl_type, empl_t_name, rec_type, add2all_hours, add2all, depend_add, dep_code do suspend;
    end
    else
    begin
        if (:em_type is not null) then
        for select work_date, driver_id, mashine_id, tarif_id, add_name, tarif_rate, main_rec, main_num, emp_id, full_name, class, class_rate, class_sum, salary, m_name, gos_nom, hour_tarif_rate, obj_id, o_name, tarif_sum, ad_rate, calc_type, stendby_time, order_f, empl_type, empl_t_name, rec_type, add2all_hours, add2all, depend_add, dep_code from worklist_consolidate(:beg_date, :end_date) wl where wl.empl_type=:em_type into work_date, driver_id, mashine_id, tarif_id, add_name, tarif_rate, main_rec, main_num, emp_id, full_name, class, class_rate, class_sum, salary, m_name, gos_nom, hour_tarif_rate, obj_id, o_name, tarif_sum, ad_rate, calc_type, stendby_time, order_f, empl_type, empl_t_name, rec_type, add2all_hours, add2all, depend_add, dep_code do suspend;
        else
        for select work_date, driver_id, mashine_id, tarif_id, add_name, tarif_rate, main_rec, main_num, emp_id, full_name, class, class_rate, class_sum, salary, m_name, gos_nom, hour_tarif_rate, obj_id, o_name, tarif_sum, ad_rate, calc_type, stendby_time, order_f, empl_type, empl_t_name, rec_type, add2all_hours, add2all, depend_add, dep_code from worklist_consolidate(:beg_date, :end_date) wl into work_date, driver_id, mashine_id, tarif_id, add_name, tarif_rate, main_rec, main_num, emp_id, full_name, class, class_rate, class_sum, salary, m_name, gos_nom, hour_tarif_rate, obj_id, o_name, tarif_sum, ad_rate, calc_type, stendby_time, order_f, empl_type, empl_t_name, rec_type, add2all_hours, add2all, depend_add, dep_code do suspend;
    end
end
end^


CREATE OR ALTER PROCEDURE ROLESMENU_IS_CORRECT
RETURNS (
    NUMSEQ INTEGER,
    DCLNAME CHAR(50),
    IDENT INTEGER,
    ROLE_ID INTEGER,
    ROLE_NAME VARCHAR(50))
AS
declare variable HEAD_EXISTS integer;
declare variable PARENT integer;
begin
  for select R.ROLESID, R.LONGROLENAME
      from DCL_ROLES R
      order by R.LONGROLENAME
      into :ROLE_ID, :ROLE_NAME
  do
    for select D.NUMSEQ, D.IDENT, D.PARENT
        from DCL_ROLESMENU RM, DCL_ROLES R, DCL_SCRIPTS D
        where R.ROLESID = RM.ROLEID and
              RM.MENUITEMID = D.NUMSEQ and
              R.ROLESID = :ROLE_ID
        into :NUMSEQ, :IDENT, :PARENT
    do
    begin
      select count(*)
      from DCL_ROLESMENU RM, DCL_ROLES R, DCL_SCRIPTS D
      where R.ROLESID = RM.ROLEID and
            RM.MENUITEMID = D.NUMSEQ and
            D.IDENT = :PARENT and
            R.ROLESID = :ROLE_ID
      into :HEAD_EXISTS;
      if (:HEAD_EXISTS = 0) then
      begin
        for select S.NUMSEQ, S.DCLNAME, S.IDENT
            from DCL_SCRIPTS S
            where S.IDENT = :PARENT
            into :NUMSEQ, :DCLNAME, :IDENT
        do
          suspend;
      end
    end
end^


CREATE OR ALTER PROCEDURE TARIFS_SEL (
    ACTUALY_DATE DATE)
RETURNS (
    TARIF_ID INTEGER,
    TARIF_NAME VARCHAR(50),
    TREF_SUM NUMERIC(9,2),
    TARIFGROUP SMALLINT,
    TARIF_BEG DATE,
    TARIF_END DATE,
    GRUP SMALLINT,
    M_NAME VARCHAR(50),
    GOS_NOM VARCHAR(50),
    DRIVER_ID INTEGER,
    DELFLGM SMALLINT,
    HTARIF INTEGER,
    CAR_ID INTEGER)
AS
declare variable tmp1 integer;
begin
if (:actualy_date is null) then actualy_date='now';
  for select CAR_ID, M_NAME, GOS_NOM, DRIVER_ID, DELFLGM, HTARIF, TARIF_ID, TARIF_NAME, TREF_SUM, TARIFGROUP, TARIF_BEG, TARIF_END, GRUP from mashins m, tarifs t where m.htarif=t.tarif_id into :CAR_ID, :M_NAME, :GOS_NOM, :DRIVER_ID, :DELFLGM, :HTARIF, :TARIF_ID, :TARIF_NAME, :TREF_SUM, :TARIFGROUP, :TARIF_BEG, :TARIF_END, :GRUP do
  begin
  tmp1=0;
    for select tarif_id, tarif_name, tref_sum, tarifgroup, tarif_beg, tarif_end, grup from tarifs t where t.tarifgroup=:tarifgroup and t.grup=:grup into :tarif_id, :tarif_name, :tref_sum, :tarifgroup, :tarif_beg, :tarif_end, :grup do
      begin
        if (tarif_beg<=:actualy_date and tarif_end>=:actualy_date) then
        begin
            select t.tarif_id, t.tarif_name, t.tref_sum, t.tarifgroup, t.tarif_beg, t.tarif_end, t.grup from tarifs t where t.tarif_beg>=:actualy_date and t.tarif_end<=:actualy_date and t.tarifgroup=:tarifgroup and t.grup=:grup into :tarif_id, :tarif_name, :tref_sum, :tarifgroup, :tarif_beg, :tarif_end, :grup;
            suspend;
            tmp1=1;
        end
      end
        if (tmp1=0) then
        begin
            select CAR_ID, M_NAME, GOS_NOM, DRIVER_ID, DELFLGM, HTARIF, TARIF_ID, TARIF_NAME, TREF_SUM, TARIFGROUP, TARIF_BEG, TARIF_END, GRUP from mashins m, tarifs t where m.htarif=t.tarif_id and m.car_id=:car_id and t.tarif_id=:tarif_id into :CAR_ID, :M_NAME, :GOS_NOM, :DRIVER_ID, :DELFLGM, :HTARIF, :TARIF_ID, :TARIF_NAME, :TREF_SUM, :TARIFGROUP, :TARIF_BEG, :TARIF_END, :GRUP;
            suspend;
        end
  end
end^


CREATE OR ALTER PROCEDURE UNCORRECTLY_TARIFS
RETURNS (
    TARIF_ID INTEGER,
    TARIF_NAME VARCHAR(50),
    TARIF_SUM NUMERIC(9,2),
    TARIFGROUP INTEGER,
    TARIF_BEG DATE,
    TARIF_END DATE,
    GRUP INTEGER,
    KONFLICT VARCHAR(50),
    TARIF_BEG_DATE DATE,
    TARIF_END_DATE DATE)
AS
declare variable tarif_grup integer;
declare variable tar_t integer;
declare variable tarif_id_tmp integer;
begin
for select distinct t.tarifgroup from tarifs t into :tar_t do
begin
    for select distinct t.grup from tarifs t where t.tarifgroup=:tar_t into :tarif_grup do
    begin
        for select t.tarif_id, t.tarif_beg, t.tarif_end from tarifs t where t.grup=:tarif_grup and t.tarifgroup=:tar_t into :tarif_id_tmp, :tarif_beg_date, :tarif_end_date do
        begin
            for select 'Вхождения в дату начала' KONFLICT, t.tarif_id, t.tarif_name, t.tref_sum, t.tarifgroup, t.tarif_beg, t.tarif_end, t.grup from tarifs t where t.grup=:tarif_grup and t.tarifgroup=:tar_t and t.tarif_beg<=:tarif_beg_date and t.tarif_end>=:tarif_beg_date into KONFLICT, tarif_id, tarif_name, tarif_sum, tarifgroup, tarif_beg, tarif_end, grup do
            begin
                if (:tarif_id<>:tarif_id_tmp) then suspend;
            end
            for select 'Вхождения в дату конца' KONFLICT, t.tarif_id, t.tarif_name, t.tref_sum, t.tarifgroup, t.tarif_beg, t.tarif_end, t.grup from tarifs t where t.grup=:tarif_grup and t.tarifgroup=:tar_t and t.tarif_beg<=:tarif_end_date and t.tarif_end>=:tarif_end_date into KONFLICT, tarif_id, tarif_name, tarif_sum, tarifgroup, tarif_beg, tarif_end, grup do
            begin
                if (:tarif_id<>:tarif_id_tmp) then suspend;
            end
        end
    end
end
end^


CREATE OR ALTER PROCEDURE WEEK_NUMBER (
    ADATE DATE)
RETURNS (
    RESULT INTEGER)
AS
DECLARE VARIABLE W INTEGER; /* week number */
DECLARE VARIABLE Y INTEGER; /* year the week belongs to */
BEGIN
  Result = ((EXTRACT(YEARDAY FROM ADate) - EXTRACT(WEEKDAY FROM ADate-1) + 7) / 7e0)+1;
  SUSPEND;
END^


CREATE OR ALTER PROCEDURE WORKLIST_CONSOLIDATE (
    BEG_DATE DATE,
    END_DATE DATE)
RETURNS (
    WL_ID INTEGER,
    WORK_DATE DATE,
    DRIVER_ID INTEGER,
    MASHINE_ID INTEGER,
    TARIF_ID INTEGER,
    ADD_NAME VARCHAR(45),
    TARIF_RATE NUMERIC(9,2),
    MAIN_REC INTEGER,
    MAIN_NUM INTEGER,
    EMP_ID INTEGER,
    FULL_NAME VARCHAR(150),
    CLASS SMALLINT,
    CLASS_RATE SMALLINT,
    CLASS_SUM NUMERIC(9,2),
    SALARY NUMERIC(9,2),
    M_NAME VARCHAR(150),
    GOS_NOM VARCHAR(15),
    HOUR_TARIF_RATE NUMERIC(9,2),
    OBJ_ID INTEGER,
    O_NAME VARCHAR(150),
    TARIF_SUM NUMERIC(9,2),
    AD_RATE NUMERIC(9,2),
    CALC_TYPE VARCHAR(150),
    STENDBY_TIME NUMERIC(9,2),
    ORDER_F INTEGER,
    EMPL_TYPE INTEGER,
    EMPL_T_NAME VARCHAR(45),
    REC_TYPE SMALLINT,
    ADD2ALL_HOURS SMALLINT,
    ADD2ALL SMALLINT,
    DEPEND_ADD INTEGER,
    DEP_CODE INTEGER)
AS
declare variable TMP1 numeric(9,2);
declare variable TMP_HTR numeric(9,2);
declare variable MAINSUM numeric(9,2);
declare variable HTR numeric(9,2);
declare variable DRIVER_ID_NAME integer;
declare variable TOTALL_SUM numeric(9,2);
declare variable TOTALL_SUM2 numeric(9,2);
declare variable TMP_O_NAME varchar(150);
declare variable TMP_O_ID integer;
declare variable NO_CLASS smallint;
declare variable ALL_HOURS numeric(9,2);
declare variable ADD2FRV smallint;
declare variable MASTER smallint;
declare variable SLAVE smallint;
declare variable MASTER_SUM numeric(9,2);
declare variable TMP_MAINSUM numeric(9,2);
declare variable TMP2_HTR numeric(9,2);
declare variable TMP_SBT numeric(9,2);
declare variable ADDON_SUM numeric(9,2);
declare variable WORKTIME numeric(9,2);
declare variable ADDONSUM2 numeric(9,2);
declare variable ALL_HOURS2 numeric(9,2);
declare variable TARIFA_GRUPA integer;
declare variable TARIF_GROUP integer;
declare variable HTR_ID integer;
begin
  if (:BEG_DATE is null) then
    BEG_DATE = 'NOW';
  if (:END_DATE is null) then
    END_DATE = 'NOW';
  ORDER_F = 0;
  for select distinct WL.DRIVER_ID
      from WORKS_LIST WL, EMPL E
      where WL.DRIVER_ID = E.EMP_ID and
            WL.WORK_DATE between :BEG_DATE and :END_DATE
      order by E.FULL_NAME
      into :DRIVER_ID_NAME
  do
  begin
    TOTALL_SUM = 0;
    ALL_HOURS = 0;
    TOTALL_SUM2 = 0;
    ADDONSUM2 = 0;
    ALL_HOURS2 = 0;
    for select M.HTARIF, EMT.NO_CLASS, WL.WL_ID, WL.WORK_DATE, WL.DRIVER_ID, WL.MASHINE_ID, WL.TARIF_ID, WL.TARIF_RATE,
               AD.RATE, WL.MAIN_REC, WL.MAIN_NUM, E.EMP_ID, E.FULL_NAME, E.CLASS, E.SALARY, M.M_NAME, M.GOS_NOM,
               T.TREF_SUM, O.OBJ_ID, O.O_NAME, E.EMPLTYPE, EMT.TYPE_NAME, E.SUBDCODE
        from WORKS_LIST WL, MASHINS M, EMPL E, ADDONS_REF AD, OBJECTS O, TARIFS T, EMPL_TYPES EMT
        where WL.DRIVER_ID = :DRIVER_ID_NAME and
              E.EMPLTYPE = EMT.TYPE_ID and
              M.HTARIF = T.TARIF_ID and
              WL.MASHINE_ID = M.CAR_ID and
              WL.DRIVER_ID = E.EMP_ID and
              WL.TARIF_ID = AD.AD_ID and
              WL.OBJECT_ID = O.OBJ_ID and
              WL.WORK_DATE between :BEG_DATE and :END_DATE and
              WL.MAIN_REC is not null
        order by E.FULL_NAME, WL.WORK_DATE
        into :HTR_ID, :NO_CLASS, :WL_ID, :WORK_DATE, :DRIVER_ID, :MASHINE_ID, :TARIF_ID, :TARIF_RATE, :AD_RATE,
             :MAIN_REC, :MAIN_NUM, :EMP_ID, :FULL_NAME, :CLASS, :SALARY, :M_NAME, :GOS_NOM, :HOUR_TARIF_RATE, :OBJ_ID,
             :O_NAME, :EMPL_TYPE, :EMPL_T_NAME, :DEP_CODE
    do
    begin
      REC_TYPE = 1;
      ALL_HOURS = 0;
      ORDER_F = ORDER_F + 1;
      /*htr=:hour_tarif_rate;*/
      if (:SALARY is not null) then
      begin
        if (:SALARY <> 0) then
        begin
          TARIF_SUM = :SALARY;
          TMP1 = :TARIF_SUM;
          MAINSUM = :SALARY;
          ADD_NAME = 'Фикс. оклад';
          CALC_TYPE = 'Фикс. оклад';
          HTR = :SALARY;
        end
      end
      else
      begin
        if (:NO_CLASS = 1) then
          CLASS = null;
        select T.TARIFGROUP, T.GRUP
        from TARIFS T
        where T.TARIF_ID = :HTR_ID
        into :TARIFA_GRUPA, :TARIF_GROUP;
        select T.TREF_SUM
        from TARIFS T
        where T.TARIFGROUP = :TARIFA_GRUPA and
              T.GRUP = :TARIF_GROUP and
              T.TARIF_BEG <= :WORK_DATE and
              T.TARIF_END >= :WORK_DATE
        into :HOUR_TARIF_RATE;

        TARIF_SUM = :HOUR_TARIF_RATE * :TARIF_RATE;
        CLASS_RATE = cast(case :CLASS
                            when 1 then 25
                            when 2 then 10
                            else 0
                          end as smallint);
        CLASS_SUM = (:HOUR_TARIF_RATE * :TARIF_RATE * cast(case :CLASS
                                                             when 1 then 0.25
                                                             when 2 then 0.10
                                                             else 0
                                                           end as numeric(9,2)));
        MAINSUM = :TARIF_SUM;
        TMP1 = :TARIF_SUM + CLASS_SUM;
        ADD_NAME = 'ФРВ';
        CALC_TYPE = 'ФРВ';
        STENDBY_TIME = TARIF_RATE;
        TARIF_RATE = null;
      end
      ALL_HOURS = ALL_HOURS + STENDBY_TIME;
      suspend;
      ADDON_SUM = 0;
      WORKTIME = STENDBY_TIME;
      for select M.HTARIF, AD.MASTER, AD.SLAVE, AD.ADD2FRV, WL.WL_ID, WL.WORK_DATE, WL.DRIVER_ID, WL.MASHINE_ID,
                 WL.TARIF_ID, AD.ADD_NAME, WL.TARIF_RATE, AD.RATE, WL.MAIN_REC, WL.MAIN_NUM, E.EMP_ID, E.FULL_NAME,
                 M.M_NAME, M.GOS_NOM, T.TREF_SUM, O.OBJ_ID, O.O_NAME, WL.STENDBY_TIME, E.EMPLTYPE, EMT.TYPE_NAME,
                 EMT.ADD2ALL_HOURS, AD.ADD2ALL, E.SUBDCODE
          from WORKS_LIST WL, MASHINS M, EMPL E, ADDONS_REF AD, OBJECTS O, TARIFS T, EMPL_TYPES EMT
          where WL.DRIVER_ID = :DRIVER_ID_NAME and
                E.EMPLTYPE = EMT.TYPE_ID and
                M.HTARIF = T.TARIF_ID and
                WL.MASHINE_ID = M.CAR_ID and
                WL.DRIVER_ID = E.EMP_ID and
                WL.TARIF_ID = AD.AD_ID and
                WL.OBJECT_ID = O.OBJ_ID and
                WL.WORK_DATE between :BEG_DATE and :END_DATE and
                WL.MAIN_NUM = :MAIN_REC and
                WL.DRIVER_ID = :DRIVER_ID and
                WL.WORK_DATE = :WORK_DATE and
                WL.MASHINE_ID = :MASHINE_ID
          order by E.FULL_NAME, WL.WORK_DATE, AD.MASTER, AD.SLAVE
          into :HTR_ID, :MASTER, :SLAVE, :ADD2FRV, :WL_ID, :WORK_DATE, :DRIVER_ID, :MASHINE_ID, :TARIF_ID, :ADD_NAME,
               :TARIF_RATE, :AD_RATE, :MAIN_REC, :MAIN_NUM, :EMP_ID, :FULL_NAME, :M_NAME, :GOS_NOM, :HOUR_TARIF_RATE,
               :OBJ_ID, :O_NAME, :STENDBY_TIME, :EMPL_TYPE, :EMPL_T_NAME, :ADD2ALL_HOURS, :ADD2ALL, :DEP_CODE
      do
      begin
        select T.TARIFGROUP, T.GRUP
        from TARIFS T
        where T.TARIF_ID = :HTR_ID
        into :TARIFA_GRUPA, :TARIF_GROUP;
        select T.TREF_SUM
        from TARIFS T
        where T.TARIFGROUP = :TARIFA_GRUPA and
              T.GRUP = :TARIF_GROUP and
              T.TARIF_BEG <= :WORK_DATE and
              T.TARIF_END >= :WORK_DATE
        into :HOUR_TARIF_RATE;

        ORDER_F = ORDER_F + 1;
        HTR = :HOUR_TARIF_RATE;
        CALC_TYPE = 'Надбавка:' || :ADD_NAME;
        TMP_HTR = HOUR_TARIF_RATE;
        HOUR_TARIF_RATE = null;
        if (:AD_RATE = 0) then
          AD_RATE = :TARIF_RATE;
        else
          TARIF_RATE = :AD_RATE;

        REC_TYPE = 2;

        if (:ADD2ALL_HOURS = 1) then
        begin
          /*РњРµС…Р°РЅРёР·Р°С‚РѕСЂС‹*/
          if (:TARIF_SUM = 0) then
          begin
            MAINSUM = (TMP_HTR * STENDBY_TIME) + CLASS_SUM;
          end

          if (:STENDBY_TIME is null) then
            ADD2FRV = 1;
          if (:STENDBY_TIME = 0) then
            ADD2FRV = 1;

          if (:ADD2FRV = 1) then
          begin
            ALL_HOURS = ALL_HOURS + STENDBY_TIME;
            HOUR_TARIF_RATE = (TMP_HTR * AD_RATE) / 100;
          end

          TARIF_SUM = (:HTR * :AD_RATE * :STENDBY_TIME) / 100;
        end
        else
        begin
          /*Водители*/

          /*    if (:slave=1) then
    Begin
    tmp_mainsum=mainsum;
    tmp_sbt=stendby_time;
    stendby_time=master_sum;
    end*/
          WORKTIME = 0;
          if (ADD2FRV = 1) then
          begin
            ALL_HOURS = ALL_HOURS + STENDBY_TIME;
            TARIF_SUM = (:HTR * :AD_RATE * (:STENDBY_TIME + WORKTIME)) / 100;
            HOUR_TARIF_RATE = (TMP_HTR * AD_RATE) / 100;
          end
          else
          begin
            WORKTIME = 0;
            TARIF_SUM = (:HTR * :AD_RATE * :STENDBY_TIME) / 100;
          end

          /*    if (:master=1) then
    begin
        master_sum=tarif_sum;
        hour_tarif_rate=(tmp_htr*ad_rate)/100;
    end
    else
        hour_tarif_rate=null;
    if (slave=1) then
    begin
        mainsum=tmp_mainsum;
        HTR=tmp2_htr;
        stendby_time=tmp_sbt;
        hour_tarif_rate=null;
    end*/
          CLASS = null;
          CLASS_RATE = null;
          CLASS_SUM = null;
        end
        TMP1 = TMP1 + TARIF_SUM;
        CLASS = null;
        CLASS_RATE = null;
        CLASS_SUM = null;
        suspend;
        ADDON_SUM = ADDON_SUM + TARIF_SUM;
      end
      ADDONSUM2 = ADDONSUM2 + ADDON_SUM;
      TARIF_SUM = :TMP1;
      TOTALL_SUM = TOTALL_SUM + :TMP1;
      CALC_TYPE = 'Итог: ' || FULL_NAME;
      CLASS_RATE = null;
      CLASS_SUM = null;
      TARIF_ID = null;
      CLASS = null;
      CLASS_RATE = null;
      CLASS_SUM = null;
      MAIN_NUM = null;
      MAIN_REC = null;
      REC_TYPE = 9;
      TARIF_RATE = null;
      HOUR_TARIF_RATE = null;
      ADD_NAME = null;
      AD_RATE = null;
      WL_ID = null;
      STENDBY_TIME = ALL_HOURS;
      ALL_HOURS2 = ALL_HOURS2 + ALL_HOURS;
      ORDER_F = ORDER_F + 1;
      suspend;
    end
    ORDER_F = ORDER_F + 1;
    WORK_DATE = null;
    TARIF_SUM = ADDONSUM2;
    CALC_TYPE = 'Сумма надбавок: ' || FULL_NAME;
    OBJ_ID = null;
    O_NAME = null;
    GOS_NOM = null;
    M_NAME = null;
    MASHINE_ID = null;
    CLASS_RATE = null;
    CLASS_SUM = null;
    TARIF_ID = null;
    CLASS = null;
    CLASS_RATE = null;
    CLASS_SUM = null;
    MAIN_NUM = null;
    MAIN_REC = null;
    REC_TYPE = 11;
    TARIF_RATE = null;
    HOUR_TARIF_RATE = null;
    ADD_NAME = null;
    AD_RATE = null;
    WL_ID = null;
    STENDBY_TIME = null;
    suspend;

    REC_TYPE = 12;
    WORK_DATE = null;
    CALC_TYPE = 'Итог Общий : ' || :FULL_NAME;
    TARIF_ID = null;
    TARIF_RATE = null;
    M_NAME = null;
    MASHINE_ID = null;
    O_NAME = TMP_O_NAME;
    OBJ_ID = TMP_O_ID;
    GOS_NOM = null;
    HOUR_TARIF_RATE = null;
    ADD_NAME = null;
    AD_RATE = null;
    MAIN_REC = null;
    MAIN_NUM = null;
    WL_ID = null;
    STENDBY_TIME = ALL_HOURS2;
    TARIF_SUM = :TOTALL_SUM;
    ORDER_F = ORDER_F + 1;
    suspend;
  end
end^


SET TERM ; ^

/******************************************************************************/
/***                              Descriptions                              ***/
/******************************************************************************/

COMMENT ON TABLE ACTIVE_USERS IS
'Активные пользователи';

COMMENT ON TABLE ADDONS_REF IS
'Надбавки';

COMMENT ON TABLE DCL_GLOBAL_PARAMS IS
'Параметры запуска системы';

COMMENT ON TABLE DCL_ROLESMENU IS
'Меню ролей';

COMMENT ON TABLE DCL_SCRIPTS IS
'Скрипты';

COMMENT ON TABLE DEPS IS
'Подразделения';

COMMENT ON TABLE EMPL IS
'Сотрудники';

COMMENT ON TABLE GLOBAL_PARAMS IS
'Глобальные параметры';

COMMENT ON TABLE MASHINS IS
'Машины и механизмы';

COMMENT ON TABLE OBJECTS IS
'Объекты';

COMMENT ON TABLE TARIFS IS
'Тарифы';

COMMENT ON TABLE WORKS_LIST IS
'Лист работ';


/******************************************************************************/
/***                              Descriptions                              ***/
/******************************************************************************/

COMMENT ON PROCEDURE UNCORRECTLY_TARIFS IS
'Некорректные тарифы';

COMMENT ON PROCEDURE WORKLIST_CONSOLIDATE IS
'Расчёт ЗП';

/******************************************************************************/
/***                          Fields descriptions                           ***/
/******************************************************************************/

COMMENT ON COLUMN ACTIVE_USERS.UID IS
'Ид. пользователя';

COMMENT ON COLUMN ACTIVE_USERS.USER_NAME IS
'Роль';

COMMENT ON COLUMN ACTIVE_USERS.ATIME IS
'Время';

COMMENT ON COLUMN ACTIVE_USERS.ACTION_TYPE IS
'Действие';

COMMENT ON COLUMN ADDONS_REF.AD_ID IS
'Код';

COMMENT ON COLUMN ADDONS_REF.ADD_NAME IS
'Надбавка';

COMMENT ON COLUMN ADDONS_REF.ADD_SUM IS
'Сумма';

COMMENT ON COLUMN ADDONS_REF.RATE IS
'Соотношение';

COMMENT ON COLUMN ADDONS_REF.ADD2ALL IS
'Надбавка на всё';

COMMENT ON COLUMN ADDONS_REF.ADD2FRV IS
'Прибавлять к ФРВ';

COMMENT ON COLUMN ADDONS_REF.MASTER IS
'Главная';

COMMENT ON COLUMN ADDONS_REF.SLAVE IS
'Подчинённая';

COMMENT ON COLUMN DCL_ROLESMENU.ROLEID IS
'ID роли';

COMMENT ON COLUMN DCL_ROLESMENU.MENUITEMID IS
'ID элемента меню к роли';

COMMENT ON COLUMN DEPS.DEP_ID IS
'Код';

COMMENT ON COLUMN DEPS.DEP_NAME IS
'Подразделение';

COMMENT ON COLUMN EMPL.EMP_ID IS
'Код';

COMMENT ON COLUMN EMPL.FULL_NAME IS
'ФИО';

COMMENT ON COLUMN EMPL.SUBDCODE IS
'Код подразделения';

COMMENT ON COLUMN EMPL.DELFLG IS
'Удалён';

COMMENT ON COLUMN EMPL.CLASS IS
'Классность';

COMMENT ON COLUMN EMPL.SALARY IS
'Зарплата';

COMMENT ON COLUMN EMPL.EMPLTYPE IS
'Категория';

COMMENT ON COLUMN GLOBAL_PARAMS.PARAM_ID IS
'Код';

COMMENT ON COLUMN GLOBAL_PARAMS.PARAMCAPTION IS
'Заголов. параметра';

COMMENT ON COLUMN GLOBAL_PARAMS.PARAMNAME IS
'Имя параметра';

COMMENT ON COLUMN GLOBAL_PARAMS.PARAMVALUE IS
'Значение';

COMMENT ON COLUMN MASHINS.CAR_ID IS
'Код';

COMMENT ON COLUMN MASHINS.M_NAME IS
'Автотрнспрт. средство';

COMMENT ON COLUMN MASHINS.GOS_NOM IS
'Гос номер';

COMMENT ON COLUMN MASHINS.DRIVER_ID IS
'Код водителя';

COMMENT ON COLUMN MASHINS.DELFLGM IS
'Удалён';

COMMENT ON COLUMN MASHINS.HTARIF IS
'Тарифная ставка';

COMMENT ON COLUMN OBJECTS.OBJ_ID IS
'Код';

COMMENT ON COLUMN OBJECTS.O_NAME IS
'Объект';

COMMENT ON COLUMN TARIFS.TARIF_ID IS
'Код';

COMMENT ON COLUMN TARIFS.TARIF_NAME IS
'Тариф';

COMMENT ON COLUMN TARIFS.TREF_SUM IS
'Сумма тарифа';

COMMENT ON COLUMN TARIFS.TARIFGROUP IS
'Тарифная группа';

COMMENT ON COLUMN TARIFS.TARIF_BEG IS
'Дата начала';

COMMENT ON COLUMN TARIFS.TARIF_END IS
'Дата конца';

COMMENT ON COLUMN TARIFS.GRUP IS
'Группа';

COMMENT ON COLUMN WORKS_LIST.WL_ID IS
'Код';

COMMENT ON COLUMN WORKS_LIST.WORK_DATE IS
'Рабочая дата';

COMMENT ON COLUMN WORKS_LIST.MASHINE_ID IS
'Код машины';

COMMENT ON COLUMN WORKS_LIST.DRIVER_ID IS
'Код водителя';

COMMENT ON COLUMN WORKS_LIST.TARIF_ID IS
'Код тарифа';

COMMENT ON COLUMN WORKS_LIST.OBJECT_ID IS
'Код объекта';

COMMENT ON COLUMN WORKS_LIST.MAIN_REC IS
'Главная';

COMMENT ON COLUMN WORKS_LIST.MAIN_NUM IS
'Подчинённая';

COMMENT ON COLUMN WORKS_LIST.TARIF_RATE IS
'Проц ставка';

COMMENT ON COLUMN WORKS_LIST.STENDBY_TIME IS
'Часы';

COMMENT ON COLUMN WORKS_LIST.EMPL_ID IS
'Сотрудник';

/******************************************************************************/
/***                        Parameters descriptions                         ***/
/******************************************************************************/

COMMENT ON PARAMETER ADD_WORK.DRIVER_ID IS 
'код водителя';

COMMENT ON PARAMETER ADD_WORK.EMPL_ID IS 
'Код роли';

COMMENT ON PARAMETER ADD_WORK.MASHINE_ID IS 
'Код машины';

COMMENT ON PARAMETER ADD_WORK.OBJECT_ID IS 
'Код объекта';

COMMENT ON PARAMETER ADD_WORK.STENDBY_TIME IS 
'Часы';

COMMENT ON PARAMETER ADD_WORK.TARIF_ID IS 
'Код тарифа';

COMMENT ON PARAMETER ADD_WORK.TARIF_RATE IS 
'Соотношение';

COMMENT ON PARAMETER ADD_WORK.WORK_DATE IS 
'Рабочая дата';

COMMENT ON PARAMETER UNCORRECTLY_TARIFS.GRUP IS 
'Группа';

COMMENT ON PARAMETER UNCORRECTLY_TARIFS.KONFLICT IS 
'Причина';

COMMENT ON PARAMETER UNCORRECTLY_TARIFS.TARIFGROUP IS 
'Тарифная группа';

COMMENT ON PARAMETER UNCORRECTLY_TARIFS.TARIF_BEG IS 
'Дата начала';

COMMENT ON PARAMETER UNCORRECTLY_TARIFS.TARIF_END IS 
'Дата конца';

COMMENT ON PARAMETER UNCORRECTLY_TARIFS.TARIF_ID IS 
'Код тарифа';

COMMENT ON PARAMETER UNCORRECTLY_TARIFS.TARIF_NAME IS 
'Тариф';

COMMENT ON PARAMETER UNCORRECTLY_TARIFS.TARIF_SUM IS 
'Сумма';

COMMENT ON PARAMETER WORKLIST_CONSOLIDATE.ADD2ALL IS 
'Надбавка на всё';

COMMENT ON PARAMETER WORKLIST_CONSOLIDATE.ADD2ALL_HOURS IS 
'Прибавлять ко всему времени';

COMMENT ON PARAMETER WORKLIST_CONSOLIDATE.ADD_NAME IS 
'Надбавка';

COMMENT ON PARAMETER WORKLIST_CONSOLIDATE.AD_RATE IS 
'Соотношение';

COMMENT ON PARAMETER WORKLIST_CONSOLIDATE.BEG_DATE IS 
'Дата начала';

COMMENT ON PARAMETER WORKLIST_CONSOLIDATE.CALC_TYPE IS 
'Начисление';

COMMENT ON PARAMETER WORKLIST_CONSOLIDATE.CLASS IS 
'Классность';

COMMENT ON PARAMETER WORKLIST_CONSOLIDATE.CLASS_RATE IS 
'Класс проц.';

COMMENT ON PARAMETER WORKLIST_CONSOLIDATE.CLASS_SUM IS 
'Класс сумма';

COMMENT ON PARAMETER WORKLIST_CONSOLIDATE.DEP_CODE IS 
'Код подразделения';

COMMENT ON PARAMETER WORKLIST_CONSOLIDATE.DRIVER_ID IS 
'Код водителя';

COMMENT ON PARAMETER WORKLIST_CONSOLIDATE.EMPL_TYPE IS 
'Код категории';

COMMENT ON PARAMETER WORKLIST_CONSOLIDATE.EMPL_T_NAME IS 
'Категория';

COMMENT ON PARAMETER WORKLIST_CONSOLIDATE.EMP_ID IS 
'Код водителя';

COMMENT ON PARAMETER WORKLIST_CONSOLIDATE.END_DATE IS 
'Дата конца';

COMMENT ON PARAMETER WORKLIST_CONSOLIDATE.FULL_NAME IS 
'ФИО';

COMMENT ON PARAMETER WORKLIST_CONSOLIDATE.GOS_NOM IS 
'Гос номер';

COMMENT ON PARAMETER WORKLIST_CONSOLIDATE.HOUR_TARIF_RATE IS 
'Почасовая ставка';

COMMENT ON PARAMETER WORKLIST_CONSOLIDATE.MAIN_NUM IS 
'Подчинённая';

COMMENT ON PARAMETER WORKLIST_CONSOLIDATE.MAIN_REC IS 
'Главноя';

COMMENT ON PARAMETER WORKLIST_CONSOLIDATE.MASHINE_ID IS 
'Код машины';

COMMENT ON PARAMETER WORKLIST_CONSOLIDATE.M_NAME IS 
'Трнспрт средство';

COMMENT ON PARAMETER WORKLIST_CONSOLIDATE.OBJ_ID IS 
'Код объекта';

COMMENT ON PARAMETER WORKLIST_CONSOLIDATE.ORDER_F IS 
'№ строки';

COMMENT ON PARAMETER WORKLIST_CONSOLIDATE.O_NAME IS 
'Объект';

COMMENT ON PARAMETER WORKLIST_CONSOLIDATE.REC_TYPE IS 
'Тип записи';

COMMENT ON PARAMETER WORKLIST_CONSOLIDATE.SALARY IS 
'Зарплата';

COMMENT ON PARAMETER WORKLIST_CONSOLIDATE.STENDBY_TIME IS 
'Часы';

COMMENT ON PARAMETER WORKLIST_CONSOLIDATE.TARIF_ID IS 
'Код тарифа';

COMMENT ON PARAMETER WORKLIST_CONSOLIDATE.TARIF_RATE IS 
'Соотношение';

COMMENT ON PARAMETER WORKLIST_CONSOLIDATE.TARIF_SUM IS 
'Сумма';

COMMENT ON PARAMETER WORKLIST_CONSOLIDATE.WL_ID IS 
'Код';

COMMENT ON PARAMETER WORKLIST_CONSOLIDATE.WORK_DATE IS 
'Рабочая дата';

